t,vEgo,aEgo,roll,rollLateralAcceleration,targetLateralAcceleration,currentLateralAcceleration,steerCommand,u
20,33.6662993138583,-0.1427389358746498,0.0379484200761454,0.3721846564960506,1.0737234709618368,1.0737234709618368,0.3224416333145364,0.4676925429771908
21,33.6629245725833,-0.0952381240838884,0.0390740330574359,0.383218731801151,1.0527911761675326,1.0527911761675326,0.3037519433958606,0.4463816295775877
22,33.65764991040884,-0.0661868093852008,0.0401996460387263,0.39425232156641193,1.0243747365375606,1.0243747365375606,0.1855302560225258,0.42008160998076577
23,33.662165243010804,0.0011238148488627,0.0399067752820611,0.3913815637145757,0.7800144861106189,0.7800144861106189,0.1823100915216171,0.2590886149306954
24,33.67285350424658,0.0658829392096585,0.0395470972251954,0.3878559059749088,0.7701471502025644,0.7701471502025644,0.1788544009828539,0.25486082948510375
25,33.67554090121588,0.0439748482833553,0.0392843499435662,0.3852803571308656,0.7606936247013875,0.7606936247013875,0.1829872511575265,0.25027551171368123
26,33.67382149315373,0.0294165545009753,0.0391475868832913,0.3839397430315598,0.7675926000293568,0.7675926000293568,0.1849436047777162,0.25576857133186465
27,33.669148863392884,-0.0181656245146981,0.0390108238230165,0.3825991217509945,0.7701212729106445,0.7701212729106445,0.1862974566353196,0.2583481007731
28,33.66716762759941,-0.0174871773015694,0.0390769178564689,0.3832470100769736,0.7734588263379781,0.7734588263379781,0.1864954802509668,0.2601412108406697
29,33.660892131542724,-0.044179291045929,0.03915942023223749,0.3840557392170013,0.7746073695177639,0.7746073695177639,0.1813171704228903,0.2601412108406697
30,33.658822105796624,-0.0399783404686168,0.0395779472558962,0.3881583079628706,0.768343857412982,0.768343857412982,0.1871975204817226,0.2601412108406697
31,33.65074046226451,-0.0664541166899483,0.0403921611277016,0.3961393614992896,0.7880037662795076,0.7880037662795076,0.1910825986379111,0.2601412108406697
32,33.6548224105023,0.0206939086188863,0.0412063749995069,0.40412015241741844,0.8037960334517689,0.8037960334517689,0.191907042251222,0.2601412108406697
33,33.64386412609669,-0.0622102717520619,0.0414234390734686,0.4062477338791554,0.8074734025781413,0.8074734025781413,0.1881706260802332,0.3601412108406698
34,33.647208299022104,-0.0132308830176661,0.0415926291052163,0.4079060584846122,0.8016847911581142,0.8016847911581142,0.1910793141516949,0.3601412108406698
35,33.64080758168798,-0.0352113795292076,0.0417848818107868,0.40979041887248624,0.8093308107381891,0.8093308107381891,0.2008344777981709,0.3601412108406698
36,33.63600141754381,-0.0487382558285624,0.0420044242197309,0.4119422401205079,0.8309922778751787,0.8309922778751787,0.2031680192614447,0.4601412108406699
37,33.65191450252621,0.0696080174283106,0.0422239666286751,0.4140940415133804,0.8379868484463135,0.8379868484463135,0.221073146557403,0.4601412108406699
38,33.653792114943386,0.0365611087746741,0.0426321736542009,0.4180949486042528,0.8781050023664648,0.8781050023664648,0.2469964845843575,0.4601412108406699
39,33.66081964695643,0.0697003814791755,0.0430565317879911,0.42225408161117106,0.9350315270915028,0.9350315270915028,0.2705843566564013,0.4601412108406699
40,33.65520028481505,-0.0128070008909655,0.0430176467375035,0.4218729724819594,0.9829995984993009,0.9829995984993009,0.2733461859998246,0.4601412108406699
41,33.645373681057464,-0.0876459384495089,0.0423857210357143,0.4156794324990337,0.9823740974924196,0.9823740974924196,0.2755280465121247,0.4601412108406699
42,33.638457015861704,-0.0759239025904162,0.0417537953339251,0.4094857265228073,0.9805936345655452,0.9805936345655452,0.2774444280098906,0.4601412108406699
43,33.64081556319291,0.0028193685153314,0.0409633452156822,0.401738042119206,0.9768409063244464,0.9768409063244464,0.277689029852134,0.4601412108406699
44,33.640735811082955,0.0176980742434908,0.04016223410202469,0.3938856066986994,0.9694934009967991,0.9694934009967991,0.2766767077630289,0.4601412108406699
45,33.636110075171324,-0.0445532225336679,0.0393463028655701,0.3858876456517803,0.9593378717353104,0.9593378717353104,0.2791917751286722,0.4601412108406699
46,33.636283430572995,-0.0008953036001801,0.0385107520307817,0.3776971022207102,0.9563531205207432,0.9563531205207432,0.2828452882560783,0.4601412108406699
47,33.6256753170664,-0.0337493303238202,0.0376752011959933,0.36950629510223737,0.9555821536445844,0.9555821536445844,0.2887751319895727,0.4601412108406699
48,33.62275226148448,-0.01295097505085,0.0368545900519202,0.361461688900007,0.959805023761181,0.959805023761181,0.2832280595533997,0.4601412108406699
49,33.615324920203534,-0.060321615970125,0.0360346456916828,0.3534233761916704,0.9401465642115588,0.9401465642115588,0.2862563344913217,0.3601412108406699
50,33.60975670261897,-0.0484105033311505,0.0350364314823387,0.3436370774016219,0.936562059691202,0.936562059691202,0.2895757471420925,0.3601412108406699
51,33.61257369259475,0.0090057331139934,0.0338046287852161,0.33156025138827117,0.9314206330604492,0.9314206330604492,0.2856321351897817,0.3601412108406699
52,33.61474238948256,-0.003507277885872,0.0325728260880935,0.31948292228605346,0.9111837330570666,0.9111837330570666,0.2733471136375373,0.26014121084066993
53,33.6310706438621,0.101786896216282,0.0313994755555342,0.30797824203070084,0.8744806771807574,0.8744806771807574,0.2639724072176482,0.26014121084066993
54,33.627716467924195,0.0392405693261891,0.0302290403689136,0.296501724244754,0.8436483842390793,0.8436483842390793,0.262629567644574,0.16014121084066996
55,33.62939436216317,0.0579091332893275,0.0286230249096312,0.2807535348540031,0.8251624395114685,0.8251624395114685,0.2350956384595942,0.06014121084066998
56,33.631312300972404,0.0218726941785735,0.0264389067203436,0.25933545919902257,0.7475194362244987,0.7475194362244987,0.2229829446426595,0.06014121084066998
57,33.638276814195024,0.0401814615966941,0.0242547885310559,0.23791614641785108,0.7016215909793354,0.7016215909793354,0.2185118213719779,-0.03985878915933
58,33.639849181648785,0.0391416985204084,0.022656734159783,0.22224354701082719,0.6769279213065456,0.6769279213065456,0.2128960400293743,-0.03985878915933
59,33.63784286163287,-0.000707631657863,0.0211027176815635,0.207002295785555,0.6503341737796666,0.6503341737796666,0.1828498312683286,-0.13985878915932998
60,33.633581573745865,-0.0374594188331465,0.0190949718137352,0.1873102902262196,0.5703352005306995,0.5703352005306995,0.1734298998531505,-0.13985878915932998
61,33.64452909847544,0.0454970801738642,0.0165622151337077,0.16246790254427965,0.5268038680744593,0.5268038680744593,0.1273850292351077,-0.23985878915932995
62,33.646022276095884,0.0423475245525191,0.0140294584536803,0.13762447265463332,0.410801538627868,0.410801538627868,0.0998412813584251,-0.23985878915932995
63,33.63317401926288,-0.095262965240705,0.0123837796374648,0.12148177315438465,0.3404856491280307,0.3404856491280307,0.092487573760183,-0.23985878915932995
64,33.63780820117474,-0.0275535695997916,0.010806548112113,0.10601017361418419,0.3106341333067343,0.3106341333067343,0.038677762982669,-0.23985878915932995
65,33.63017878050374,-0.0659619005558451,0.0091675007257309,0.08993192241460024,0.1895507567447085,0.1895507567447085,0.0382732157868508,-0.33985878915932993
66,33.6328493657325,0.0136059350829016,0.007454419036918,0.07312717348821914,0.1719635090566191,0.1719635090566191,0.0021336157313992,-0.33985878915932993
67,33.63904280127819,0.0399106130553594,0.0057413373481051,0.056322209959313294,0.0848772130368339,0.0848772130368339,0.004621780613079,-0.33985878915932993
68,33.63986132110495,-0.0003443369318292,0.0037538976822521,0.03682564977312266,0.070218447495999,0.070218447495999,0.0081241718097686,-0.33985878915932993
69,33.64711250325824,0.0819410937010741,0.0017450683248043,0.017119111577626276,0.0573244859855111,0.0573244859855111,0.0001618651579725,-0.33985878915932993
70,33.6406897699555,0.0035113266500535,-0.00012092954732600001,-0.0011863188563766144,0.0235351491597513,0.0235351491597513,-0.0019515803597511,-0.33985878915932993
71,33.641537133559986,-0.0072596200905994,-0.0018002036904848002,-0.01765998866509998,0.0029522049090667,0.0029522049090667,0.0038348039957285,-0.33985878915932993
72,33.65155534957935,0.0302752387419727,-0.0034794778336436,-0.03413360867334431,-0.0022688316913747,-0.0022688316913747,-0.0103056390163333,-0.33985878915932993
73,33.656761358715585,0.0540876776799499,-0.0043852095510272,-0.043018767819666334,-0.0386576771595068,-0.0386576771595068,-0.0293963193895663,-0.33985878915932993
74,33.64438219112654,-0.0248987404874813,-0.005236051037846,-0.05136542597279242,-0.0841322823414378,-0.0841322823414378,-0.0242344716228861,-0.33985878915932993
75,33.641410584877654,-0.0577570436921097,-0.005921688339333,-0.05809142309802443,-0.0808120813327486,-0.0808120813327486,-0.0196674887339397,-0.33985878915932993
76,33.6483523924739,0.030633569839353,-0.0063928384684771005,-0.06271331820839852,-0.0765571945884414,-0.0765571945884414,-0.0237650821521391,-0.33985878915932993
77,33.656582701259424,0.0728434428629105,-0.0068639885976212005,-0.06733519939751721,-0.0891596562869796,-0.0891596562869796,-0.0336069425380152,-0.33985878915932993
78,33.65813404660512,0.0333217320944878,-0.0077765070915695,-0.07628676566776557,-0.1172691492061953,-0.1172691492061953,-0.0325352769519651,-0.33985878915932993
79,33.64752255765389,-0.1067355242932389,-0.0087098088437607,-0.08544214446325182,-0.1243220481657977,-0.1243220481657977,-0.0242698033339899,-0.23985878915932984
80,33.66086067647546,0.0272606961004379,-0.0096709744441453,-0.0948707804392084,-0.1176822504532899,-0.1176822504532899,-0.0191073265969487,-0.23985878915932984
81,33.647966053584426,-0.0441577658600931,-0.0106697706863788,-0.10466846442744089,-0.1174223432750768,-0.1174223432750768,-0.0086313332833143,-0.23985878915932984
82,33.655371822691684,0.0384482614190668,-0.0116685669286124,-0.11446604399905791,-0.1068475340975412,-0.1068475340975412,-0.008593028214652,-0.23985878915932984
83,33.67287673502032,0.11575665025889,-0.0121335906288375,-0.1190276033983222,-0.1113416198618786,-0.1113416198618786,0.0057903339024859,-0.23985878915932984
84,33.68253196196661,0.1006779700614573,-0.0125711010407864,-0.12331925307357891,-0.0876428685811169,-0.0876428685811169,0.0180860544189723,-0.23985878915932984
85,33.66979913934625,-0.0086025014202449,-0.012841009063352199,-0.12596683703448075,-0.066367544062446,-0.066367544062446,0.0203761090171511,-0.23985878915932984
86,33.656275790149614,-0.1042641536888259,-0.0128893527621801,-0.12644104947309648,-0.062397650692203,-0.062397650692203,0.0225806387371725,-0.23985878915932984
87,33.65854733866879,-0.0375399829123619,-0.012937696461008102,-0.12691526161620612,-0.0585800066376875,-0.0585800066376875,0.0230696482906781,-0.23985878915932984
88,33.66787238896972,0.0497156503253693,-0.0128842839241286,-0.12639132830069671,-0.0570944247000833,-0.0570944247000833,0.0231717975113011,-0.23985878915932984
89,33.662066025422725,-0.0025212404520531,-0.0128232109603532,-0.12579225201889946,-0.056302818853374,-0.056302818853374,0.0251924993512051,-0.23985878915932984
90,33.645824098890365,-0.1088884696052548,-0.0128241442313543,-0.12580140665464382,-0.0523984111183623,-0.0523984111183623,0.025593342354455,-0.23985878915932984
91,33.653315076970905,-0.0163790024062655,-0.012898674636024102,-0.12653248945377527,-0.0523406692269776,-0.0523406692269776,0.0251860741387889,-0.23985878915932984
92,33.66219982163114,0.0473906463878695,-0.012973205040693898,-0.12726357155004636,-0.0538537813672364,-0.0538537813672364,0.0292098248051481,-0.23985878915932984
93,33.66097991938574,0.054201521865407,-0.012852116213363001,-0.12607578918505394,-0.0448356248826344,-0.0448356248826344,0.0288623215363114,-0.23985878915932984
94,33.658043036059006,0.0001378362466506,-0.0127160818069903,-0.12474140070867366,-0.0441816359107721,-0.0441816359107721,0.0318894504067564,-0.23985878915932984
95,33.658115685389305,-0.0303772227556431,-0.0125182020838455,-0.12280035513776508,-0.0363480599417132,-0.0363480599417132,0.0339690911841056,-0.23985878915932984
96,33.65152666923141,-0.0226048352923649,-0.0122418001357633,-0.1200890598215415,-0.0295986178301143,-0.0295986178301143,0.0359876165024561,-0.23985878915932984
97,33.641082441184274,-0.0576536562215887,-0.0119653981876812,-0.11737775533075054,-0.0229754556059222,-0.0229754556059222,0.0374850358572254,-0.23985878915932984
98,33.63472872718886,-0.0707489657809792,-0.0117566083371921,-0.11532967097535182,-0.0180239473645808,-0.0180239473645808,0.0374990002885833,-0.23985878915932984
99,33.63370196567556,-0.0429487536292697,-0.0115526989166057,-0.11332945541614449,-0.0159983567850293,-0.0159983567850293,0.0368943701489112,-0.23985878915932984
100,33.63961519611496,0.0433645300577389,-0.0116007889737984,-0.11380118726440701,-0.0176365489509296,0.024437927663734094,-0.23985878915932984,-0.23985878915932984
101,33.62415080281644,-0.0817006007793591,-0.0119729435541613,-0.11745177007388868,-0.0173839330634307,0.04398826979472137,-0.23985878915932984,-0.23985878915932984
102,33.64021548774281,0.028455778780371,-0.0123450981345241,-0.12110233661641315,-0.0156422164966379,0.024437927663734094,-0.23985878915932984,-0.23985878915932984
103,33.641139996977664,0.0077186422978103,-0.0122395547648274,-0.12006703438284518,-0.0108099962790949,0.08308895405669592,-0.23985878915932984,-0.23985878915932984
104,33.641143798329786,0.0221770860360803,-0.0120976185562528,-0.11867474326566384,-0.0082866032027598,-0.23949169110459412,-0.23985878915932984,-0.23985878915932984
105,33.64317066991678,0.0234135665338959,-0.0114915291027203,-0.11272941937435146,-0.0140975532744442,-0.5034213098729232,-0.13985878915932975,-0.13985878915932975
106,33.625624072350845,-0.13947571036821,-0.0102796947216696,-0.10084202916578835,-0.0134748948310591,-0.5816226783968723,0.06014121084067031,0.06014121084067031
107,33.6225970675195,-0.1038429850420977,-0.0090678603406188,-0.08895449086643001,-0.0028147993487404,-0.5327468230694041,0.1601412108406704,0.1601412108406704
108,33.606333769426726,-0.1211688398933183,-0.0088028021136827,-0.08635437346812559,0.0035162432854759,-0.5327468230694041,0.1601412108406704,0.1601412108406704
109,33.60975435517986,-0.0244751310128875,-0.0085852023391137,-0.0842198003579303,0.0086441537439037,-0.42521994134897323,0.2601412108406705,0.2601412108406705
110,33.622507055554145,0.0731760984202659,-0.0087572277609842,-0.08590730630065047,-0.0013565554993909,-0.024437927663734094,0.3601412108406706,0.3601412108406706
111,33.61807272156204,-0.0071206435380993,-0.0094412514504341,-0.09261730077285887,-0.0058035538579204,0.27859237536656867,0.16014121084067062,0.16014121084067062
112,33.614128526398034,0.0193300347047253,-0.0101252751398839,-0.09932725191050662,-0.0191779758159189,0.3372434017595305,0.060141210840670645,0.060141210840670645
113,33.61259549576124,-0.0071388966800493,-0.0105830809382433,-0.10381808601351585,-0.0230208955750812,0.43499511241446687,-0.03985878915932933,-0.03985878915932933
114,33.6175203568979,0.0142798156946438,-0.0110294538429782,-0.10819674850010685,-0.0307750434348402,0.6304985337243405,-0.1398587891593293,-0.1398587891593293
115,33.61052082176148,-0.0312377848448767,-0.0114000587487559,-0.11183215397914621,-0.0377965566276282,0.4643206256109478,-0.2398587891593293,-0.2398587891593293
116,33.608872023958966,-0.0116930586623669,-0.0116692397961094,-0.11447264437981315,-0.0404910237938746,0.11241446725317683,-0.2398587891593293,-0.2398587891593293
117,33.61431023180126,0.0485260896730091,-0.011938420843463,-0.11711312648597233,-0.044428966525305,-0.053763440860215006,-0.1398587891593292,-0.1398587891593292
118,33.61861532559946,0.0396959837461571,-0.0117279999209938,-0.1150490417603851,-0.0347653724038865,-0.1808406647116323,-0.1398587891593292,-0.1398587891593292
119,33.61334665880799,-0.0087278699569512,-0.0114835340230185,-0.1126509928174784,-0.0310322570936764,-0.3079178885630496,-0.03985878915932911,-0.03985878915932911
120,33.610154984409014,-0.0376579517877831,-0.011187449236314,-0.10974658767891056,-0.0282445143787727,-0.4447702834799605,0.06014121084067098,0.06014121084067098
121,33.615816691436905,0.0224406006743492,-0.0108245297366547,-0.10618656303377905,-0.0275024697448023,-0.2590420332355814,0.16014121084067107,0.16014121084067107
122,33.61042366898032,-0.0339715874881271,-0.0104616102369954,-0.10262652440275566,-0.0112441606541326,-0.1808406647116323,0.16014121084067107,0.16014121084067107
123,33.631293849265575,0.1151209897947178,-0.0108632087177114,-0.10656598152901303,-0.0127477137756066,-0.09286412512218956,0.16014121084067107,0.16014121084067107
124,33.62944521249889,0.0358909903410145,-0.0113228434749542,-0.11107472103166537,-0.0165518233937932,0.12218963831867047,0.16014121084067107,0.16014121084067107
125,33.628667864067594,0.0068248164726373,-0.0119348945599617,-0.117078536109255,-0.0201917348747283,0.3176930596285432,0.06014121084067109,0.06014121084067109
126,33.646093398331764,0.116037103703534,-0.0127386152472432,-0.1249624358541083,-0.0221664253270645,0.4447702834799605,-0.03985878915932889,-0.03985878915932889
127,33.65494441591066,0.1096356987900176,-0.0135423359345247,-0.1328462548773632,-0.0119303690249219,0.43499511241446687,-0.13985878915932887,-0.13985878915932887
128,33.6543284414966,0.0633617200392037,-0.013917796825877498,-0.13652917902991715,-0.0142153120055861,0.4447702834799605,-0.13985878915932887,-0.13985878915932887
129,33.64188205843046,-0.0697121127714786,-0.0142613955752182,-0.13989954817937858,-0.0169046661833232,0.3079178885630496,-0.23985878915932884,-0.23985878915932884
130,33.639310672746014,-0.0256700744272051,-0.014462592634718599,-0.14187308777433183,-0.0179915508790774,0.06353861192570864,-0.23985878915932884,-0.23985878915932884
131,33.64160582105296,0.0076972890136698,-0.014496679988105598,-0.1422074496568458,-0.0170908919146557,-0.11241446725317683,-0.13985878915932876,-0.13985878915932876
132,33.64423099286055,0.0206334775083905,-0.0145307673414926,-0.1425418113741222,-0.006691928457558,-0.26881720430107503,-0.03985878915932867,-0.03985878915932867
133,33.63146602512495,-0.1033444214765056,-0.0145745896131247,-0.1429716623377664,-0.0059225342779891,-0.43499511241446687,0.06014121084067142,0.06014121084067142
134,33.64048238624123,0.0170261633667866,-0.014619148404227502,-0.14340873751082023,-0.0073945604119056,-0.6109481915933532,0.1601412108406715,0.1601412108406715
135,33.64944619491993,0.0516464351077939,-0.0145999511523266,-0.14322043256726683,0.0085306351889221,-0.4936461388074287,0.2601412108406716,0.2601412108406716
136,33.6606525333441,0.0783217946471781,-0.0144971605361358,-0.14221216333766348,0.0106272311172205,-0.34701857282502413,0.3601412108406717,0.3601412108406717
137,33.66382619835352,0.0531691191818991,-0.014394369919944998,-0.1412038926054591,0.0199566745601445,-0.21994134897360684,0.3601412108406717,0.3601412108406717
138,33.664577483775766,0.0320800642508039,-0.0143633999473498,-0.14090010858104565,0.031023073496364,-0.08308895405669592,0.4601412108406718,0.4601412108406718
139,33.676356607798176,0.1067289773716148,-0.0143357944613399,-0.14062932664417077,0.0253235638506517,0.08308895405669592,0.4601412108406718,0.4601412108406718
140,33.68939417977814,0.1129154638725034,-0.014394572620261498,-0.14120588088955915,0.0201741700373949,0.1026392961876832,0.4601412108406718,0.4601412108406718
141,33.686321448047735,0.0254810017164074,-0.0145648570574688,-0.1428761961003142,0.0255928989320032,0.2101661779081132,0.4601412108406718,0.4601412108406718
142,33.68759151295785,0.0107831696397495,-0.014735141494676102,-0.1445465071681183,0.0245575124500098,0.3665689149560114,0.3601412108406718,0.3601412108406718
143,33.69347629744251,0.0638125497163601,-0.0152905706617003,-0.14999465320141678,0.03128318995644,0.4447702834799605,0.2601412108406718,0.2601412108406718
144,33.694228297642944,-0.0007131928818876,-0.0158683732318057,-0.15566220845138143,0.0262772578763678,0.591397849462366,0.16014121084067184,0.16014121084067184
145,33.69579465168002,-0.0084248764993705,-0.0157878675081402,-0.15487254622956195,0.0262500278429799,0.6304985337243405,0.060141210840671866,0.060141210840671866
146,33.68637039841669,-0.053581362819821,-0.0148320886694321,-0.14549745502530298,0.0586758208583235,0.5522971652003914,-0.03985878915932811,-0.03985878915932811
147,33.68565491911126,-0.0415158965516485,-0.013876309830723901,-0.13612223090720907,0.0764351112169933,0.2883675464320623,-0.1398587891593281,-0.1398587891593281
148,33.68308114189493,-0.0350540927824043,-0.013392901825974,-0.13138043921633819,0.0891990488227728,0.053763440860215006,-0.039858789159328,-0.039858789159328
149,33.67087664334209,-0.083535472357618,-0.012939547052643201,-0.1269334144005804,0.0976649619433193,-0.12218963831867047,-0.039858789159328,-0.039858789159328
150,33.66509058679346,-0.0906754413527643,-0.012823049379882,-0.1257906670447967,0.0889998433958899,-0.17106549364613866,0.06014121084067209,0.06014121084067209
151,33.67984371142952,0.0290185391168422,-0.0131296646557312,-0.12879830964911196,0.0881486033460093,-0.1319648093841641,0.06014121084067209,0.06014121084067209
152,33.68676030584716,0.056648615334199,-0.0134362799315804,-0.1318059401447212,0.0772609863964154,0.014662756598240456,0.16014121084067218,0.16014121084067218
153,33.69371454347548,0.0793723734990411,-0.0136963166759,-0.134356665857853,0.0529382888940667,0.1319648093841641,0.0601412108406722,0.0601412108406722
154,33.69922742774519,0.0606209815014253,-0.0139528007667295,-0.13687253434843716,0.0537368306515305,0.15151515151515138,0.0601412108406722,0.0601412108406722
155,33.70566429673691,0.0508671966404326,-0.0137493504792187,-0.13487687848228253,0.0549109101431461,0.21994134897360684,-0.03985878915932778,-0.03985878915932778
156,33.700909014961326,-0.0097004618339527,-0.012998009809397701,-0.1275068858150273,0.0610454026747445,0.37634408602150504,-0.03985878915932778,-0.03985878915932778
157,33.69351991516,-0.0417957904454997,-0.0122466691395766,-0.12013682116850508,0.0545742582463783,0.42521994134897323,-0.13985878915932776,-0.13985878915932776
158,33.694377455394964,-0.0038027497153037,-0.0117010799327174,-0.11478497479545133,0.0629128354011195,0.4447702834799605,-0.23985878915932773,-0.23985878915932773
159,33.69588839402083,-0.0124642718347127,-0.0111712480234081,-0.10958766371180934,0.0684202075055267,0.3079178885630496,-0.23985878915932773,-0.23985878915932773
160,33.69692801036815,-0.0073026376834893,-0.010879451705426,-0.10672531582250074,0.0322188146426746,0.23949169110459412,-0.23985878915932773,-0.23985878915932773
161,33.694063783444385,0.0004457967516858,-0.0108679476440568,-0.10661246765223219,0.0370216975301418,0.20039100684261957,-0.23985878915932773,-0.23985878915932773
162,33.700647064254284,0.0384229310651578,-0.0108564435826875,-0.1064996194678532,0.0250836574420596,-0.09286412512218956,-0.23985878915932773,-0.23985878915932773
163,33.69124666274985,-0.0711761304067996,-0.0102422508016768,-0.10047472364788,0.0303905975959714,-0.2883675464320623,-0.13985878915932765,-0.13985878915932765
164,33.67674057763538,-0.1118266511391075,-0.0095798689504637,-0.09397707694835174,0.0415105767148945,-0.34701857282502413,-0.03985878915932756,-0.03985878915932756
165,33.665073961750586,-0.1088978368065464,-0.009556991927529,-0.09375266362682436,0.0045329388550814,-0.37634408602150504,-0.03985878915932756,-0.03985878915932756
166,33.667742277198215,-0.0181933209834682,-0.0103739870155376,-0.1017669872456498,-0.0175765674661185,-0.4154447702834796,0.06014121084067253,0.06014121084067253
167,33.66198430743114,-0.0511078188480562,-0.0111909821035461,-0.10978124293695028,-0.0427336409277055,-0.42521994134897323,0.16014121084067262,0.16014121084067262
168,33.65195280643182,-0.0648807694003082,-0.0120034798580147,-0.11775130968888953,-0.0492928804865466,-0.2101661779081132,0.2601412108406727,0.2601412108406727
169,33.65163713061274,-0.0087781777517161,-0.012815772339083297,-0.12571928514031777,-0.0582424709816686,-0.053763440860215006,0.16014121084067273,0.16014121084067273
170,33.65052098579206,-0.0104185077410303,-0.0133777900760551,-0.13123220622989237,-0.0696861724120364,-0.09286412512218956,0.16014121084067273,0.16014121084067273
171,33.63084049226384,-0.137791917635882,-0.013608432022903601,-0.13349459775775924,-0.0654281179170978,0.03421309872922773,0.2601412108406728,0.2601412108406728
172,33.60526470523751,-0.1880787526616705,-0.0138390739697522,-0.13575698218428753,-0.0638660084124533,0.23949169110459412,0.16014121084067284,0.16014121084067284
173,33.60882785774765,-0.0287512336541716,-0.013381757172593102,-0.13127111996353427,-0.0620247376369843,0.37634408602150504,0.060141210840672865,0.060141210840672865
174,33.60755637393628,-0.0273524124292681,-0.0128932755144525,-0.12647952847533192,-0.0614633774243741,0.24926686217008776,-0.03985878915932711,-0.03985878915932711
175,33.6035903109546,-0.03511876467701,-0.0119264874702961,-0.11699606842926587,-0.0564371178574156,0.19061583577712593,-0.03985878915932711,-0.03985878915932711
176,33.58421387901094,-0.126517680737488,-0.0103416326493481,-0.10144960793900211,-0.0338386363274118,0.3665689149560114,-0.1398587891593271,-0.1398587891593271
177,33.58596358521357,-0.0687226605054039,-0.0087567778284001,-0.08590289263123718,-0.0193849486068603,0.22971652003910048,-0.23985878915932707,-0.23985878915932707
178,33.58325737882174,-0.056898135162707,-0.0089156211059911,-0.08746108435021312,-0.0223343553912603,0.024437927663734094,-0.23985878915932707,-0.23985878915932707
179,33.585783089960245,-0.0070453898801014,-0.0092128898502214,-0.09037717092237676,-0.0548474821555508,-0.03421309872922773,-0.23985878915932707,-0.23985878915932707
180,33.57995247426372,-0.0212716865712015,-0.0098302065152098,-0.09643277279931703,-0.0705702373742189,-0.004887585532746819,-0.23985878915932707,-0.23985878915932707
181,33.58561183029762,0.0137953566209366,-0.0108771012522779,-0.10670225924140729,-0.0817983629603078,-0.19061583577712593,-0.23985878915932707,-0.23985878915932707
182,33.57666909442456,-0.0578902146859073,-0.0119239959893461,-0.11697162873905051,-0.0923472608678614,-0.32746823069403685,-0.13985878915932698,-0.13985878915932698
183,33.56062587881912,-0.1033513856180809,-0.0125301995538745,-0.12291804108829504,-0.096032410955551,-0.32746823069403685,-0.03985878915932689,-0.03985878915932689
184,33.55186997543896,-0.0814867496381073,-0.013103440248725498,-0.12854107034621243,-0.1010512805133658,-0.27859237536656867,-0.03985878915932689,-0.03985878915932689
185,33.556841768454795,-0.0079517016038779,-0.0136153362912076,-0.13356232235521542,-0.1075293743747903,-0.3372434017595305,-0.03985878915932689,-0.03985878915932689
186,33.55564484258417,-0.0220158963634945,-0.014054763252318898,-0.13787268825557566,-0.1122767713874517,-0.29814271749755594,0.0601412108406732,0.0601412108406732
187,33.541878995055406,-0.0468803786433123,-0.0144941902134302,-0.14218302753326428,-0.1183690145747766,-0.08308895405669592,0.0601412108406732,0.0601412108406732
188,33.54515886974022,-0.0140636611381801,-0.015282288451284001,-0.1499134142099151,-0.1282252968344198,0.014662756598240456,-0.03985878915932678,-0.03985878915932678
189,33.54211876342962,-0.0416779968310007,-0.0160971283325544,-0.1579060093667366,-0.1327458648118675,-0.024437927663734094,-0.03985878915932678,-0.03985878915932678
190,33.537881935742696,-0.0585561921255978,-0.0164662728808022,-0.16152683738198675,-0.1461773138896548,0.1026392961876832,-0.03985878915932678,-0.03985878915932678
191,33.52483446154687,-0.0883449655721743,-0.0163127316868592,-0.16002080056615778,-0.1328492785031548,0.19061583577712593,-0.13985878915932676,-0.13985878915932676
192,33.50801675954586,-0.1658855320220567,-0.0161591904929161,-0.1585147599778538,-0.1276330086431628,0.14173998044965774,-0.13985878915932676,-0.13985878915932676
193,33.50020122245286,-0.1261520310793112,-0.0164698753006921,-0.16156217232919112,-0.1312490280036448,-0.014662756598240456,-0.23985878915932674,-0.23985878915932674
194,33.48275692036813,-0.1639880656186217,-0.0168159653069964,-0.16495684508006167,-0.1306736603122956,-0.053763440860215006,-0.13985878915932665,-0.13985878915932665
195,33.47415567113188,-0.0738657959422667,-0.0176263131710243,-0.17290517865375896,-0.1357971671904886,-0.03421309872922773,-0.13985878915932665,-0.13985878915932665
196,33.48411926556322,0.0185315455447692,-0.019063008430419,-0.18699678650346668,-0.1488204511868489,-0.14173998044965774,-0.23985878915932662,-0.23985878915932662
197,33.484051081295604,-0.0072552459051812,-0.020499703689813596,-0.20108800837443158,-0.1533959209296475,-0.34701857282502413,-0.13985878915932654,-0.13985878915932654
198,33.48451502984019,0.0204434546675766,-0.0220755649020877,-0.21654370262860384,-0.156055661248099,-0.43499511241446687,-0.13985878915932654,-0.13985878915932654
199,33.483711762666424,0.0181025738587464,-0.023659120093855,-0.23207431595370495,-0.1704324637567915,-0.3176930596285432,-0.039858789159326447,-0.039858789159326447
200,33.4977156896609,0.0754562153234907,-0.0250145034654402,-0.24536668843362927,-0.1845140035330653,-0.34701857282502413,-0.13985878915932642,-0.13985878915932642
201,33.497894348054885,0.0187556108279327,-0.026073138881689495,-0.2557485134591226,-0.1890778782038661,-0.3665689149560114,-0.13985878915932642,-0.13985878915932642
202,33.49205680513515,-0.0027110869957855,-0.0271317742979389,-0.26613005186499716,-0.2045870942792645,-0.24926686217008776,-0.13985878915932642,-0.13985878915932642
203,33.48660403269111,-0.0162637194594147,-0.0286791227381202,-0.28130362869253317,-0.2367686944226779,-0.21994134897360684,-0.2398587891593264,-0.2398587891593264
204,33.49624116258849,0.0401665073146126,-0.030248408021260702,-0.29669163405627563,-0.2701086775899794,-0.14173998044965774,-0.3398587891593264,-0.3398587891593264
205,33.48510057456849,-0.0578492778704683,-0.0317736281946771,-0.3116468485350041,-0.2730507571386634,-0.20039100684261957,-0.43985878915932636,-0.43985878915932636
206,33.48305936712308,-0.0247309805921425,-0.0332414365974025,-0.32603844024067496,-0.3124589700951056,-0.24926686217008776,-0.43985878915932636,-0.43985878915932636
207,33.49589245776178,0.0537402110105846,-0.0347092450001279,-0.34042932950920257,-0.4509363499839485,-0.23949169110459412,-0.5398587891593263,-0.5398587891593263
208,33.49638048322956,-0.0087089679402449,-0.036210422716354,-0.35514662391079654,-0.5176567079172626,-0.4447702834799605,-0.6398587891593263,-0.6398587891593263
209,33.50179791330279,0.0322597539002752,-0.0377140208923805,-0.369886845804472,-0.5549996467288785,-0.591397849462366,-0.6398587891593263,-0.6398587891593263
210,33.500540805195,0.0229896379636862,-0.038983098928808,-0.38232734732209167,-0.6347799749575694,-0.7966764418377323,-0.6398587891593263,-0.6398587891593263
211,33.50852021598404,0.0400625694631362,-0.0399396411298587,-0.39170372077380705,-0.7894249393369285,-0.8651026392961878,-0.6398587891593263,-0.6398587891593263
212,33.51736811843952,0.0570319184492765,-0.0408961833309093,-0.40107973582722717,-0.7926840641433966,-1.1681329423264906,-0.6398587891593263,-0.6398587891593263
213,33.515275394231665,0.0206153882698699,-0.04118669124480769,-0.40392721861889286,-0.8014589581958288,-1.3440860215053765,-0.5398587891593262,-0.5398587891593262
214,33.52153663611166,0.0924171541045983,-0.0414297908334499,-0.4063099911844586,-0.8392569452371731,-1.3538611925708701,-0.4398587891593261,-0.4398587891593261
215,33.53187674055117,0.0868882969846382,-0.0416886917870138,-0.4088476164977885,-0.9643549939269336,-1.2952101661779083,-0.4398587891593261,-0.4398587891593261
216,33.5330704716795,0.0538589488505528,-0.0419659325193812,-0.4115649693025527,-0.9689523331527996,-1.2952101661779083,-0.4398587891593261,-0.4398587891593261
217,33.54016247961793,0.0660268618076622,-0.0422431732517486,-0.41428229047343623,-1.0274372771369291,-1.3440860215053765,-0.4398587891593261,-0.4398587891593261
218,33.556289083101355,0.1193655199063212,-0.0422116548862063,-0.4139733709378933,-1.052951066102808,-1.1485826001955033,-0.339858789159326,-0.339858789159326
219,33.55891003814067,0.0531861305698448,-0.042158414831075,-0.4134515506513809,-1.0752181732787964,-1.0606060606060606,-0.43985878915932597,-0.43985878915932597
220,33.55936496365238,0.0343627347227689,-0.0419967976882525,-0.41186748982687804,-1.068663595734196,-1.1094819159335287,-0.43985878915932597,-0.43985878915932597
221,33.564105164947456,0.0492980958998359,-0.04170959626767359,-0.4090525111865549,-1.0747969280844527,-1.1094819159335287,-0.43985878915932597,-0.43985878915932597
222,33.57079399928998,0.0482030755559558,-0.0414223948470947,-0.40623749880567633,-1.0815874177639655,-1.0606060606060606,-0.43985878915932597,-0.43985878915932597
223,33.57218098891432,0.0281590920029215,-0.0410290505183046,-0.40238206955389044,-1.0758693260321297,-0.913978494623656,-0.43985878915932597,-0.43985878915932597
224,33.575454209830184,0.0278483503123709,-0.0406267816189079,-0.3984391002661457,-1.0841135013931915,-1.0019550342130987,-0.539858789159326,-0.539858789159326
225,33.580614586998536,0.0620741510839687,-0.040391825224235,-0.3961360689740084,-1.0917508354552163,-1.0117302052785924,-0.43985878915932586,-0.43985878915932586
226,33.590671825534685,0.0742069029613663,-0.0403794966938876,-0.3960152247069148,-1.0920690267497568,-1.0703812316715542,-0.43985878915932586,-0.43985878915932586
227,33.59646770399934,0.0465012420722348,-0.0403671681635402,-0.3958943803796298,-1.093182432698182,-1.0312805474095796,-0.43985878915932586,-0.43985878915932586
228,33.59872817863505,0.0502329559000748,-0.0402537817221439,-0.3947829629920746,-1.1016642057197734,-1.099706744868035,-0.43985878915932586,-0.43985878915932586
229,33.60757581940112,0.062748402043995,-0.0401341645185428,-0.39361046598039995,-1.094810733691724,-1.3147605083088956,-0.33985878915932577,-0.33985878915932577
230,33.605009129217706,0.0062805303316783,-0.0401097471940623,-0.3933711247988369,-1.0946975058560462,-0.9921798631476051,-0.23985878915932568,-0.23985878915932568
231,33.603156264191874,-0.02334925083938,-0.0402137494077663,-0.39439056380166315,-1.043593802719396,-1.021505376344086,-0.33985878915932566,-0.33985878915932566
232,33.61103718967286,0.052108477531111,-0.0403177516214704,-0.39540999853858055,-1.0499241080900523,-1.050830889540567,-0.23985878915932557,-0.23985878915932557
233,33.63182706464103,0.1134582327281927,-0.0410372810954638,-0.4024627435519026,-1.0487645990794834,-0.9433040078201369,-0.13985878915932548,-0.13985878915932548
234,33.63540166179775,0.0570929741736109,-0.0417865079121847,-0.4098063570027288,-0.94045612020118,-0.7184750733137832,-0.13985878915932548,-0.13985878915932548
235,33.64414963538487,0.0831188567552342,-0.0427387267045691,-0.41913928189252475,-0.887435875647956,-0.5718475073313787,-0.23985878915932546,-0.23985878915932546
236,33.6562623715273,0.0803744596138566,-0.0439566236759772,-0.43107562733540733,-0.8856853311196446,-0.669599217986315,-0.23985878915932546,-0.23985878915932546
237,33.656597115148664,0.0474061654047648,-0.0451745206473854,-0.4430113333755168,-0.8982714946197876,-0.43499511241446687,-0.23985878915932546,-0.23985878915932546
238,33.652340816200535,0.0038630381954091,-0.0456525169214855,-0.4476956421949697,-0.8653995780008098,-0.2101661779081132,-0.33985878915932544,-0.33985878915932544
239,33.65630456737668,0.0411454708452341,-0.046084246492749,-0.4519264547301887,-0.8511563858489696,-0.27859237536656867,-0.4398587891593254,-0.4398587891593254
240,33.6664411812488,0.0682133065783499,-0.0461886477442146,-0.4529495411835897,-0.8233192278958494,-0.48387096774193505,-0.4398587891593254,-0.4398587891593254
241,33.67736510210569,0.0978613992118802,-0.0458146172165327,-0.44928418337472076,-0.8075254458409006,-0.5034213098729232,-0.4398587891593254,-0.4398587891593254
242,33.6803353427017,0.0588867193488369,-0.0454405866888509,-0.4456187627115193,-0.7976218293562206,-0.5522971652003914,-0.4398587891593254,-0.4398587891593254
243,33.69280464181808,0.112583625386971,-0.0451122959065134,-0.44240153056262715,-0.7939024259740525,-0.8553274682306942,-0.4398587891593254,-0.4398587891593254
244,33.70337734533945,0.1016150723848144,-0.0447875061168643,-0.4392185610342939,-0.7389651408731288,-1.021505376344086,-0.3398587891593253,-0.3398587891593253
245,33.715277127439585,0.1068386583750577,-0.0448279014071089,-0.4396144410886462,-0.7319681829427918,-0.9237536656891496,-0.23985878915932524,-0.23985878915932524
246,33.71922572280191,0.0761109342074477,-0.0452966890059978,-0.44420857898962546,-0.71862705801352,-0.8944281524926687,-0.3398587891593252,-0.3398587891593252
247,33.73281135619556,0.1210571509600811,-0.0457654766048866,-0.4488026192705228,-0.7153049860041284,-0.9726295210166178,-0.3398587891593252,-0.3398587891593252
248,33.73534270450809,0.0520900845113013,-0.0462046577767223,-0.45310643204069284,-0.7297940007688593,-0.8846529814271751,-0.23985878915932513,-0.23985878915932513
249,33.73940033781046,0.0277177926883093,-0.046641539987014,-0.4573876291307342,-0.7422316458225315,-0.6891495601173023,-0.3398587891593251,-0.3398587891593251
250,33.74700429496951,0.0680704932648872,-0.0470180493894684,-0.46107713704681363,-0.741325032183007,-0.5425219941348978,-0.4398587891593251,-0.4398587891593251
251,33.75494270040087,0.0754684432821042,-0.0473229681116112,-0.46406506246278506,-0.773226234746054,-0.7184750733137832,-0.5398587891593251,-0.5398587891593251
252,33.76998063550694,0.1040303904806803,-0.0476278868337539,-0.4670529447321085,-0.8056952854066372,-0.7478005865102642,-0.5398587891593251,-0.5398587891593251
253,33.76683205901186,0.0174537534079463,-0.0470202011924062,-0.4610982229038565,-0.8123067417599209,-0.669599217986315,-0.5398587891593251,-0.5398587891593251
254,33.776103153629435,0.0778504008448284,-0.0463481001192952,-0.45451209496009753,-0.8139017661134169,-0.8651026392961878,-0.639858789159325,-0.639858789159325
255,33.78364306235327,0.0751728185645249,-0.0458065734132771,-0.4492053564506826,-0.8473133872797999,-1.1192570869990224,-0.539858789159325,-0.539858789159325
256,33.80475310607616,0.1550794803354374,-0.0454344655028669,-0.44555877585382675,-0.8482432636900988,-1.2561094819159337,-0.539858789159325,-0.539858789159325
257,33.801833444174896,0.0540584932548008,-0.0450623575924566,-0.44191213356298803,-0.9402948626765328,-1.2658846529814274,-0.43985878915932486,-0.43985878915932486
258,33.81400313334894,0.1047850578987807,-0.0450577535999603,-0.44186701424071306,-0.9641397450864034,-1.2561094819159337,-0.43985878915932486,-0.43985878915932486
259,33.82750746589076,0.1277814289948649,-0.0450761759512186,-0.44204755401030876,-0.9789032243960524,-1.3929618768328447,-0.43985878915932486,-0.43985878915932486
260,33.84035526284215,0.1137614413671779,-0.0453082438829247,-0.444321816033874,-1.0105147050566716,-1.2267839687194524,-0.33985878915932477,-0.33985878915932477
261,33.84922250096917,0.0975788270582153,-0.0458208167742784,-0.4493449372112335,-1.069638443509231,-1.1681329423264906,-0.33985878915932477,-0.33985878915932477
262,33.85407024003522,0.0691304900533087,-0.0463333896656321,-0.4543679403317648,-1.0751817065116651,-0.9824046920821115,-0.33985878915932477,-0.33985878915932477
263,33.8680433115335,0.0984457597027587,-0.046518933951668,-0.456186168519779,-1.0770146164409446,-1.0312805474095796,-0.43985878915932475,-0.43985878915932475
264,33.87166705479946,0.0488350063466767,-0.0466893712148168,-0.45785634266148667,-1.0857393147714602,-0.9628543499511242,-0.43985878915932475,-0.43985878915932475
265,33.88653331315114,0.119544589348982,-0.0463169762718376,-0.45420709767908163,-1.085880582504069,-0.7771260997067451,-0.43985878915932475,-0.43985878915932475
266,33.89699375061888,0.1283556733630035,-0.0452387200452389,-0.44364048604016204,-1.0823876904387235,-0.7282502443792769,-0.5398587891593247,-0.5398587891593247
267,33.88843784894902,0.0099063551510556,-0.0441604638186402,-0.4330733586086748,-1.0735052037660129,-0.806451612903226,-0.5398587891593247,-0.5398587891593247
268,33.903719267314074,0.0446720551949835,-0.0437777178202126,-0.4293222492842557,-1.0630308469863674,-1.0606060606060606,-0.5398587891593247,-0.5398587891593247
269,33.897369995743205,-0.0121020134835147,-0.0434261732924978,-0.4258768751329177,-1.045024024332901,-1.0606060606060606,-0.43985878915932464,-0.43985878915932464
270,33.90160362609766,0.0348045301994671,-0.0432536554602834,-0.4241860644103769,-1.0494344165250022,-1.1485826001955033,-0.43985878915932464,-0.43985878915932464
271,33.91336217423329,0.0921537442448197,-0.0433146440429906,-0.42478380203322014,-1.0492731355071416,-1.2561094819159337,-0.33985878915932455,-0.33985878915932455
272,33.92400399148314,0.0962930668783851,-0.043375632625698,-0.4253815380760365,-1.016652025183315,-1.304985337243402,-0.33985878915932455,-0.33985878915932455
273,33.917397782391184,0.0120761200838154,-0.0437464360231898,-0.4290156686591633,-1.024100238403093,-1.1974584555229715,-0.23985878915932446,-0.23985878915932446
274,33.92035853194276,0.045443085463154,-0.0441405866484415,-0.43287855358704047,-0.9861940376194578,-1.129032258064516,-0.23985878915932446,-0.23985878915932446
275,33.92515617613213,0.0464731245117837,-0.0445001382639991,-0.43640229125255225,-0.9782490427218004,-1.0117302052785924,-0.23985878915932446,-0.23985878915932446
276,33.9261077040217,0.0114518897665031,-0.0448185063568202,-0.43952236821551377,-0.9781412902876097,-0.9335288367546433,-0.23985878915932446,-0.23985878915932446
277,33.921494509926326,-0.0393193623173775,-0.04513687444964119,-0.4426424006292599,-0.9374961998375564,-0.9042033235581624,-0.23985878915932446,-0.23985878915932446
278,33.92752999363683,0.0283180523734354,-0.0454545241269733,-0.44575534780109566,-0.9447179472778824,-0.8162267839687196,-0.13985878915932437,-0.13985878915932437
279,33.93918568908819,0.0719273295403564,-0.045772122806216,-0.4488677502283588,-0.932181797650836,-0.7771260997067451,-0.13985878915932437,-0.13985878915932437
280,33.942390420136874,0.0361290775044522,-0.0457247758709702,-0.44840376276188804,-0.92889574833471,-0.7478005865102642,-0.13985878915932437,-0.13985878915932437
281,33.943824269595446,0.0263069089794024,-0.0452464007396244,-0.44371575655112716,-0.8512335937997657,-0.7869012707722387,-0.13985878915932437,-0.13985878915932437
282,33.9431954896115,0.0072124113982188,-0.0447680256082785,-0.4390276487992261,-0.80452914913284,-0.7282502443792769,-0.13985878915932437,-0.13985878915932437
283,33.94375508618801,0.0149209599112622,-0.0450621544673497,-0.44191014292849884,-0.8084280264527248,-0.6598240469208214,-0.13985878915932437,-0.13985878915932437
284,33.95745537182112,0.076003444956637,-0.045417412716640196,-0.4453916605918218,-0.8134869174150946,-0.6891495601173023,-0.13985878915932437,-0.13985878915932437
285,33.94660608020648,-0.048669697537615,-0.0459662356751683,-0.4507699945704171,-0.811447884586318,-0.8357771260997069,-0.13985878915932437,-0.13985878915932437
286,33.95394205555591,0.0191545173536131,-0.0467689782438422,-0.4586364351293024,-0.8037052632727635,-0.7478005865102642,-0.13985878915932437,-0.13985878915932437
287,33.95039966952196,-0.006589229378434,-0.04757172081251619,-0.4665025801448892,-0.8129331773963641,-0.9042033235581624,-0.13985878915932437,-0.13985878915932437
288,33.951720277177465,-0.0076666268371098,-0.047760070905147,-0.46834819590993254,-0.8241185468925074,-0.9335288367546433,-0.03985878915932428,-0.03985878915932428
289,33.93860848047189,-0.0721763164143239,-0.0479096128550861,-0.46981352437577756,-0.817899898367146,-0.9237536656891496,-0.03985878915932428,-0.03985878915932428
290,33.9273184558313,-0.0893018092414744,-0.04808604119759259,-0.47154229313889134,-0.7604699418048128,-0.8162267839687196,-0.03985878915932428,-0.03985878915932428
291,33.910764761130146,-0.1420669667656473,-0.0482973760563058,-0.47361308112864053,-0.7596487589829534,-0.6891495601173023,-0.03985878915932428,-0.03985878915932428
292,33.9100612204625,-0.0546781531073699,-0.048508710915019,-0.47568384796568225,-0.7814142504826193,-0.5034213098729232,-0.13985878915932426,-0.13985878915932426
293,33.90474495710317,-0.0519971415662745,-0.0492786522457381,-0.4832279458122973,-0.8202016567944,-0.5229716520039105,-0.23985878915932424,-0.23985878915932424
294,33.89933608736096,-0.0420845753520936,-0.0500751878294174,-0.49103231996668023,-0.8239128253761675,-0.5718475073313787,-0.23985878915932424,-0.23985878915932424
295,33.893212592720175,-0.0767863675020673,-0.0505998407324934,-0.49617264555760476,-0.8393854663031624,-0.7575757575757578,-0.3398587891593242,-0.3398587891593242
296,33.88347219713414,-0.0943322953369367,-0.0507693109678188,-0.4978330135974741,-0.8559886772197567,-0.8846529814271751,-0.3398587891593242,-0.3398587891593242
297,33.859231086460106,-0.1799750361742443,-0.0509387812031443,-0.4994933673395004,-0.8670590547877889,-0.8651026392961878,-0.23985878915932413,-0.23985878915932413
298,33.84250092059592,-0.1667904452246105,-0.050490315425496,-0.49509957450078096,-0.8829108125446231,-0.806451612903226,-0.3398587891593241,-0.3398587891593241
299,33.82373492894554,-0.1930047879748413,-0.0500099514849766,-0.49039315258403204,-0.8825815465790546,-0.9237536656891496,-0.3398587891593241,-0.3398587891593241
300,33.81569971831845,-0.1264568925384595,-0.0495759233510098,-0.486140613812285,-0.9104985493992868,-0.9530791788856305,-0.3398587891593241,-0.3398587891593241
301,33.79451204018344,-0.1778607074454039,-0.0492033997686638,-0.4824906138129278,-0.9154562492860272,-0.9530791788856305,-0.3398587891593241,-0.3398587891593241
302,33.78167445917356,-0.1496182877256829,-0.04883087618631779,-0.4788405468565059,-0.9102279871068788,-0.9335288367546433,-0.3398587891593241,-0.3398587891593241
303,33.76276122589278,-0.1821080537102782,-0.0483590031845338,-0.47421693738200693,-0.9228839154171368,-1.050830889540567,-0.3398587891593241,-0.3398587891593241
304,33.7389792054079,-0.2183699454711291,-0.0478800600815309,-0.46952394412126014,-0.9443512736993692,-1.0606060606060606,-0.3398587891593241,-0.3398587891593241
305,33.720213798217074,-0.2068101710593118,-0.0473802788560436,-0.4646266506869767,-0.9406341376159676,-0.9921798631476051,-0.3398587891593241,-0.3398587891593241
306,33.718963728608536,-0.0804592700667491,-0.04685529157584619,-0.45948224132936966,-0.965103151020304,-0.9530791788856305,-0.3398587891593241,-0.3398587891593241
307,33.70708553722021,-0.099054237854821,-0.0463303042956488,-0.45433770533310947,-0.9623278684449734,-0.9726295210166178,-0.3398587891593241,-0.3398587891593241
308,33.69934506239157,-0.0837922931564149,-0.046591025967906,-0.45689262493208316,-0.958655321227458,-1.0019550342130987,-0.3398587891593241,-0.3398587891593241
309,33.68853470558877,-0.0955267934484144,-0.0469149651490975,-0.4600669957855953,-0.9522486549907544,-1.0312805474095796,-0.3398587891593241,-0.3398587891593241
310,33.67993155094141,-0.0967643030307005,-0.0472836142443649,-0.4636794328703882,-0.961515783670082,-1.0606060606060606,-0.23985878915932402,-0.23985878915932402
311,33.65866981926689,-0.1685510381151099,-0.0477072315818671,-0.4678304325713989,-0.9626770379253744,-1.0606060606060606,-0.23985878915932402,-0.23985878915932402
312,33.64127907303996,-0.1709308289255306,-0.04813084891936939,-0.4719813483194693,-0.9702396530883552,-1.0312805474095796,-0.13985878915932393,-0.13985878915932393
313,33.62994721294942,-0.1243597309745333,-0.0477363363728104,-0.46811562551736596,-0.9860437301300446,-1.0703812316715542,-0.13985878915932393,-0.13985878915932393
314,33.622347370161336,-0.1115338114994642,-0.047280430046251695,-0.4636482307969313,-0.9856205466115672,-0.9628543499511242,-0.03985878915932384,-0.03985878915932384
315,33.609580963367286,-0.1165593582091591,-0.046861014362387,-0.4595383202431029,-0.9694260792731334,-0.8846529814271751,0.06014121084067625,0.06014121084067625
316,33.5980715028966,-0.1040662964902582,-0.0464900804228835,-0.4559034214223831,-0.9331499270057348,-0.7771260997067451,0.06014121084067625,0.06014121084067625
317,33.59101236741969,-0.0755866668717122,-0.0461191464833799,-0.4522684598730051,-0.9112498915312902,-0.5816226783968723,0.16014121084067634,0.16014121084067634
318,33.57494704375958,-0.1394703770232207,-0.0452430657161887,-0.44368307345233526,-0.8542510477702524,-0.4154447702834796,0.16014121084067634,0.16014121084067634
319,33.56052482396523,-0.147366951748244,-0.0443322276409604,-0.4347567125744079,-0.6672775886140293,-0.29814271749755594,0.16014121084067634,0.16014121084067634
320,33.53846489248642,-0.2082766572237511,-0.0429476383116451,-0.4211868241448358,-0.6326528099627108,-0.24926686217008776,0.06014121084067636,0.06014121084067636
321,33.53183507775108,-0.1107254125919716,-0.0409465632359007,-0.40157354894690916,-0.598184879999715,-0.2101661779081132,0.06014121084067636,0.06014121084067636
322,33.51674821790967,-0.1482218610640956,-0.0389454881601563,-0.38195866572797127,-0.5061382869397847,-0.053763440860215006,0.06014121084067636,0.06014121084067636
323,33.50954425309649,-0.1052416952237064,-0.0362155322670509,-0.35519671574047157,-0.3970527401527259,-0.15151515151515138,-0.039858789159323615,-0.039858789159323615
324,33.48206426355346,-0.2042428905093764,-0.033446404637188495,-0.3280480590254809,-0.3786337975196171,-0.3079178885630496,-0.039858789159323615,-0.039858789159323615
325,33.461042831362505,-0.202263289923076,-0.0316253091401334,-0.31019256958800473,-0.353740148831517,-0.3958944281524923,0.06014121084067647,0.06014121084067647
326,33.444847637167406,-0.1822553530081843,-0.0310441068607977,-0.30449377417382106,-0.3692479203936754,-0.3176930596285432,0.06014121084067647,0.06014121084067647
327,33.42999023341122,-0.2073423399108671,-0.0304629045814619,-0.2987948759028332,-0.3530296051839549,-0.4447702834799605,0.06014121084067647,0.06014121084067647
328,33.435623263299895,-0.0401257571791213,-0.0310873646844387,-0.3049179286698745,-0.3632870654672097,-0.6402737047898341,0.16014121084067656,0.16014121084067656
329,33.41394874009255,-0.164778558303932,-0.0317721708078786,-0.3116325587864191,-0.362828497602714,-0.48387096774193505,0.36014121084067663,0.36014121084067663
330,33.39816776128469,-0.1599053007993592,-0.032010761791320695,-0.31397194616883445,-0.309722244405188,-0.24926686217008776,0.36014121084067663,0.36014121084067663
331,33.36411080130938,-0.2715094440219734,-0.0316510811788574,-0.3104452667632835,-0.2611090059767065,-0.1808406647116323,0.36014121084067663,0.36014121084067663
332,33.34792770708663,-0.2061940458645296,-0.0312914005663942,-0.3069185471953854,-0.1696478660083454,-0.09286412512218956,0.36014121084067663,0.36014121084067663
333,33.32436299965256,-0.2374513247027602,-0.0306587687681945,-0.3007154063685968,-0.1636143269916513,0.27859237536656867,0.36014121084067663,0.36014121084067663
334,33.31081688140651,-0.1806065369314036,-0.0300056255673254,-0.2943110189650837,-0.1538816732649584,0.3958944281524923,0.16014121084067667,0.16014121084067667
335,33.29852714336525,-0.1253102960661863,-0.0284916238038317,-0.279465015592743,-0.1453111821025919,0.35679374389051777,0.060141210840676695,0.060141210840676695
336,33.2822185506563,-0.1482251650572965,-0.0258670396379556,-0.2537273616516677,-0.084446551348041,0.3079178885630496,0.060141210840676695,0.060141210840676695
337,33.263400810538585,-0.1700220224837701,-0.0232424554720795,-0.22798795992537002,-0.0372526116610442,0.37634408602150504,-0.03985878915932328,-0.03985878915932328
338,33.24121172456742,-0.1910827470101532,-0.0214504939540312,-0.21041320880576428,-0.0048314297501941,0.14173998044965774,-0.13985878915932326,-0.13985878915932326
339,33.23138689429119,-0.1215728242930804,-0.0197138986653163,-0.19338081948940047,0.0052502360068257,-0.06353861192570864,-0.03985878915932317,-0.03985878915932317
340,33.21380496948331,-0.1675996311295788,-0.0187463834889619,-0.1838912508632509,-0.0153673587524683,-0.1319648093841641,-0.03985878915932317,-0.03985878915932317
341,33.198536943975775,-0.1716793409062532,-0.0186929056695422,-0.18336672537167403,-0.0126860787803509,-0.15151515151515138,-0.03985878915932317,-0.03985878915932317
342,33.16065953817271,-0.2906474536273407,-0.0186394278501224,-0.1828421993556899,-0.0226754220230471,-0.37634408602150504,0.06014121084067692,0.06014121084067692
343,33.13218279870085,-0.2932514627477296,-0.0189112441751017,-0.18550824751785666,-0.0208709550266897,-0.3079178885630496,0.160141210840677,0.160141210840677
344,33.11371949878182,-0.2202767055416737,-0.0192071639669096,-0.18841069342363115,-0.0202418056211715,-0.03421309872922773,0.160141210840677,0.160141210840677
345,33.092701788575894,-0.180078406848252,-0.0193444326202829,-0.1897570487499682,-0.0312962242117308,-0.03421309872922773,0.06014121084067703,0.06014121084067703
346,33.06127488022469,-0.1973300125452555,-0.0192930675228488,-0.18925325117099787,-0.0582824567241418,-0.03421309872922773,0.06014121084067703,0.06014121084067703
347,33.06595878406257,-0.0801536111734464,-0.0192417024254148,-0.18874945309270777,-0.0551906860225001,0.23949169110459412,0.06014121084067703,0.06014121084067703
348,33.0444066009928,-0.1362573682352367,-0.0193751022596469,-0.19005786153090776,-0.0550163620487485,0.2590420332355814,-0.03985878915932295,-0.03985878915932295
349,33.02336390419895,-0.1563370717929247,-0.0195224554653435,-0.19150312309569106,-0.0668689514991478,0.1026392961876832,-0.13985878915932293,-0.13985878915932293
350,32.999185407094224,-0.2085712700145275,-0.0195130272334464,-0.19141064975707678,-0.0650880060906096,0.21994134897360684,-0.03985878915932284,-0.03985878915932284
351,32.98306556665093,-0.1778244111458547,-0.0193026909888326,-0.18934763979402502,-0.0617637443020554,0.2101661779081132,-0.13985878915932282,-0.13985878915932282
352,32.96299913055307,-0.18070308667699,-0.0190923547442187,-0.1872846214539798,-0.0592217548971414,0.1319648093841641,-0.13985878915932282,-0.13985878915932282
353,32.93902957534799,-0.2026488730310353,-0.0194264924859202,-0.19056190477705917,-0.0768933912110594,0.014662756598240456,-0.13985878915932282,-0.13985878915932282
354,32.92994530354559,-0.1472029521744024,-0.0197862033459967,-0.19408999007309805,-0.0989319164739716,-0.014662756598240456,-0.13985878915932282,-0.13985878915932282
355,32.91838115636944,-0.1476242033055695,-0.0200991434286873,-0.19715932181830195,-0.0985321716851811,-0.08308895405669592,-0.13985878915932282,-0.13985878915932282
356,32.9087381857843,-0.1100865577473806,-0.0203498125227641,-0.19961788272706812,-0.0889943577226701,-0.20039100684261957,-0.13985878915932282,-0.13985878915932282
357,32.8955978282878,-0.1443852153983929,-0.020600481616841,-0.20207643109284665,-0.0902812155352674,-0.21994134897360684,-0.03985878915932273,-0.03985878915932273
358,32.88663771734848,-0.1256133502918074,-0.0201518474123163,-0.1976762431942014,-0.0681077560422505,-0.15151515151515138,-0.03985878915932273,-0.03985878915932273
359,32.8798876298621,-0.0404844896757305,-0.0196640464832211,-0.1928918643715125,-0.0442662092340483,-0.14173998044965774,-0.03985878915932273,-0.03985878915932273
360,32.871268864432714,-0.0575780131932404,-0.0192848678817312,-0.18917282765531274,-0.0383352296750697,-0.12218963831867047,-0.03985878915932273,-0.03985878915932273
361,32.879526893784025,0.0249110413273677,-0.0190684566836603,-0.1870502241539419,-0.0426896972060233,-0.1026392961876832,-0.03985878915932273,-0.03985878915932273
362,32.88437240980505,0.0491852720121727,-0.0188520454855894,-0.1849276118922971,-0.0421097202527116,-0.014662756598240456,-0.03985878915932273,-0.03985878915932273
363,32.90021199767042,0.1319972977421786,-0.0189906748418176,-0.18628732243915522,-0.0437161110795141,-0.12218963831867047,-0.03985878915932273,-0.03985878915932273
364,32.90641289951455,0.0923125302778932,-0.0191571791050574,-0.18792043213996085,-0.0432959450134476,-0.09286412512218956,0.06014121084067736,0.06014121084067736
365,32.927413287367855,0.1393757280170463,-0.0195814768207195,-0.19208201192558688,-0.053769888085711,-0.07331378299120228,0.06014121084067736,0.06014121084067736
366,32.940074586404094,0.134974199496688,-0.0203385548327747,-0.19950746764183225,-0.0596892876318032,-0.04398826979472137,0.06014121084067736,0.06014121084067736
367,32.95275761627868,0.1233259601879246,-0.0210956328448299,-0.2069328090069632,-0.0555991913274333,-0.07331378299120228,0.06014121084067736,0.06014121084067736
368,32.97032335362902,0.1424912206736667,-0.0213489020148784,-0.2094168200732972,-0.0481439968296408,0.004887585532746819,0.16014121084067745,0.16014121084067745
369,32.98669251694997,0.1647863807733171,-0.0215677816340362,-0.21156353479951026,-0.0483964535490238,0.12218963831867047,0.16014121084067745,0.16014121084067745
370,32.99343996124179,0.1447697481604624,-0.021355356169465,-0.20948012089720253,-0.023700500237231,0.11241446725317683,0.06014121084067747,0.06014121084067747
371,33.00957166368648,0.1395926694688403,-0.0205922734928811,-0.2019959264752818,0.0027279943180785,0.14173998044965774,0.06014121084067747,0.06014121084067747
372,33.01584251687331,0.0838618198980222,-0.0198291908162971,-0.19451161443211315,0.0506276177416213,0.14173998044965774,0.06014121084067747,0.06014121084067747
373,33.03699834545618,0.1688289733806382,-0.0194927585095019,-0.19121185138893254,0.0529331433066172,0.27859237536656867,0.06014121084067747,0.06014121084067747
374,33.061929948614484,0.2277600713565359,-0.0191898048133939,-0.18824043151018535,0.0469603946404753,0.1808406647116323,-0.039858789159322505,-0.039858789159322505
375,33.079830824236865,0.2092717849391047,-0.0189406256375685,-0.1857964280451042,0.0470776499582825,0.08308895405669592,0.060141210840677584,0.060141210840677584
376,33.1106358329921,0.2745170833500155,-0.018756529658615,-0.183990767289144,0.0543061637454898,0.04398826979472137,0.060141210840677584,0.060141210840677584
377,33.1362823309613,0.255071646229065,-0.0185724336796614,-0.18218510029749113,0.0616041060913077,0.024437927663734094,0.060141210840677584,0.060141210840677584
378,33.16616440460128,0.2774611344341473,-0.0169186128761016,-0.16596367449133834,0.0847374508175194,-0.014662756598240456,0.16014121084067767,0.16014121084067767
379,33.19005884847423,0.2668008043250182,-0.015133617552284399,-0.14845512134664932,0.1033455159071119,-0.053763440860215006,0.16014121084067767,0.16014121084067767
380,33.20575756600274,0.176980066340484,-0.013330086756422598,-0.13076427838968324,0.1376076235101244,0.06353861192570864,0.26014121084067776,0.26014121084067776
381,33.24367514625543,0.3260017387849943,-0.0115024103791106,-0.11283615764100248,0.1496702967631138,0.04398826979472137,0.26014121084067776,0.26014121084067776
382,33.26673076208996,0.2638459724161475,-0.0096747340017985,-0.09490765997441858,0.1517303762242136,0.15151515151515138,0.26014121084067776,0.26014121084067776
383,33.298675313410705,0.3400703937263558,-0.0079040346491254,-0.07753777255595519,0.1598040824323122,0.29814271749755594,0.26014121084067776,0.26014121084067776
384,33.33465457299592,0.3362146100673236,-0.0061363282941098,-0.060197002781967164,0.1682604072381624,0.3372434017595305,0.26014121084067776,0.26014121084067776
385,33.38056720925458,0.4492829671052742,-0.0041543135548846,-0.04075369874977865,0.2035287857857839,0.3372434017595305,0.26014121084067776,0.26014121084067776
386,33.38908714926463,0.2334119624802293,-0.0018909463543016,-0.018550172680786337,0.2398031646009544,0.34701857282502413,0.26014121084067776,0.26014121084067776
387,33.432465664083004,0.3041205995317833,0.0003724208462813,0.0036534484175656545,0.2551461282230001,0.42521994134897323,0.26014121084067776,0.26014121084067776
388,33.47157576599018,0.3870956194941798,0.0022207848764874,0.021785881730752174,0.2792775707105803,0.562072336265885,0.26014121084067776,0.26014121084067776
389,33.49895317210671,0.3466502572199579,0.0040497926107816,0.039728356915286665,0.2902907986208684,0.6109481915933532,0.26014121084067776,0.26014121084067776
390,33.53588463564872,0.3571368403432018,0.0059444798446391,0.05831500382982763,0.3090508164948137,0.7184750733137832,0.26014121084067776,0.26014121084067776
391,33.562742293309206,0.2743429995404663,0.0079263796963878,0.0777569706029814,0.3247853704481524,0.6402737047898341,0.26014121084067776,0.26014121084067776
392,33.60637568012739,0.3596836136041514,0.0099082795481366,0.0971986319525301,0.3774125832666289,0.7282502443792769,0.26014121084067776,0.26014121084067776
393,33.625536670568444,0.2591816052709689,0.0122959026170762,0.12061976521851198,0.4572263633899228,0.7673509286412514,0.26014121084067776,0.26014121084067776
394,33.66322954853364,0.3302800105184106,0.0147109872725868,0.14430957993094326,0.5456743365412291,0.8162267839687196,0.26014121084067776,0.26014121084067776
395,33.687081773482845,0.2742254077899981,0.0168769338877704,0.16555486198787048,0.5931783979546498,0.7478005865102642,0.26014121084067776,0.26014121084067776
396,33.707118840977095,0.2223938990761489,0.0187226387564024,0.18365835591378232,0.6028871600994657,0.7966764418377323,0.26014121084067776,0.26014121084067776
397,33.7210889843562,0.1733280464434601,0.0205683436250344,0.20176122418445652,0.6542665630432414,0.8651026392961878,0.26014121084067776,0.26014121084067776
398,33.737439151341576,0.1627000798363768,0.022717007061419,0.2228346720188796,0.6910700432796505,0.8162267839687196,0.26014121084067776,0.26014121084067776
399,33.76521805999509,0.228105287775695,0.0248875992421603,0.24412214550279407,0.7658190472736555,0.8553274682306942,0.26014121084067776,0.26014121084067776
400,33.776220052487304,0.185352996978406,0.0268425045158241,0.26329334861947273,0.8873102764047206,0.8846529814271751,0.26014121084067776,0.26014121084067776
401,33.802183790997546,0.2379093013178992,0.0285371383370869,0.2799113316593625,0.9000777756998426,0.9433040078201369,0.26014121084067776,0.26014121084067776
402,33.83068259361999,0.2616376744261982,0.0302317721583497,0.2965285108546202,0.9125776199152704,0.8846529814271751,0.26014121084067776,0.26014121084067776
403,33.85090783028862,0.224385270260963,0.031739120491127,0.31130849864231547,0.9162703433628318,0.8944281524926687,0.26014121084067776,0.26014121084067776
404,33.859330885247,0.1250573833015532,0.0332314604469687,0.3259406282543654,0.9200320431610784,0.9237536656891496,0.26014121084067776,0.26014121084067776
405,33.861415822434004,0.0586563798215018,0.0343143769067346,0.3365579801974273,0.9631387609763036,0.9335288367546433,0.26014121084067776,0.26014121084067776
406,33.85664867874812,-0.0061258135333948,0.0349249657947892,0.3425442679561335,0.9745417318906922,0.9824046920821115,0.26014121084067776,0.26014121084067776
407,33.86118920364372,0.0198863914148308,0.0355355546828438,0.348530428007904,0.9706620301763488,1.0410557184750733,0.26014121084067776,0.26014121084067776
408,33.87699100986468,0.1080106200016809,0.03532710662277069,0.3464868359550712,0.9603211869025328,1.0606060606060606,0.26014121084067776,0.26014121084067776
409,33.88599851350786,0.1161325228124824,0.0350615690451374,0.34388352544277084,0.947303880449797,0.9433040078201369,0.26014121084067776,0.26014121084067776
410,33.895919262899696,0.0966905767827828,0.03496698943411,0.34295626815804464,0.945847622062064,0.8944281524926687,0.26014121084067776,0.26014121084067776
411,33.8961100849581,0.0363439544226835,0.0350984178003417,0.3442447893305266,0.9461325743111296,0.8944281524926687,0.26014121084067776,0.26014121084067776
412,33.899697419361495,0.0295230030615839,0.0352298461665734,0.34553330455672526,0.9501918336900744,0.913978494623656,0.26014121084067776,0.26014121084067776
413,33.89876922000308,0.0133894687259005,0.0358928766198878,0.35203352089710443,0.955036569078305,0.8846529814271751,0.26014121084067776,0.26014121084067776
414,33.89543551822663,-0.0316891147972437,0.036580091638033,0.35877067445096883,0.9607734057540048,0.8846529814271751,0.36014121084067785,0.36014121084067785
415,33.890369912636416,-0.0638612826497959,0.037031557708190194,0.3631965570661798,0.9660234645973416,0.9237536656891496,0.36014121084067785,0.36014121084067785
416,33.88870491956584,-0.0230237135145715,0.037165828868632,0.3645128508132541,0.9684514240496,0.8846529814271751,0.36014121084067785,0.36014121084067785
417,33.88214405351649,-0.0414227296074293,0.0373001000290738,0.36582913798861927,0.9715992745244534,0.913978494623656,0.36014121084067785,0.36014121084067785
418,33.880803533304174,-0.0293785259005117,0.0370059685392842,0.36294569930375675,0.970222006348313,1.0410557184750733,0.36014121084067785,0.36014121084067785
419,33.8781315177803,-0.0325272017438451,0.036688755755727,0.35983595419920744,0.9656087094503384,1.1388074291300097,0.36014121084067785,0.36014121084067785
420,33.8722443821004,-0.0466619232688162,0.0366762881744865,0.35971372950659647,0.9718383039523488,1.1779081133919842,0.2601412108406779,0.2601412108406779
421,33.86234793750266,-0.0807088233579675,0.0370752119626822,0.3636245113539255,0.9701210672757749,1.1192570869990224,0.2601412108406779,0.2601412108406779
422,33.84742701419747,-0.1335826188657717,0.0374741357508778,0.36753523533398086,0.9929621534535495,1.0899315738025415,0.2601412108406779,0.2601412108406779
423,33.83832469527153,-0.1211330070874267,0.0381129864738911,0.37379788551833254,0.9958599670372142,1.1388074291300097,0.2601412108406779,0.2601412108406779
424,33.835434180474095,-0.0722712818382112,0.0387692355485394,0.3802309327786457,0.9966345202795084,1.050830889540567,0.1601412108406779,0.1601412108406779
425,33.81690233376409,-0.1440831875355007,0.0391737108010311,0.3841958221831207,0.9926411515010396,0.913978494623656,0.1601412108406779,0.1601412108406779
426,33.806581400843555,-0.1355713356686444,0.0392604235689759,0.3850458203778483,0.987434574080585,1.021505376344086,0.260141210840678,0.260141210840678
427,33.79545667822943,-0.1023397300347009,0.03934713633692069,0.3858958156773763,0.985110335328182,1.0410557184750733,0.160141210840678,0.160141210840678
428,33.77677982296721,-0.1418519611185891,0.0394351030150065,0.38675809937063954,0.989757848476072,1.0410557184750733,0.160141210840678,0.160141210840678
429,33.76697090783047,-0.1005929355963579,0.0395231659533127,0.38762132364642937,0.990135195845081,0.8651026392961878,0.160141210840678,0.160141210840678
430,33.76393558533195,-0.0695579393031722,0.0397776556506393,0.3901159053504604,0.9919272842418254,0.913978494623656,0.2601412108406781,0.2601412108406781
431,33.76414831553322,-0.0308732059474626,0.0402287092314272,0.39453720098082207,0.9847052380983284,1.0801564027370478,0.2601412108406781,0.2601412108406781
432,33.76757734256588,0.0116285851917557,0.0406797628122152,0.39895841634285584,0.986508461678091,1.0117302052785924,0.16014121084067812,0.16014121084067812
433,33.77307273775743,0.0338808663041618,0.0418077814478435,0.41001486812026744,0.9869274139874074,1.0019550342130987,0.16014121084067812,0.16014121084067812
434,33.75848713415803,-0.0381873070317215,0.0429877565534921,0.42158002085349683,0.991143078338762,1.0606060606060606,0.16014121084067812,0.16014121084067812
435,33.74982777710272,-0.1819253798095409,0.0440260368989888,0.43175591226548077,1.0069168336926992,1.2170087976539588,0.16014121084067812,0.16014121084067812
436,33.73480130372314,-0.2232583019045304,0.0448956592465209,0.44027847672015147,1.007031589872207,1.1681329423264906,0.06014121084067814,0.06014121084067814
437,33.79291066860866,0.2471551391619225,0.0457652815940529,0.44880070821731405,1.0128197977411508,1.099706744868035,0.06014121084067814,0.06014121084067814
438,33.7981782752166,0.1239952628263776,0.0466238332707382,0.457214115077644,1.006435968147566,1.099706744868035,0.06014121084067814,0.06014121084067814
439,33.76406798206998,-0.1523647009355097,0.0474814750660327,0.4656182690440278,1.0026387024721408,1.1779081133919842,-0.03985878915932184,-0.03985878915932184
440,33.72916697283546,-0.2593923392210297,0.0480241039669903,0.47093539033896903,1.007517754959196,1.099706744868035,-0.03985878915932184,-0.03985878915932184
441,33.72794494271839,-0.0910738252879115,0.0481555008236182,0.47222290329567745,0.989063380009529,0.9433040078201369,-0.03985878915932184,-0.03985878915932184
442,33.7470312428988,0.086911530206689,0.048286897680246,0.4735104080993933,0.990932698561669,0.9824046920821115,-0.03985878915932184,-0.03985878915932184
443,33.76246809217157,0.265762958442243,0.0469933407093578,0.4608350126326475,0.954595706955306,0.9921798631476051,-0.03985878915932184,-0.03985878915932184
444,33.754780271965295,-0.0078402797808602,0.0456171816386346,0.44734936395241404,0.9273792744290752,0.7869012707722387,-0.03985878915932184,-0.03985878915932184
445,33.747133990825844,0.0144249825539883,0.04371130871972889,0.42867139923314873,0.8907525276857388,0.7673509286412514,0.06014121084067825,0.06014121084067825
446,33.750678516116096,0.007639392245246,0.0411124528713935,0.40319955668117824,0.867181414917866,0.8651026392961878,0.06014121084067825,0.06014121084067825
447,33.72309557077104,-0.174553557196792,0.038513597023058,0.37772499090007994,0.8582947932106019,0.7771260997067451,0.06014121084067825,0.06014121084067825
448,33.709115507826674,-0.1126068166745752,0.0367563283256658,0.36049839419396246,0.8350712046863158,0.7673509286412514,0.06014121084067825,0.06014121084067825
449,33.71427381809535,0.0193859403420449,0.0350378023139746,0.34365051700652205,0.8346661134961686,0.7869012707722387,0.06014121084067825,0.06014121084067825
450,33.72220441136631,0.0388203681347348,0.0337995875885904,0.33151082549940036,0.8033656224980579,0.913978494623656,0.06014121084067825,0.06014121084067825
451,33.7299412305926,0.0625525242344065,0.0331800142335053,0.32543621911421555,0.797319755496796,0.9237536656891496,0.06014121084067825,0.06014121084067825
452,33.72768005388617,0.001088940106437,0.0325604408784201,0.31936148780346046,0.7868021709838108,0.9042033235581624,0.06014121084067825,0.06014121084067825
453,33.73139785559986,0.0109060799585404,0.0329673408748903,0.32335103444870494,0.804014644017308,0.8748778103616814,0.06014121084067825,0.06014121084067825
454,33.720012431117546,-0.0839873470145311,0.0334545341872667,0.3281277652979228,0.8008462899583415,0.7966764418377323,0.06014121084067825,0.06014121084067825
455,33.718790805854354,-0.0463323125920504,0.0341259722712462,0.3347108127892907,0.8011869627420719,0.7771260997067451,0.16014121084067834,0.16014121084067834
456,33.711569850696755,-0.0589340710743084,0.035036919264566,0.3436418596085261,0.847063966194045,0.7086999022482896,0.16014121084067834,0.16014121084067834
457,33.70418257381366,-0.0572281162233202,0.0359478662578859,0.35257262126537375,0.8881305153009085,0.7282502443792769,0.2601412108406784,0.2601412108406784
458,33.67908905954975,-0.2069160347264008,0.0373361268219969,0.3661823147600628,0.8990989420920295,0.7282502443792769,0.2601412108406784,0.2601412108406784
459,33.68281995765675,-0.076848885026269,0.0387621760745017,0.38016173136816045,0.9395032597413,0.8651026392961878,0.3601412108406785,0.3601412108406785
460,33.68202015621608,-0.0255413125185874,0.0396404463663807,0.38877094334397394,0.9651437343404522,1.0410557184750733,0.3601412108406785,0.3601412108406785
461,33.66734700559255,-0.1054926082747177,0.0398864914372848,0.39118273754226063,0.9612327222019682,1.2072336265884651,0.26014121084067854,0.26014121084067854
462,33.65911273369865,-0.1311999221090284,0.0401325365081889,0.3935945080590576,0.9635923551234762,1.3538611925708697,0.26014121084067854,0.26014121084067854
463,33.655167788223615,-0.0670932606034648,0.04029586303903919,0.39519544594821465,0.9893042728861604,1.4027370478983379,0.16014121084067856,0.16014121084067856
464,33.65261863489165,-0.0224102529880164,0.0404532046738464,0.3967377095055184,0.9991869679918336,1.5102639296187688,0.06014121084067858,0.06014121084067858
465,33.64487041244963,-0.0552328458710239,0.0403298864570748,0.39552894450660897,1.0373845452249664,1.4711632453567933,0.06014121084067858,0.06014121084067858
466,33.64114978965094,-0.0624259689982259,0.0398589540980602,0.3909128109559401,1.0382175655899453,1.3245356793743888,-0.039858789159321395,-0.039858789159321395
467,33.63316359649233,-0.0526056817000564,0.0393880217390455,0.38629659070968925,1.037162188032383,1.2267839687194524,0.060141210840678694,0.060141210840678694
468,33.61204112695411,-0.1566352794149091,0.0393520385989186,0.38594386964041977,1.0405068602895706,0.9042033235581624,0.060141210840678694,0.060141210840678694
469,33.60334332623114,-0.1084534245762263,0.0393490822827004,0.3859148906293198,1.044351012451599,0.669599217986315,0.16014121084067878,0.16014121084067878
470,33.59872069576042,-0.0801400927422546,0.0394153893401589,0.38656485849969136,1.0827347558464824,0.5718475073313787,0.26014121084067887,0.26014121084067887
471,33.58423703811213,-0.1015029501980351,0.039574701875117,0.38812649570723284,1.0843361069140822,0.5131964809384169,0.36014121084067896,0.36014121084067896
472,33.58124008887233,-0.0356789449202106,0.039734014410075,0.38968812306393524,1.0864563369773153,0.6109481915933532,0.46014121084067905,0.46014121084067905
473,33.57602972994812,-0.0893847531275587,0.0389759195022039,0.3822569706462105,1.08366045691458,0.6793743890518087,0.5601412108406791,0.5601412108406791
474,33.58643545507476,0.0216753402202182,0.0381613787842324,0.3742722688913539,1.0881176831799582,0.8846529814271751,0.6601412108406792,0.6601412108406792
475,33.595980684482406,0.0661124757882849,0.0374474512979978,0.36727364450526967,1.082502714946079,1.0312805474095796,0.5601412108406792,0.5601412108406792
476,33.59460686826095,0.0301450990338888,0.0368634055482992,0.3615481101808756,1.0841532508949048,1.2170087976539588,0.5601412108406792,0.5601412108406792
477,33.59483196145344,0.0059372806148304,0.0362793597986006,0.3558224525290125,1.0882037548844576,1.5493646138807433,0.46014121084067927,0.46014121084067927
478,33.59744598371752,0.0012586115059601,0.0362718130010846,0.3557484671514371,1.0906745985282604,1.8328445747800588,0.2601412108406793,0.2601412108406793
479,33.596913112400614,0.0416823106068954,0.0362895158087347,0.3559220174108627,1.094525589962482,1.9208211143695015,0.06014121084067936,0.06014121084067936
480,33.58952024629836,-0.0353742623203451,0.036194372561064,0.35498927505551603,1.1034647901182215,1.7350928641251224,-0.03985878915932062,-0.03985878915932062
481,33.59012122923366,-0.0222434322570586,0.0359510985431042,0.3526043094959486,1.105169954513511,1.6568914956011733,-0.03985878915932062,-0.03985878915932062
482,33.599668142260626,0.0546342625855945,0.0357078245251444,0.3502193230684658,1.1057137034072748,1.4222873900293251,-0.03985878915932062,-0.03985878915932062
483,33.60468334241696,0.043252685358668,0.0358383581490022,0.35149903864574894,1.085190177763424,1.1681329423264906,-0.03985878915932062,-0.03985878915932062
484,33.605691060030445,0.0299571927946889,0.0359865340377256,0.35295170685329846,1.0893484496200732,0.9530791788856305,-0.03985878915932062,-0.03985878915932062
485,33.604211530777974,-0.0031850921763783,0.0361258690540535,0.35431769495494636,1.0963835037588308,0.8944281524926687,0.06014121084067947,0.06014121084067947
486,33.61269904567695,0.0590596635543232,0.0362536277864512,0.35557018747768365,1.1039524387078297,0.9530791788856305,-0.03985878915932051,-0.03985878915932051
487,33.6251668597119,0.1107088726330356,0.0363813865188488,0.3568226741966989,1.0298634791069443,0.8651026392961878,-0.03985878915932051,-0.03985878915932051
488,33.63662075261148,0.1032699330605843,0.0358990795436281,0.352094332379508,0.9362397250097042,0.8455522971652005,-0.03985878915932051,-0.03985878915932051
489,33.63289348514681,-0.0310845206646959,0.0353710125560065,0.3469172840854633,0.9321696019335688,0.9433040078201369,-0.03985878915932051,-0.03985878915932051
490,33.65151457036325,0.097827597996421,0.0352445901445237,0.34567785319372313,0.909557715164764,0.8944281524926687,-0.13985878915932048,-0.13985878915932048
491,33.64738639532733,0.0222177907690268,0.0355888188435541,0.34905261905087837,0.8905739471767803,0.8162267839687196,-0.039858789159320396,-0.039858789159320396
492,33.6383077501368,-0.0578422458927657,0.0359330475425845,0.35242734354760336,0.8971604717688325,0.7673509286412514,-0.039858789159320396,-0.039858789159320396
493,33.6356163891467,-0.0470394675110106,0.0363375030458369,0.3563924618555557,0.9084613410415324,0.6793743890518087,-0.039858789159320396,-0.039858789159320396
494,33.63542403218132,-0.0068660970778034,0.0367466532500116,0.3604035457924073,0.8680757228471027,0.4740957966764414,-0.039858789159320396,-0.039858789159320396
495,33.648176973057865,0.0843490698512861,0.0371804269105521,0.36465595867134315,0.8554704903724377,0.5229716520039105,0.16014121084067967,0.16014121084067967
496,33.659369250242435,0.0825478964691386,0.03764370954836829,0.36919758108293543,0.8272783297596099,0.6109481915933532,0.16014121084067967,0.16014121084067967
497,33.67008954459104,0.0856230891056289,0.0381069921861844,0.3737391242533551,0.8259684370151046,0.5327468230694041,0.16014121084067967,0.16014121084067967
498,33.678742796275586,0.1046458265670385,0.0388586183342146,0.38110711749597803,0.7833480908955823,0.4740957966764414,0.26014121084067976,0.26014121084067976
499,33.646722292825274,-0.1965970990510085,0.0396294926649114,0.3886635719243343,0.792691803834911,0.669599217986315,0.36014121084067985,0.36014121084067985
500,33.66517219376388,0.0121100013094939,0.0399289425874082,0.39159885174778497,0.7991377496735905,0.8944281524926687,0.26014121084067987,0.26014121084067987
501,33.66213772894212,0.0075708601491473,0.0396132385158537,0.3885042438647205,0.7606725632785644,0.8455522971652005,0.26014121084067987,0.26014121084067987
502,33.67483280853585,0.0996406415254905,0.0392975344442991,0.3854095972598022,0.7577499616693333,0.9921798631476051,0.26014121084067987,0.26014121084067987
503,33.67993037503651,0.0626162827682046,0.0392172119377412,0.3846222405744944,0.7505722885018427,1.236559139784946,0.1601412108406799,0.1601412108406799
504,33.68736849794754,0.0468466309310534,0.0391525086921843,0.38398798897925746,0.7555100845768821,1.158357771260997,0.060141210840679915,0.060141210840679915
505,33.68362369431246,-0.0145969725655691,0.0391435513312388,0.38390018459448055,0.7530481534589526,1.1388074291300097,0.060141210840679915,0.060141210840679915
506,33.68887197920714,0.0198888825831875,0.0392044272440067,0.38449691913084705,0.763947300638844,1.2267839687194524,0.060141210840679915,0.060141210840679915
507,33.68377547129158,-0.0322094851294244,0.0392653031567746,0.3850936522423155,0.7845502445959904,1.1094819159335287,-0.03985878915932006,-0.03985878915932006
508,33.68917939386613,-0.0011606436849764,0.039379819127679,0.3862161854905048,0.8051102026057725,0.8260019550342133,-0.03985878915932006,-0.03985878915932006
509,33.68971554757764,-0.0111481100489647,0.0394970072857485,0.3873649073868015,0.8366083307841136,0.6500488758553278,0.060141210840680026,0.060141210840680026
510,33.687028690780494,-0.00830234670449,0.0395516376106789,0.38790041232644273,0.8705946602353081,0.7086999022482896,0.16014121084068011,0.16014121084068011
511,33.67525832836849,-0.0881531798907228,0.0395257010420023,0.38764617344389346,0.873539614222662,0.6109481915933532,0.16014121084068011,0.16014121084068011
512,33.677428135574345,-0.0191299011011428,0.0394997644733257,0.38739193430057234,0.8886756156981477,0.4154447702834796,0.2601412108406802,0.2601412108406802
513,33.67555669284243,0.0020791107781117,0.0389838058935386,0.38233427737692716,0.9310572793849912,0.4643206256109478,0.46014121084068027,0.46014121084068027
514,33.6710323419547,-0.0154573567725484,0.0384418871190468,0.3770220374372652,0.9282222870013388,0.7478005865102642,0.5601412108406804,0.5601412108406804
515,33.66086699964916,-0.0647217301325963,0.037862147804981,0.3713389334520349,0.9275021975053592,0.8162267839687196,0.5601412108406804,0.5601412108406804
516,33.66013672588994,-0.0489172988959198,0.037231984413963595,0.36516138774468637,0.927197169425868,0.8260019550342133,0.5601412108406804,0.5601412108406804
517,33.645372782122045,-0.1185229452420662,0.0366018210229462,0.35898369702960137,0.9272851957594364,1.1388074291300097,0.6601412108406804,0.6601412108406804
518,33.6351436135719,-0.0851028293350541,0.0365703565826908,0.3586752374289589,0.9385894400401128,1.4320625610948188,0.5601412108406805,0.5601412108406805
519,33.62418110668546,-0.1293060515176763,0.0365855531107701,0.3588242156513591,0.9402730559341956,1.559139784946237,0.3601412108406805,0.3601412108406805
520,33.60612765309254,-0.1633893480445523,0.0365538699521864,0.3585136116736127,1.0355471799287643,1.559139784946237,0.26014121084068054,0.26014121084068054
521,33.61412004003585,0.0242814456798525,0.0364658586938803,0.3576507966028544,1.0619504836288989,1.7350928641251224,0.16014121084068056,0.16014121084068056
522,33.61987903798626,0.0423654300189083,0.0363778474355743,0.35678797876174073,1.0672196224742845,1.9305962854349952,0.06014121084068058,0.06014121084068058
523,33.6322194467042,0.075002574251564,0.0357960864409411,0.3510846191557384,1.060113401871723,1.6764418377321606,-0.13985878915931937,-0.13985878915931937
524,33.64037678614985,0.074453482507067,0.0351787205099906,0.34503207262495783,1.0504923193099382,1.3636363636363633,-0.039858789159319286,-0.039858789159319286
525,33.62022101470146,-0.1145101041618879,0.0350572532573096,0.3438412135815773,1.0465083060116402,1.1094819159335287,-0.039858789159319286,-0.039858789159319286
526,33.61106980479305,-0.100070360528866,0.0355301056030848,0.348477006277877,1.054249373596434,0.8944281524926687,0.0601412108406808,0.0601412108406808
527,33.59415486196302,-0.1553899919434843,0.0360029579488599,0.35311272105843305,1.0556985868988469,0.5718475073313787,0.0601412108406808,0.0601412108406808
528,33.59992851650009,-0.0179717776223545,0.0360745415940223,0.3538145006378991,1.067263445212116,0.32746823069403685,0.1601412108406809,0.1601412108406809
529,33.59126566259922,-0.0392610956106507,0.0361195810023582,0.3542560494088282,1.0423140898340817,0.40566959921798595,0.36014121084068096,0.36014121084068096
530,33.57265662699106,-0.1480270498904515,0.0361075268408126,0.35413787518671164,1.0233608693282472,0.32746823069403685,0.36014121084068096,0.36014121084068096
531,33.55592852980228,-0.1734529610006795,0.0360220153195508,0.35329955264853724,0.9956436639574222,0.43499511241446687,0.46014121084068105,0.46014121084068105
532,33.55330248876701,-0.0838213390092254,0.035936503798289,0.35246122752695874,1.0039730121132182,0.43499511241446687,0.46014121084068105,0.46014121084068105
533,33.54749105111796,-0.0344252941635125,0.0358318711171559,0.3514354417193667,0.992831939854014,0.6793743890518087,0.5601412108406811,0.5601412108406811
534,33.553006945515946,0.0110188823017273,0.03572587503322,0.3503962856176821,0.9435382759984624,0.9433040078201369,0.46014121084068116,0.46014121084068116
535,33.56212296981497,0.0488585199931272,0.0357775687865474,0.3509030772782766,0.9121637639560376,1.0410557184750733,0.2601412108406812,0.2601412108406812
536,33.55920021669422,-0.0046513534981908,0.0360351222775322,0.3534280484637083,0.8710563371560625,1.1974584555229715,0.16014121084068123,0.16014121084068123
537,33.548608836146975,-0.049400518158614,0.0362926757685169,0.3559529962049134,0.8410066442153392,1.1779081133919842,-0.03985878915931873,-0.03985878915931873
538,33.53679827554985,-0.1179279429848874,0.0365951199834885,0.35891800385338746,0.6593740162225851,1.4222873900293251,-0.03985878915931873,-0.03985878915931873
539,33.54107440485671,-0.0131360893544307,0.03689963244801579,0.3619032543882792,0.6507115815905864,1.050830889540567,-0.23985878915931869,-0.23985878915931869
540,33.541731619417455,0.0187888781272701,0.0373830408063644,0.3666422198063164,0.6481594479037053,0.6304985337243405,-0.1398587891593186,-0.1398587891593186
541,33.54699712875677,0.0470540610731159,0.03810057538855519,0.3736762211607019,0.6606010750007884,0.40566959921798595,-0.03985878915931851,-0.03985878915931851
542,33.553527125169815,0.0822670853717737,0.038818109970746,0.3807100301256973,0.6624492110268961,0.15151515151515138,0.06014121084068158,0.06014121084068158
543,33.56787841446459,0.1271617301162592,0.0389415957894476,0.3819205105226954,0.6651569121030895,0.06353861192570864,0.26014121084068165,0.26014121084068165
544,33.57398104916698,0.1064473218602335,0.0390359568152351,0.38284548869868024,0.6851431596545754,-0.11241446725317683,0.4601412108406817,0.4601412108406817
545,33.5756591319331,0.0399439773906429,0.0390041871153951,0.38253406517519795,0.6772766888567989,0.14173998044965774,0.6601412108406818,0.6601412108406818
546,33.586534573525995,0.0634055793793879,0.0388054867016915,0.3805862891137942,0.7050188373643642,0.34701857282502413,0.7601412108406819,0.7601412108406819
547,33.598348767237475,0.1218352215508771,0.0386067862879879,0.3786384980261381,0.721621605299617,0.5718475073313787,0.7601412108406819,0.7601412108406819
548,33.60079725735284,0.0753080652641849,0.0388690787419608,0.38120965660973066,0.7816699159576166,0.9237536656891496,0.7601412108406819,0.7601412108406819
549,33.59638995638119,-0.0191760844656807,0.0391673681045439,0.3841336480589419,0.7997423428813045,1.265884652981427,0.6601412108406819,0.6601412108406819
550,33.60242711067007,0.0115353613093722,0.0392108353628737,0.3845597344649178,0.8786341706651603,1.765884652981427,0.46014121084068194,0.46014121084068194
551,33.60609222410667,0.0460040474722939,0.0389399406553622,0.38190428596641884,0.8914861761298699,1.774193548387097,0.16014121084068195,0.16014121084068195
552,33.59907848555827,-0.0485095093422622,0.0386690459478506,0.37924880944227696,0.8925956968485035,1.6959921798631479,0.06014121084068197,0.06014121084068197
553,33.60946831732615,0.0515903433607973,0.0384351537621243,0.37695603199806665,0.889568709270206,1.666666666666667,-0.03985878915931801,-0.03985878915931801
554,33.61619710144976,0.0684368429840029,0.03820407423026,0.3746908059345174,0.9183394090604396,1.3147605083088951,-0.139858789159318,-0.139858789159318
555,33.621741456752474,0.0873084607318871,0.03776171585625,0.3703544002692361,0.9248781243175658,0.8147605083088951,-0.0398587891593179,-0.0398587891593179
556,33.61645441933916,0.0253347668180979,0.0370664554684209,0.36353866916318994,0.9305566595937932,0.3147605083088951,0.06014121084068219,0.06014121084068219
557,33.6149294033516,-0.0212917447894003,0.0363711950805919,0.3567227623272827,0.9207577179953732,0.2101661779081132,0.26014121084068226,0.26014121084068226
558,33.61373601193371,0.0031760421768497,0.0345432094246978,0.3388014968696752,0.9113804605619188,0.06353861192570864,0.36014121084068235,0.36014121084068235
559,33.609654978415854,-0.0090682157208725,0.0326244237549764,0.3199888264743564,0.9003175608569776,-0.004887585532746819,0.5601412108406825,0.5601412108406825
560,33.59707456030063,-0.0948784538071579,0.030592828060549797,0.30006883136939205,0.8863057401949301,0.21994134897360684,0.6601412108406826,0.6601412108406826
561,33.59590511419735,-0.0428969250220873,0.028414753604232304,0.2787112241665397,0.8712307162866442,0.5327468230694041,0.6601412108406826,0.6601412108406826
562,33.58020298446092,-0.1004304613986372,0.0262366791479149,0.25735229475583987,0.8137611314845854,0.8553274682306942,0.5601412108406826,0.5601412108406826
563,33.564454964817095,-0.1250197400566749,0.0240181520230036,0.23559541843572068,0.803064215352512,1.1192570869990224,0.3601412108406826,0.3601412108406826
564,33.55323351843786,-0.1400848294404943,0.0217967317066793,0.213809007082822,0.7823033293149423,1.4907135874877806,0.16014121084068267,0.16014121084068267
565,33.55674636176806,-0.0612745158172419,0.0193192569873003,0.18951012193837308,0.7084974170573058,1.6275659824046924,-0.13985878915931732,-0.13985878915931732
566,33.57328449877188,0.0900400222920978,0.0165096115291872,0.161951931734639,0.6858562083470258,1.5982404692082115,-0.3398587891593173,-0.3398587891593173
567,33.57320826368646,0.0423074863933312,0.013699966071074,0.1343924630657698,0.6491634245581275,1.2463343108504397,-0.43985878915931725,-0.43985878915931725
568,33.57336073897682,-0.0078138715336684,0.0111091042634459,0.10897807125492055,0.4754981050428726,0.806451612903226,-0.33985878915931717,-0.33985878915931717
569,33.57186482669357,-0.0056998781794053,0.008529137096711,0.08366982046682721,0.417659632941555,0.4154447702834796,-0.23985878915931708,-0.23985878915931708
570,33.565436556858835,-0.0416970353392442,0.0062410585623524,0.06122438703827288,0.3487872878830541,-0.08455522971652041,-0.139858789159317,-0.139858789159317
571,33.56025734387723,-0.0474010886644386,0.0043410993196577,0.04258605056884368,0.3237907666344696,-0.4643206256109478,-0.0398587891593169,-0.0398587891593169
572,33.56788771435078,0.0139156428161347,0.002441140076963,0.023947560370413724,0.2348147669441911,-0.591397849462366,0.06014121084068319,0.06014121084068319
573,33.57449398653973,0.0537330896402519,0.0007040093773295,0.006906331421105772,0.2035873091846645,-0.34701857282502413,0.16014121084068328,0.16014121084068328
574,33.576278834203464,0.0434252012765838,-0.0010256853030363,-0.010061971058536078,0.1704003959330346,-0.07331378299120228,0.0601412108406833,0.0601412108406833
575,33.57336809371367,-0.0084824742318026,-0.002500812651919,-0.024532946543537427,0.1626783262479726,0.03421309872922773,-0.03985878915931668,-0.03985878915931668
576,33.579180657791234,0.0433185748170441,-0.0036353196282145005,-0.0356624070029498,0.1426656610864348,0.14173998044965774,-0.03985878915931668,-0.03985878915931668
577,33.58324473296909,0.0556941996768264,-0.0047698266045099,-0.046791821561065254,0.1102206467363459,0.2590420332355814,-0.13985878915931665,-0.13985878915931665
578,33.58970251356627,0.0694227037455104,-0.0051200593571289,-0.05022756284010456,0.0612989283882432,0.3176930596285432,-0.13985878915931665,-0.13985878915931665
579,33.58848323579935,0.0027433078964194,-0.0054105727574455,-0.053077459782097304,0.0577849956098794,0.1319648093841641,-0.23985878915931663,-0.23985878915931663
580,33.58500923599286,-0.0446554794709303,-0.0060735812640513,-0.05958146588804795,0.0242443865739157,0.004887585532746819,-0.23985878915931663,-0.23985878915931663
581,33.589112328644504,0.0124966350129817,-0.0072297750291432,-0.07092347517462544,-0.0061575045383918,-0.09286412512218956,-0.13985878915931654,-0.13985878915931654
582,33.59602355856811,0.0457514449140071,-0.0083859687942351,-0.08226538965184504,-0.0650408923125361,-0.2101661779081132,-0.13985878915931654,-0.13985878915931654
583,33.59601976559024,-0.0009728362207279,-0.01004720214488,-0.09856139478753305,-0.0813003258056816,-0.26881720430107503,-0.039858789159316454,-0.039858789159316454
584,33.61332535707759,0.10968932167986,-0.0117467569312358,-0.11523303535609321,-0.0993208875391126,-0.3958944281524923,-0.039858789159316454,-0.039858789159316454
585,33.61607431167936,0.0704877051355349,-0.013094649402612898,-0.12845483954433204,-0.1070447296232771,-0.3958944281524923,0.060141210840683634,0.060141210840683634
586,33.60360468261652,-0.0702203021124162,-0.0140349479017624,-0.13767831883865347,-0.1228441956265212,-0.23949169110459412,0.16014121084068372,0.16014121084068372
587,33.60883200895444,0.0012405988492278,-0.0149752464009118,-0.146901676403146,-0.1351782627837211,-0.07331378299120228,0.16014121084068372,0.16014121084068372
588,33.608143049679306,0.0164363216912715,-0.015021544350446902,-0.14735580820435917,-0.1230195526583041,-0.03421309872922773,0.060141210840683745,0.060141210840683745
589,33.60862959703372,0.0269282799930393,-0.0149962513717062,-0.14710771202948497,-0.120302874341952,0.07331378299120228,0.060141210840683745,0.060141210840683745
590,33.60585488935858,-0.0290378303056069,-0.014949494848752201,-0.14664908195358484,-0.1172626030409855,0.3079178885630496,0.060141210840683745,0.060141210840683745
591,33.616222863228394,0.0466422318151902,-0.0148769599682586,-0.1459375939024505,-0.1059996753706135,0.4936461388074287,-0.03985878915931623,-0.03985878915931623
592,33.6068430715418,-0.0294289085724217,-0.014804425087764998,-0.1452261050834934,-0.104323868195667,0.48387096774193505,-0.2398587891593162,-0.2398587891593162
593,33.60751963059336,-0.0180914697852422,-0.01486308771043,-0.14580152209847516,-0.1010366316501477,0.3665689149560114,-0.2398587891593162,-0.2398587891593162
594,33.60045467365087,-0.0637857276279737,-0.0149324591100623,-0.14648198001009072,-0.0907965743393215,0.24926686217008776,-0.2398587891593162,-0.2398587891593162
595,33.60844251280096,0.0146984833883799,-0.0151820964559123,-0.1489306447576832,-0.0843445621699874,0.1808406647116323,-0.2398587891593162,-0.2398587891593162
596,33.60966428302471,0.0401463472446607,-0.0156664099118544,-0.15368119456209997,-0.0780381443305064,-0.053763440860215006,-0.2398587891593162,-0.2398587891593162
597,33.59398710452802,-0.0631408218462625,-0.0161507233677964,-0.1584317083191287,-0.0737710686737255,-0.34701857282502413,-0.1398587891593161,-0.1398587891593161
598,33.594516054136754,-0.0355015712128873,-0.0166350368237385,-0.16318218491449313,-0.0686594329638674,-0.45454545454545414,-0.03985878915931601,-0.03985878915931601
599,33.584256613276445,-0.0956168389316679,-0.0171193502796805,-0.16793262323392175,-0.0629770739841099,-0.43499511241446687,0.06014121084068408,0.06014121084068408
