t,vEgo,aEgo,roll,rollLateralAcceleration,targetLateralAcceleration,currentLateralAcceleration,steerCommand,gain
20,30.27004236892308,-0.0146108114926986,0.0003462698505634,0.0033969071661438346,-0.0821034648148096,-0.0821034648148096,-0.0320288040173758,1.5
21,30.271825747201888,-0.0311972749902524,-0.0003487071133483,-0.00342081671262018,-0.073689137232549,-0.073689137232549,-0.0160788580735105,1.5
22,30.263028048174025,-0.0331682031020045,-0.0003439704538582,-0.0033743500858091913,-0.0657594788576385,-0.0657594788576385,0.0029734592038672,1.5
23,30.22524899401225,-0.2524591273085957,-0.0003392337943681,-0.0033278834589224957,-0.0381332747784684,-0.0381332747784684,0.0007359048278268,1.5
24,30.20377682164583,-0.2474701469781866,0.0002972803633073,0.002916320321089346,-0.0032157595073641,-0.0032157595073641,0.0095168783154261,1.5
25,30.17906928905064,-0.2407456331121442,0.0013389165632115,0.013134767560659694,0.0412049814617507,0.0412049814617507,0.0051343925428628,1.5
26,30.176255277525737,-0.104349619584986,0.0024170006184258,0.02371075298079838,0.0477661421545887,0.0477661421545887,0.0072012990036545,1.5
27,30.191072575945235,0.0758387835994634,0.0037192219538500003,0.03648548325221087,0.0763011605353252,0.0763011605353252,-0.0001362385865955,1.5
28,30.18701134217683,-0.0091804822394675,0.0050214432892743,0.04926015165226546,0.0812093054344985,0.0812093054344985,-0.0032436152231159,1.5
29,30.20654705367402,0.1272853674244617,0.0061455160990262,0.0602871334487146,0.0959512565345178,0.0959512565345178,-0.0060514742423487,1.5
30,30.201696532265423,0.0150976633666945,0.007169145941451699,0.07032871923855942,0.0928192245671469,0.0928192245671469,-0.0081199078095653,1.5
31,30.19902076655564,0.0130258120214332,0.0081522133114941,0.07997232677098454,0.0968849268525342,0.0968849268525342,-0.0088785158426282,1.5
32,30.18207048569767,-0.0939413508455365,0.0088914198476765,0.0872236794163258,0.0991000795725002,0.0991000795725002,-0.0210663977790708,1.5
33,30.177684669556147,-0.0843630727916946,0.0096306263838588,0.09447498440035558,0.1026411570875969,0.1026411570875969,-0.0337990900103894,1.5
34,30.189088034706188,0.0539436729695104,0.0099141699529163,0.09725641398526953,0.1040573527346139,0.1040573527346139,-0.0406364675294336,1.5
35,30.18107259747962,-0.0406842986886251,0.0099445572710909,0.09755449888151514,0.0824857485311401,0.0824857485311401,-0.0467867922287501,1.5
36,30.18948480525719,0.0178671205774531,0.0099525040652705,0.09763245307456733,0.0596938421098387,0.0596938421098387,-0.0527896746602553,1.5
37,30.19049677504437,-0.0032263646191057,0.0098215159040911,0.0963475220197853,0.0461249763559745,0.0461249763559745,-0.0641490908581941,1.5
38,30.20154814461792,0.0446876876276577,0.0096905277429117,0.09506258931188229,0.0337669471419658,0.0337669471419658,-0.0701300577767936,1.5
39,30.214408868647485,0.1100383165825275,0.0102031730989138,0.1000913914145167,0.0279742669166804,0.0279742669166804,-0.1031362521788579,1.5
40,30.21640741224572,0.0292157240628582,0.0110713669536754,0.10860789101211021,0.0160407055483175,0.0160407055483175,-0.1178184267299064,1.5
41,30.22537419137665,0.0631848399011347,0.0120844796250778,0.11854585977237435,0.0151802869193944,0.0151802869193944,-0.1331258004598392,1.4885733810354862
42,30.22061987709729,-0.0353944217710584,0.0139887481951614,0.13722514420689247,-0.025707507130687,-0.025707507130687,-0.1416047207951112,1.4813277880047426
43,30.235952134421677,0.0759174521781633,0.0158930167652451,0.1559039310304215,-0.0336883503070642,-0.0336883503070642,-0.1452431186877933,1.5114042140543535
44,30.23386309039912,-0.0102391163978818,0.0167564729670337,0.1643733074485535,-0.0530021463642498,-0.0530021463642498,-0.1453283269355749,1.5425736680608266
45,30.24310205479739,0.0657252043949597,0.0170414761673139,0.16716878962594958,-0.0656875435092589,-0.0656875435092589,-0.1444334189488345,1.570427836634879
46,30.22355363285533,-0.1031245425419568,0.017311707268106,0.16981936566182923,-0.0695500997352567,-0.0695500997352567,-0.1449010567059605,1.5941911307040146
47,30.21682125504807,-0.090832080851148,0.0174924241880178,0.17159193021534302,-0.0678927963748754,-0.0678927963748754,-0.1470409865302602,1.6119367170270666
48,30.19305667973853,-0.1908070128133361,0.0176731411079296,0.1733644891649037,-0.0643500359097271,-0.0643500359097271,-0.1545829873016155,1.6239508851712925
49,30.18990058192496,-0.0890597330572147,0.0184305482911959,0.18079344285755597,-0.0577536556525153,-0.0577536556525153,-0.1535350218533808,1.6326978408941217
50,30.197397644966205,0.0466702973523953,0.0195624153208995,0.19189505442614185,-0.0505931992388877,-0.0505931992388877,-0.1609852210086581,1.6403086835146525
51,30.197997770583275,0.0085454309722408,0.0205570407032359,0.20165036596251912,-0.0545889794968559,-0.0545889794968559,-0.1639997432782595,1.6468663891936108
52,30.223751604761222,0.1661301722527209,0.020683835068342,0.20289395424812928,-0.0515957115680064,-0.0515957115680064,-0.1665581524632812,1.653523290673348
53,30.23428893646672,0.1291642150019558,0.020810629433448,0.20413753927185072,-0.0640282669674145,-0.0640282669674145,-0.1619277848828548,1.6549903006591498
54,30.25938128870179,0.229129302408003,0.0205881494449423,0.20195547814069045,-0.071892276607798,-0.071892276607798,-0.1589455547790067,1.6559912748446906
55,30.24948346544683,0.0433312850442325,0.020138486406173,0.19754519831925704,-0.0809195240242274,-0.0809195240242274,-0.14800575629488,1.656833273083767
56,30.259253191671355,0.07061570636846,0.0197519390595108,0.19375392310358724,-0.0763010457048212,-0.0763010457048212,-0.1446538606518173,1.658583166564176
57,30.2543137884326,0.0148416472028137,0.0197579574829859,0.19381295231769366,-0.0707550609743781,-0.0707550609743781,-0.1329386292219475,1.6613738375083464
58,30.2517868547095,-0.015348226969351,0.019763975906460996,0.19387198152477988,-0.0507027119590356,-0.0507027119590356,-0.1346313939375888,1.6658394952011406
59,30.26555731191066,0.0800422527887628,0.0199391800143568,0.1955903951647851,-0.0429538251546043,-0.0429538251546043,-0.1276960828632851,1.6695053081985352
60,30.265828548923576,0.0177069000446122,0.020223554012124,0.19837954160156154,-0.0188288391626334,-0.0188288391626334,-0.1278717098645564,1.6729946235255149
61,30.28257100510359,0.0847093628970286,0.0204499994429543,0.20060051191466655,-0.0197799960496182,-0.0197799960496182,-0.1276282432605735,1.6743997761172107
62,30.293426271669716,0.1124056142166597,0.0203322605022199,0.19944573302581048,-0.0083725487915193,-0.0083725487915193,-0.121827670011878,1.6753597724323601
63,30.292663361942424,0.0039119830114862,0.0202145215614855,0.1982909513721464,-0.0098427962035093,-0.0098427962035093,-0.1200035853813827,1.6760863269626376
64,30.294084488930768,0.0136907396550757,0.0201072102690117,0.19723844153156123,-0.0104598741204587,-0.0104598741204587,-0.11830213025901,1.6762002505578286
65,30.292962139848544,-0.0293666694337583,0.0200063870565526,0.19624956475138916,-0.0008981796077028,-0.0008981796077028,-0.1168874477649086,1.676296738357681
66,30.301313880278823,0.0477938885124551,0.0198743709621372,0.1949547443311856,0.0010800867802601,0.0010800867802601,-0.1164105337114892,1.6738725844566065
67,30.29412855498307,-0.0415886950704218,0.019540137296724797,0.19167654877779994,0.0009272222370085,0.0009272222370085,-0.1163378030112836,1.6693101165074937
68,30.318067600371307,0.1201348845144609,0.0192059036313124,0.18839833181181645,0.0001040217799083,0.0001040217799083,-0.1162817095884062,1.6626712435304531
69,30.299417591273883,-0.0729433480497179,0.0188378645240297,0.1847885213608249,-0.0025512188843918,-0.0025512188843918,-0.1140854505025822,1.6567258788037547
70,30.306085851881747,-0.014704167968121,0.0184510094151399,0.18099413235513884,-0.0062450876384635,-0.0062450876384635,-0.1144247218942732,1.650065902646259
71,30.287019112842728,-0.1278608241180981,0.0180256681137923,0.1768222281814005,-0.0102250099212449,-0.0102250099212449,-0.111422836436661,1.646438167114373
72,30.2846654574158,-0.0739801697454192,0.0173509548687188,0.1702043268002211,-0.0128462171313314,-0.0128462171313314,-0.1045110429699483,1.6428028826852705
73,30.285970984560723,0.0050904298059138,0.0166762416236452,0.16358634793557264,-0.0200858558303006,-0.0200858558303006,-0.1045427039159569,1.6404253307525714
74,30.28010310425968,-0.0354089897671576,0.0159151493092817,0.15612102382881152,-0.0220788184641454,-0.0220788184641454,-0.1033142892053383,1.6381250770634894
75,30.279153590096644,-0.0135779379220432,0.015098711847225499,0.14811273550107848,-0.0175551494278881,-0.0175551494278881,-0.096725873560888,1.6344256018604801
76,30.261671786960964,-0.1258884631081715,0.0143064802272076,0.14034178349669055,-0.0253093017468137,-0.0253093017468137,-0.0857363747857794,1.6299895070638817
77,30.24912801174048,-0.1427442630382758,0.013660496393986301,0.13400530176476208,-0.0293688807356288,-0.0293688807356288,-0.0656483838771468,1.6273780905175568
78,30.248178600257063,-0.0599168714000971,0.0130145125607649,0.12766876411307707,-0.0237816548199438,-0.0237816548199438,-0.0533506132396181,1.6276325926051087
79,30.240622388762397,-0.0598675669455304,0.0121830583884906,0.11951284625278315,-0.0120515958984131,-0.0120515958984131,-0.0511347573802714,1.6298425107261716
80,30.237241270968987,-0.032457791632626,0.0112401267875759,0.11026332196560702,0.0149408902701646,0.0149408902701646,-0.0302065156014228,1.6324803420722436
81,30.22860352730569,-0.080986879336336,0.0102630392605803,0.10067864771133486,0.0275217915797412,0.0275217915797412,-0.0179133783248964,1.6320423816194136
82,30.221495803353413,-0.0706313047649399,0.0090786910849125,0.08906073609451694,0.0199060788843679,0.0199060788843679,-0.0026060117819951,1.6291968053897812
83,30.21619428677037,-0.0611481338982916,0.0078943429092446,0.0774426995539458,0.0459234929246299,0.0459234929246299,-0.0002369568352244,1.6277170274784438
84,30.21863642443774,-0.0064496598036788,0.0073588069090864,0.07218924424155825,0.0627523884400812,0.0627523884400812,0.0021883025549673,1.6247239901348778
85,30.225410122336847,0.0596891243587676,0.0071836964846861,0.07047145639205415,0.0885258251839362,0.0885258251839362,0.010005216036516,1.6215036780489975
86,30.23387889241126,0.0619308554307333,0.0069112009412188,0.06779834150245921,0.0901077342108241,0.0901077342108241,0.0100961992422774,1.6230477307092612
87,30.248628271262675,0.1300942587337065,0.0060637446823352,0.059484970798333585,0.0861525423391434,0.0861525423391434,0.0094060935023102,1.6218938975361992
88,30.242019172024097,-0.0041652685211917,0.0052162884234517,0.05117155737316961,0.0918842587795032,0.0918842587795032,0.0109646736216482,1.611045857871389
89,30.24333310321107,0.0170227930452943,0.0045490435085739,0.044625962905303324,0.0855026870317156,0.0855026870317156,0.0098977264196893,1.5903892616800475
90,30.24652165662379,0.0248586362280035,0.0039825984838915,0.039069187846795944,0.078707032519111,0.078707032519111,0.0099894114793642,1.5903892616800475
91,30.254187630230845,0.0571436808199725,0.0034959868036016006,0.03429556068361093,0.0767377031071724,0.0767377031071724,0.0154880848351662,1.5903892616800475
92,30.269005052291536,0.1091309026271656,0.0034824180953464995,0.03416245246589876,0.0746927641303101,0.0746927641303101,0.0141741007198837,1.5903892616800475
93,30.274307233863144,0.0834593977733936,0.0034688493870914995,0.03402934424189794,0.0747266383635654,0.0747266383635654,0.0144810669812589,1.5903892616800475
94,30.27032069593673,-0.026721210390297,0.0039496075144674,0.03874554898219218,0.0893285383351822,0.0893285383351822,0.0007189431719682,1.5903892616800475
95,30.28776144900288,0.107904552813591,0.0047132987564835,0.04623728960566773,0.0944674421976342,0.0944674421976342,-0.0082778909757465,1.5903892616800475
96,30.28236566896232,0.007475020731508,0.0054861023638222,0.05381839422325003,0.1025975935361075,0.1025975935361075,-0.0094531402809735,1.5903892616800475
97,30.30741837977793,0.1405285604493169,0.0063192674456913,0.06199160105375132,0.0860203568439274,0.0860203568439274,-0.0205807290153016,1.5903892616800475
98,30.30089662132211,0.0013569231753756,0.0071524325275603,0.07016476485191306,0.0780063897326497,0.0780063897326497,-0.0544834510684245,1.5903892616800475
99,30.30859837637646,0.0210210322841567,0.0078564034664832,0.07707052516218461,0.0827946477603656,0.0827946477603656,-0.0845963221954962,1.5903892616800475
100,30.31071520442254,0.0212376148026847,0.0084864559058475,0.08325113313778408,0.0689465891225769,0.07331378299120228,-0.028804297185856607,1.5903892616800475
101,30.31865783253703,0.0547344538183727,0.00923185935401,0.0905632538408795,0.0151695431452637,0.014662756598240456,-0.04967075272661239,1.5903892616800475
102,30.3232520934916,0.0498813291819727,0.0107357586417773,0.1053157691939008,-0.0244731845792161,-0.053763440860215006,-0.07108836468723123,1.5903892616800475
103,30.331534929111573,0.0850499970980369,0.0122396579295446,0.12006804635291558,-0.0255332578743155,0.08308895405669592,-0.08979937395952008,1.7110125661757245
104,30.343039842576903,0.1201018912828897,0.013932393909573002,0.13667236253761314,-0.0440711916159018,0.1026392961876832,-0.10468471763453621,1.612506269391894
105,30.334243458011255,-0.0101623435115235,0.0157412542978032,0.15441532745640146,-0.0749228599135449,0.07331378299120228,-0.12197822800749708,1.4379441686697465
106,30.323740615744324,-0.0927735758165666,0.0172313122831131,0.1690308084891753,-0.0720163710037268,0.004887585532746819,-0.13900234651477691,1.2872653929311841
107,30.3249455720793,-0.0199728888641235,0.0167812828798948,0.16461665847512702,-0.0951410654351337,0.07331378299120228,-0.1544019221660818,1.1997848532660012
108,30.30915494847519,-0.0944274336530465,0.0163312534766765,0.1602024751218496,-0.0972553415551465,0.024437927663734094,-0.1637577035503355,1.1023693033524877
109,30.29496712346478,-0.1261985102400123,0.014303399679476,0.1403115664153876,-0.1163474695083943,-0.07331378299120228,-0.16751112374298013,1.0221912289992778
110,30.285687008213024,-0.1026930011085432,0.011402755819545,0.11185861052392337,-0.1215680166578903,-0.09286412512218956,-0.16442093669896968,0.9825730182533803
111,30.266877648230505,-0.1564814994671437,0.0087049831539582,0.08539480624090835,-0.1419497763483418,-0.14173998044965774,-0.15565704400896485,0.9647273727851788
112,30.25164170585061,-0.1620887359795486,0.0072485938916639,0.07110808337857562,-0.1377390300596633,-0.21994134897360684,-0.14049640038599714,0.9658450310286053
113,30.24741369120782,-0.0720591857072395,0.0057922046293695,0.05682120969106866,-0.1098322282760547,-0.22971652003910048,-0.1189533329995377,0.984816339942314
114,30.243977960715263,-0.0496530669450901,0.0052848312449155,0.05184395318306028,-0.0966104684100459,-0.21994134897360684,-0.09294456852817312,1.030270620458548
115,30.261571280183883,0.0904217033535467,0.0053389922711961,0.052375265354859785,0.0238916157550239,-0.20039100684261957,-0.06101123062106953,1.0947821229633725
116,30.269161625784903,0.0818556072505188,0.0052848031587761,0.051843677661880375,0.0544856952325015,-0.2101661779081132,-0.03154147167524652,1.1669511631893537
117,30.27088438234442,0.029759821834355,0.00444598419124,0.04361496122787572,0.1629872487197279,-0.17106549364613866,-0.004629320043149294,1.234861812526121
118,30.274505278061437,0.0496773548958054,0.003607165223704,0.03538621410563433,0.1841503721498464,-0.08308895405669592,0.00901202093303673,1.3211271186401232
119,30.271512117580208,0.0012869462795119,0.0035924763980197004,0.0352421176593297,0.1616582855833375,-0.014662756598240456,0.007092607414404842,1.4333047017817684
120,30.29144598961337,0.1500197681566435,0.0040340024533644,0.03957345673633129,0.0397875350540268,-0.004887585532746819,-0.008779489726768638,1.5622146356683713
121,30.29935448152722,0.0980049313250393,0.0045956166098323,0.04508284025278024,-0.0058085958040591,-0.014662756598240456,-0.025491732135320234,1.7408279190614566
122,30.313500819018305,0.1207282406852756,0.0059207589486282,0.058082305935040615,-0.0229916569085991,-0.024437927663734094,-0.039383277378868535,1.9886109222033705
123,30.310796661270015,0.0375033253413607,0.007245901287424099,0.07108166962465784,-0.0571087151276728,-0.04398826979472137,-0.04954480898122485,2.27882735640571
124,30.29970645572677,-0.0758662554378079,0.0083189009403658,0.0816074769552147,-0.0645536528517854,-0.12218963831867047,-0.05194604186224695,2.6035859604149723
125,30.2861498180602,-0.1208076509338047,0.0092323726847053,0.09056828940039746,-0.0408839798058485,-0.1026392961876832,-0.04612663350433585,2.97280157405714
126,30.271557123670647,-0.1075142205994689,0.0098224737041475,0.09635691758511786,-0.0255191920624587,-0.1319648093841641,-0.03607162357888884,3.0
127,30.25211573310035,-0.1783671346828342,0.0084004194024252,0.08240714512500986,-0.0159583351401196,-0.1026392961876832,-0.021657005540681066,3.0
128,30.247430195114735,-0.0871594814058113,0.0069783651007029,0.06845720601803361,0.0493745967153588,-0.11241446725317683,0.0027579876505405753,3.0
129,30.243456218642496,-0.0593081122331086,0.0052059598979364,0.05107023591361395,0.2465294370965655,-0.14173998044965774,0.03538163577404634,3.0
130,30.235413218750065,-0.0424046980629905,0.0032453276072531003,0.03183660794242241,0.1986972712307869,-0.053763440860215006,0.04121610864179587,2.99653570382005
131,30.233533638474537,-0.0075987200603266,0.0013686365473748,0.013426320338124749,0.1174465719539415,-0.024437927663734094,0.0341064859980573,2.828378805281861
132,30.228640835342272,-0.0271962731029042,2.3728681079633867e-05,0.0002327783613693639,0.111107431907055,0.06353861192570864,0.026842013332779895,2.6302142069347507
133,30.2274383998446,-0.0081232701268615,-0.0013211791852156,-0.012960764036430808,-0.0051706151938367,0.06353861192570864,0.00988987651336288,2.4934869453050177
134,30.23664198858556,0.0769518974364835,-0.002105747624036,-0.020657368925393813,-0.0418604027229097,0.03421309872922773,-0.002639221910573639,2.374550659279662
135,30.235855563985307,-0.0018346818474527,-0.0025781110915648,-0.025291241791194925,-0.0199584199139785,0.004887585532746819,-0.012389284686252292,2.374550659279662
136,30.252999713243668,0.1024256598052431,-0.002992316507955,-0.029354581136377948,0.0007001935713052,-0.014662756598240456,-0.0303678006673459,2.374550659279662
137,30.258709423633487,0.0559098793279764,-0.0030318844428963,-0.029742740817282388,-0.4203993115548735,-0.08308895405669592,-0.07257597583923972,2.374550659279662
138,30.26964073809065,0.0941615258228159,-0.0030714523778376,-0.030130900451620958,-0.2265413593458447,-0.16129032258064502,-0.06293095571763388,1.5350320646948914
139,30.27304460184279,0.0648425040046074,-0.0034206800105838,-0.03355680546208495,-0.1151761312876983,-0.15151515151515138,-0.046101957507953796,1.1399408246005087
140,30.265425955352185,-0.0117336339309068,-0.0039439534046972,-0.03869008259735144,-0.117833321606381,-0.27859237536656867,-0.02525041485657881,1.0723383980603585
141,30.25921577379775,-0.031438148417511,-0.0044185547114515,-0.04334588067422602,-0.0434196309331205,-0.29814271749755594,0.0022342422689339797,1.2192628590917332
142,30.252425441905704,-0.056316593242247,-0.0045493312466525,-0.0446287855866463,0.0059459434355142,-0.29814271749755594,0.027560468062331808,1.3799597314533487
143,30.253470651267484,-0.0418798092976795,-0.0046801077818536,-0.045911689735803646,0.0137665158637242,-0.22971652003910048,0.04736089804811064,1.2955639757981037
144,30.25168410603993,-0.0226873039239214,-0.0045650809334485,-0.04478328840973242,0.0229521489763095,-0.27859237536656867,0.06929910528121994,1.0269593531932146
145,30.247939825591796,-0.0357476984659627,-0.0043056424356614,-0.04223822178761057,0.1119232169186945,-0.23949169110459412,0.09811375188065212,0.5758788665573745
146,30.253189726166458,0.0462547812322807,-0.0041166038506213,-0.04038376971426677,0.1933129973989488,-0.21994134897360684,0.12363443104877093,0.5
147,30.24324352860892,-0.0120992269171692,-0.0043767855990573,-0.04293612964389123,0.1836791901330988,-0.19061583577712593,0.13748172127930916,0.5
148,30.23905948770209,-0.0402865663465303,-0.0046369673474933,-0.04548848666697407,0.1517088905524288,-0.20039100684261957,0.14185543309056214,0.5
149,30.223433088300094,-0.1268639490339562,-0.004932901124028,-0.04839156377002915,0.1379602360900121,-0.16129032258064502,0.13911744600347759,0.5
150,30.223050178777235,-0.06906081043495,-0.0052492172205894,-0.0514945844505098,0.1358596974624306,-0.20039100684261957,0.1302920035361981,0.5
151,30.21156837364886,-0.0892896375050313,-0.0054644121161507,-0.05360561608301518,0.1036089738247786,-0.24926686217008776,0.11573458819040135,0.5
152,30.21102652158474,-0.0344257336174335,-0.0050385574227139,-0.04942803917743045,0.0241997114733277,-0.22971652003910048,0.09725573597310838,0.5
153,30.216574233443104,0.0259537574747583,-0.0046127027292772,-0.045250453307962214,-0.0215029394466544,-0.29814271749755594,0.07856949269684835,0.5
154,30.2439097974883,0.1847125644687251,-0.0042679109417403,-0.04186807923324645,-0.0727489326729864,-0.34701857282502413,0.061602550966464754,0.5
155,30.243128862326326,0.0990722325794007,-0.0039707013511822,-0.03895247789773513,-0.1418235821051182,-0.42521994134897323,0.04859233379931375,0.5
156,30.23771286409034,-0.0035539504812556,-0.0036929712295795,-0.036227965415658085,-0.1406707927120027,-0.4154447702834796,0.04367339451862671,0.5
157,30.23775884076464,0.0152881855495022,-0.0035267389275689997,-0.0345972371599241,-0.0932161449961502,-0.37634408602150504,0.04746855302613808,0.5
158,30.22839953811776,-0.0535135263283582,-0.0033605066255586,-0.032966507948159474,-0.0607676364207159,-0.3665689149560114,0.057145710122825634,0.5
159,30.236916016215563,0.039669862211325,-0.0037807805913535,-0.03708936923992374,-0.0408669355105063,-0.40566959921798595,0.07005331723522566,0.5
160,30.250343647541587,0.0881352672107235,-0.0045971627618534,-0.0450980078438845,-0.0167215922239548,-0.3861192570869987,0.08398870484917875,0.5
161,30.25867149951184,0.1191925291267258,-0.005345861964382,-0.052442656083284724,0.0149309888867515,-0.29814271749755594,0.09599601844170923,0.5
162,30.250372658774214,0.007915018520276,-0.005655340894212,-0.055478598443551,0.0193688853769566,-0.29814271749755594,0.10497927126453409,0.5
163,30.248836352030917,0.0046404967572531,-0.0059648198240419,-0.058514535490231084,0.0185195442656446,-0.3176930596285432,0.11150930588594297,0.5
164,30.25057666246859,0.0070576573402569,-0.0063493344599736,-0.06228655254652693,0.0178949185629484,-0.37634408602150504,0.11594770056611618,0.5
165,30.25094915752899,-0.0167347462704172,-0.0067778740691959,-0.0664904355256706,0.0667538528617668,-0.42521994134897323,0.11854164504464597,0.5
166,30.268755204476136,0.1097194889441116,-0.007064521866722099,-0.06930238305809598,0.1127632677847221,-0.48387096774193505,0.11637451473367497,0.5
167,30.26221934736697,0.0001275709872742,-0.006505562713096299,-0.06381912005076966,0.1013940540833859,-0.4936461388074287,0.10686204690465259,0.5
168,30.27568202931523,0.0708606564427676,-0.0059466035594705,-0.05833583710409567,0.0463783161514572,-0.48387096774193505,0.09107140245988125,0.5
169,30.266706628894458,-0.0251272824452089,-0.0057107778478166,-0.05602242617617763,-0.0201113230316333,-0.4643206256109478,0.07173441085660204,0.5
170,30.28286926450988,0.0679378375935199,-0.0056574491408077,-0.05549928001179904,-0.1182873565194003,-0.5327468230694041,0.05230106362871331,0.5
171,30.28284494169955,0.028716426834281,-0.0054438598785567,-0.05340400163103173,-0.1052772191085817,-0.5816226783968723,0.03747984826397699,0.5
172,30.2797398528933,-0.004855432549438,-0.0042462306762265,-0.04165539775575098,-0.0695082437602371,-0.5816226783968723,0.02632176314910762,0.5
173,30.28593212242296,0.0528967944989487,-0.0030486014738963,-0.02990673413348612,-0.0508746990679815,-0.5425219941348978,0.01728551986894526,0.5
174,30.28845158821359,0.0334502063372666,-0.0017782636347397998,-0.01744475706276291,-0.0299758598532776,-0.5034213098729232,0.009775674398883976,0.5
175,30.311614387995565,0.1784024773308439,-0.0004632596097304,-0.004544576608903694,-0.0402990786772594,-0.4643206256109478,0.002961465824980236,0.5
176,30.31611755870001,0.0686993697174286,0.0006822801888832,0.0066931681336588915,-0.0416800746498566,-0.5131964809384169,-0.0021493944246292326,0.5
177,30.326469097971916,0.0897006394375083,0.0006458787982732,0.006336070570534815,-0.0253976785239466,-0.5327468230694041,-0.003751983455547218,0.5
178,30.322265765650823,0.0068974390304197,0.0006094774076633,0.005978972999016038,-0.0251973766741726,-0.5229716520039105,-0.001909024464633198,0.5
179,30.313751391491003,-0.0698307933953526,0.0002489453742725,0.002442154096388297,-0.0063632080190562,-0.4643206256109478,0.0031446790232024656,0.5
180,30.30886883894365,-0.0374460326779481,-0.0002977305064864,-0.0029207362254808924,0.0016075702709299,-0.4447702834799605,0.010195304692669344,0.5
181,30.30923572929547,-0.0270537509628283,-0.0008168749397867,-0.008013542268088477,-0.0038969777616133,-0.43499511241446687,0.018634477285497227,0.5
182,30.315772481632536,0.0501149581094281,-0.0011708921011106,-0.01148644888726337,-0.0098237480771772,-0.42521994134897323,0.02798517884504847,0.5
183,30.319706609994984,0.0414042226144987,-0.0015249092624346,-0.014959354066863864,-0.0141171277978946,-0.3665689149560114,0.03815017384760725,0.5
184,30.31471652362203,-0.0456239734680805,-0.0017043270532893,-0.016719440298520023,-0.0275257813857416,-0.34701857282502413,0.04941375932625811,0.5
185,30.3129415660183,-0.0252479993213835,-0.0017828411498292,-0.017489662414606574,-0.028755875159579,-0.34701857282502413,0.061680977524636846,0.5
186,30.303300221581203,-0.0803761560011511,-0.0019815250360706,-0.019438747882995794,0.0388353861326436,-0.35679374389051777,0.07476308848613225,0.5
187,30.301686435675176,-0.0174640378047324,-0.0029721793100007,-0.029157036102916124,0.0813764943079527,-0.32746823069403685,0.08535272237504307,0.5
188,30.298740135503767,-0.0144475906144481,-0.0039628335839309,-0.038875295708244356,0.0722263602737746,-0.3176930596285432,0.09141935199255721,0.5
189,30.30458237693644,0.0502777819937171,-0.0049402959072991,-0.048464105709985786,0.0630781403451912,-0.35679374389051777,0.09367480817228335,0.5
190,30.306750361097947,0.0089613099582086,-0.0059103309483521,-0.057980009042230586,0.0579713305951173,-0.32746823069403685,0.09244435858655496,0.5
191,30.314843811321253,0.0670009223057317,-0.006833352948837599,-0.06703467073114165,0.0204580112975375,-0.35679374389051777,0.08777384428804846,0.5
192,30.310986649496385,-0.0054325864540544,-0.007466407336733901,-0.07324477543660572,-0.0056249652848256,-0.32746823069403685,0.0822332510119375,0.5
193,30.31382074168088,-0.0001643737679618,-0.0080994617246303,-0.07945485078865243,-0.0109479769077227,-0.37634408602150504,0.07855495680995828,0.5
194,30.315808191922127,-0.0091511306243033,-0.00820387701937,-0.08047913079708471,-0.0626557707746591,-0.3958944281524923,0.07634855754968893,0.5
195,30.320487023751017,0.0310319362053332,-0.0080062971070064,-0.07854093552407787,-0.0943776933179882,-0.29814271749755594,0.0776314611907108,0.5
196,30.31667528436276,-0.0203983658697923,-0.0079417800012001,-0.0779080428380937,-0.1119159368450399,-0.3861192570869987,0.08327120847846267,0.5
197,30.31095067450783,-0.035229535450782,-0.0087068423542111,-0.08541304430420947,-0.1127043406989408,-0.3665689149560114,0.09332645927089854,0.5
198,30.30305506276296,-0.09093539132398,-0.0094719047072222,-0.09291799577633103,-0.0965654168988666,-0.3665689149560114,0.10759147780153196,0.5
199,30.297515364772213,-0.0877783860752027,-0.0104602375761033,-0.1026130593361851,-0.0944149450180916,-0.3372434017595305,0.12491036901775161,0.5
200,30.296860673072445,-0.0391570227416254,-0.0115757741090796,-0.11355580791822774,-0.0910312937222455,-0.35679374389051777,0.1445132836728645,0.5
201,30.279355400301604,-0.1377183051573838,-0.0125818658863417,-0.123424847857071,-0.032160641588611,-0.3372434017595305,0.1660750559224167,0.5
202,30.273219368560284,-0.0833701175120924,-0.0129126182306261,-0.126669264725678,0.0761099738305844,-0.2590420332355814,0.18673994880887906,0.5
203,30.26105675945276,-0.0934309323794731,-0.0132433705749105,-0.1299136677370332,0.0824563993407092,-0.19061583577712593,0.20077595880838003,0.5
204,30.25576145464439,-0.0613224760606136,-0.013291252438086302,-0.13038334747483216,0.0783510957861201,-0.1319648093841641,0.20825801822856868,0.5
205,30.27130969212252,0.0571489421997026,-0.0131753767907005,-0.12924670690647402,0.0516870979141939,-0.04398826979472137,0.20965055239290512,0.5
206,30.26647066708641,0.0001386845645316,-0.0129917637582966,-0.12744561722721345,0.0116050424497607,-0.014662756598240456,0.2064425978443042,0.5
207,30.285219026275666,0.076377013621261,-0.0123960043369572,-0.12160168825176686,0.0155402100129606,-0.014662756598240456,0.20075242372878974,0.5
208,30.277433134777382,-0.0142512853186104,-0.0118002449156178,-0.1157577161163209,0.0071280322108536,-0.04398826979472137,0.19431870608992516,0.5
209,30.29430538006901,0.0731318312651608,-0.0113286119350889,-0.11113130599625637,-0.0199653430723511,-0.09286412512218956,0.1847580824746914,0.5
210,30.293419635291656,0.0193807391217258,-0.0109276190278752,-0.10719780916761243,-0.0245305991436309,-0.1319648093841641,0.17459026129788977,0.5
211,30.292565500444987,-0.0235939952609138,-0.0105570673126947,-0.10356290660270193,-0.0225399593032751,-0.14173998044965774,0.16452327894761407,0.5
212,30.296886026742968,-0.0013636363846531,-0.0103740051032633,-0.10176716467669095,-0.0608189845531447,-0.15151515151515138,0.1544164454786626,0.5
213,30.28491226801394,-0.067611455837842,-0.0101909428938318,-0.09997141934028092,-0.0563470070289543,-0.15151515151515138,0.14624016807718965,0.5
214,30.282163607721905,-0.0581341335043802,-0.0095906491520908,-0.09408282586817023,-0.0523200953475309,-0.1808406647116323,0.13957958952606758,0.5
215,30.28842893934429,0.0078834572707483,-0.0087486042279925,-0.08582271268261378,-0.0468819212641776,-0.1808406647116323,0.13447728956639018,0.5
216,30.303556523223016,0.0955495425206875,-0.0079175836630865,-0.07767068422393811,-0.0388750353429632,-0.20039100684261957,0.1318037295312718,0.5
217,30.32342424703999,0.1551266561916921,-0.007155647270953,-0.07019630067757192,0.0603935749500079,-0.20039100684261957,0.1313860304499,0.5
218,30.33559614290725,0.1401348870879515,-0.0063937108788195,-0.06272187637895132,-0.083360071572263,-0.16129032258064502,0.12854345673134507,0.5
219,30.34290123022899,0.0871488354942479,-0.0063167929151643,-0.06196732639378146,-0.0324644622247455,-0.15151515151515138,0.13071573655943977,0.5
220,30.342365951788217,0.0198008542178502,-0.0066417451176308,-0.06515504057318385,-0.0113845540092623,-0.19061583577712593,0.13547152125747544,0.5
221,30.330194383460704,-0.0496486628422709,-0.006983078443660901,-0.0685034427858588,-0.0141733313490949,-0.12218963831867047,0.141469297624856,0.5
222,30.30665361282973,-0.1615547481552193,-0.0074309648641268,-0.0728970944257509,-0.0073494737885372,-0.12218963831867047,0.1487194335151404,0.5
223,30.29959996262865,-0.1101252749649401,-0.0078788512845927,-0.07729073144232239,-0.0150816611439817,-0.08308895405669592,0.15675376033933247,0.5
224,30.28205992308723,-0.1580341664636177,-0.0079844368275188,-0.07832649303670511,-0.009505820686225,-0.1026392961876832,0.16562894679252405,0.5
225,30.27935884018416,-0.081109359199547,-0.0079018136344275,-0.07751598508216802,0.0389362938789808,-0.024437927663734094,0.17476866936510102,0.5
226,30.27354311639786,-0.098720366629309,-0.00786502189827,-0.07715506936591844,0.0405929683799102,-0.004887585532746819,0.18146962235042408,0.5
227,30.27219855961317,-0.0550616560992631,-0.0081063505737453,-0.07952242817994237,0.0404018876668559,-0.004887585532746819,0.18571715753998178,0.5
228,30.263301105834937,-0.0549158646374868,-0.0083476792492205,-0.08188978236261656,0.0413319592974332,0.08308895405669592,0.18763864548458659,0.5
229,30.25719288144072,-0.0524770486619789,-0.007870668467249,-0.07721046049312,0.0528083355595912,0.053763440860215006,0.187114520105191,0.5
230,30.25621106631513,-0.0263895483128754,-0.006987498100397899,-0.06854679856067092,0.0538081255907835,0.03421309872922773,0.1828921263055741,0.5
231,30.261634380255916,0.0370501166569139,-0.0061027190672612,-0.05986730244009742,0.0605161008505766,0.08308895405669592,0.17555883202778202,0.5
232,30.26631450039991,0.0151761152855866,-0.0052075999320002,-0.05108632442969304,0.0675953483743362,0.09286412512218956,0.16524262860229844,0.5
233,30.287708592140007,0.1585712678334626,-0.0043124807967392,-0.04230530548697337,0.0619637515124042,0.06353861192570864,0.15185086414063037,0.5
234,30.294671422503743,0.1057797888827119,-0.0034353419873418994,-0.03370063860896617,0.0455595794002417,0.053763440860215006,0.13591691047100277,0.5083140696346472
235,30.322313975539117,0.1888558326701804,-0.0025687890729325,-0.02519979309122938,0.0209680800906776,0.06353861192570864,0.11816729009942559,0.5336713095649682
236,30.34018362273337,0.1859078590846357,-0.00190685092341,-0.01870619622244158,0.0139205824973895,-0.04398826979472137,0.09951249469653034,0.5623112169472223
237,30.35175894364959,0.17077818378767,-0.0026993914265854,-0.026480997734865622,0.0050263176691133,-0.024437927663734094,0.08055601549430687,0.5814442421686221
238,30.348415357120707,0.0346555866535064,-0.0034919319297609,-0.03425578261403532,-0.0099717625284391,0.04398826979472137,0.06149366872421775,0.6000003960463948
239,30.339119953966097,-0.0774354679854668,-0.0038719658650476,-0.03798389022611305,-0.069649477126044,-0.03421309872922773,0.04239136003629137,0.6058391756163525
240,30.32691565627289,-0.0829460141221117,-0.0039898893772584,-0.03914071094246528,-0.0677531996831007,-0.11241446725317683,0.026347078461873192,0.6061962633605339
241,30.32187370096904,-0.0519370794543266,-0.0039890628770954,-0.039132603040389034,-0.0676484012433698,-0.14173998044965774,0.012748776604289849,0.6080886684276627
242,30.312067305235587,-0.076369253075487,-0.0032550612781514997,-0.03193209474958306,-0.0660198655128166,-0.24926686217008776,0.001279730456893638,0.5918691654846109
243,30.30509676300653,-0.0841257920906147,-0.0025210596792077,-0.02473156925509626,-0.0601289012603232,-0.19061583577712593,-0.007854651624141723,0.5529064439348621
244,30.313086873375543,0.036602911730501,-0.0017047964308198997,-0.016724044885405815,-0.0514934864296793,-0.21994134897360684,-0.014926975231038782,0.5033057386830461
245,30.298827867692665,-0.0776754049672105,-0.0008423478891172999,-0.008263431815021004,-0.0445189611693171,-0.2883675464320623,-0.020238713032218823,0.5
246,30.31362919487868,0.0726710482908212,-9.335038282356243e-05,-0.0009157672541691034,-0.0367101152271757,-0.26881720430107503,-0.02393511737471101,0.5
247,30.294531479903288,-0.1094063985951709,-3.636947658333809e-05,-0.00035678456520389125,-0.0330005459165372,-0.23949169110459412,-0.02607173904089089,0.7345678067746062
248,30.31097740886666,0.0754598529445882,2.061142965688626e-05,0.00020219812491973754,-0.0315174476551044,-0.17106549364613866,-0.02624509566590885,0.7345678067746062
249,30.307993303238707,0.029552955570977,0.0001304952781202,0.0012801586747258544,-0.0313487233896296,-0.14173998044965774,-0.025383006501118955,0.7345678067746062
250,30.310669620691232,0.0132208336176496,0.0002708189944277,0.0026567343028602915,-0.0307894307291176,-0.19061583577712593,-0.023407841078116446,0.7345678067746062
251,30.30928380480051,0.0059713830986456,0.0003609822831735,0.0035412361210233447,-0.0205366957613048,-0.1808406647116323,-0.02019750966958215,0.7345678067746062
252,30.309112442763748,0.0041291344050839,0.0001420511973499,0.0013935222413159777,-0.0087663696588152,-0.17106549364613866,-0.016299000648866493,0.7345678067746062
253,30.29947369687148,-0.0609344907989872,-7.687988847356706e-05,-0.000754191705182749,-0.0066362429696674,-0.12218963831867047,-0.012588866554187868,0.7345678067746062
254,30.314677434666866,0.08693000213428,-0.001211222890561,-0.011882093651110431,-0.0108398253979904,-0.07331378299120228,-0.009204680074476838,0.7345678067746062
255,30.30716330653888,0.0202621826731976,-0.0029386729766928,-0.02882834040868967,-0.0252421668586959,-0.04398826979472137,-0.006398970459470089,0.7345678067746062
256,30.319608037776923,0.1043472460263847,-0.0044029871412311,-0.043193164295918435,-0.0340201299606677,-0.08308895405669592,-0.00415308393965144,0.7345678067746062
257,30.31225233146092,-0.0011018518987518,-0.0041757258178142,-0.04096375122716982,-0.0359036133380992,-0.07331378299120228,-0.0027647952827747854,0.7345678067746062
258,30.299250417917985,-0.1098863653932651,-0.0039484644943973,-0.03873433604273731,-0.0336424977306552,-0.07331378299120228,-0.0018659767244903393,0.7345678067746062
259,30.29886248880608,-0.0324794754418509,-0.003427226436792,-0.033621025526744897,-0.0293588242562963,-0.024437927663734094,-0.001383109938691452,0.7345678067746062
260,30.294822495571204,-0.0305144155418903,-0.0027371099245927,-0.026851014833283875,-0.0247043634550996,-0.09286412512218956,-0.0012449627984163058,0.7345678067746062
261,30.309187664890786,0.1276572529020924,-0.0020297810791034,-0.0199121387129586,-0.0195823635969146,-0.07331378299120228,-0.001291228490695942,0.7345678067746062
262,30.30556499961732,0.0143059168139094,-0.0012163422985403,-0.011932315006392524,-0.0164911403540266,-0.04398826979472137,-0.0014065237047307699,0.7345678067746062
263,30.325384721841672,0.1144697597325404,-0.0004029035179773,-0.003952483404422053,-0.0112490059579384,-0.024437927663734094,-0.0012380177863627038,0.7345678067746062
264,30.315473358009893,-0.0327370153362142,-0.0003656775269168,-0.003587296459104894,-0.0063300839967674,-0.004887585532746819,-0.000596117640520145,0.7345678067746062
265,30.302052460902093,-0.1157870773599469,-0.0007865867429995,-0.007716415153109974,-0.0063724337633012,0.004887585532746819,0.00022446510823256739,0.7345678067746062
266,30.28163746847016,-0.1484712461215031,-0.0011381621653882,-0.01116536843183043,-0.0097287801195575,-0.014662756598240456,0.0009445417679515924,0.7345678067746062
267,30.26093810464881,-0.1896631846748634,-0.0010368652933676,-0.010171646705363935,-0.0087826195311895,-0.04398826979472137,0.0015365731156767911,0.7345678067746062
268,30.259520790423927,-0.0968928405600904,-0.0009355684213471,-0.009177924874526582,-0.0051627340984213,-0.014662756598240456,0.0020790725327219503,0.7345678067746062
269,30.25507669474268,-0.0401639703307455,-0.0007172989333083,-0.007036701932336368,-0.0033177942329487,-0.053763440860215006,0.0022014070751566325,0.7345678067746062
270,30.25754684957369,0.0003541945303543,-0.0004297217362326,-0.0042155701027000655,-1.5853686868675834e-05,-0.03421309872922773,0.0020446226010350016,0.7345678067746062
271,30.270112110262964,0.0704490014281116,-0.0001249876363933,-0.001226128709825861,0.0024144381632222,-0.08308895405669592,0.0014855907053383454,0.7345678067746062
272,30.280639239668407,0.0791656056905022,0.0002873631596446,0.0028190325573153757,0.0067927659231559,-0.12218963831867047,0.0006137706781756129,0.7345678067746062
273,30.285309281933763,0.0584768129049532,0.0006997139556825,0.006864193345127551,0.0096824676441959,-0.16129032258064502,-0.0008332318307418459,0.7345678067746062
274,30.283720718749915,-0.001687378123736,0.0011820657150351,0.011596061964004228,0.0148536500167228,-0.20039100684261957,-0.002794302265214214,0.7345678067746062
275,30.280802485790748,-0.0163154628543822,0.0017084596896735,0.016759981402425572,0.0183815656229176,-0.22971652003910048,-0.0053380804869688,0.7345678067746062
276,30.28287304134156,0.0135136433201529,0.0021452690130702,0.02104507287601077,0.0178119525732052,-0.26881720430107503,-0.008477698482862978,0.7345678067746062
277,30.282250820027176,0.0298259912159145,0.0020095856584795,0.019714022040713125,0.0186569197261033,-0.2883675464320623,-0.012113792715671444,0.7345678067746062
278,30.287557098877095,0.037327176167892,0.0018739023038888997,0.018382970842481854,0.0007859632229447,-0.27859237536656867,-0.01652654600294482,0.7345678067746062
279,30.2967047504794,0.0670645928785885,0.0012913342576482,0.012667985546790593,4.685612336568384e-05,-0.24926686217008776,-0.020667065377035145,0.7345678067746062
280,30.29750346962815,0.004973255296351,0.0004509112126271,0.00442343884597557,-0.01631816032481,-0.2590420332355814,-0.02514788271611351,0.7345678067746062
281,30.29408253082979,-0.0414383893870152,-0.0002367483442703,-0.0023225012355956964,-0.0201670183510049,-0.3665689149560114,-0.029800236115979838,0.7345678067746062
282,30.301826120080342,0.0234241932792151,6.826742947521275e-05,0.0006697034826316513,-0.0340185630898271,-0.3372434017595305,-0.03500743414467033,0.7345678067746062
283,30.29554432358802,-0.0270412724795443,0.0003732832032208,0.00366190813855412,-0.0317673700808579,-0.35679374389051777,-0.039787280480128376,0.7345678067746062
284,30.285152487103616,-0.0875490662835715,0.001081433475172,0.010608860323596243,-0.0236216138772689,-0.34701857282502413,-0.04429123065727272,0.7345678067746062
285,30.281535060643677,-0.0688151893560503,0.0020484111026692,0.020094898864185404,-0.016829480515284,-0.29814271749755594,-0.048959645032974966,0.7345678067746062
286,30.28461240039653,-0.0035200858708319,0.0029269571288652,0.028713408435791524,-0.0180124362689811,-0.2883675464320623,-0.053834126473442184,0.7345678067746062
287,30.28162267288616,-0.0251414595138363,0.0032585604402146995,0.03196642134737426,-0.0132301761535255,-0.24926686217008776,-0.05855269213185699,3.0
288,30.28613968357102,0.0010666140023901,0.0035901637515642,0.03521943074390519,-0.007562369819291,-0.22971652003910048,-0.032835261520030225,3.0
289,30.290449338210266,0.0198791037914678,0.0035237654417809,0.034568067445595686,-0.012071530572455,-0.19061583577712593,-0.023835498457113025,3.0
290,30.29196384959966,0.0047745572990989,0.0032322032158519994,0.0317078583380475,-0.0317818690527451,-0.16129032258064502,-0.022296914039017863,3.0
291,30.287610260283227,-0.0196342120944853,0.0030033505063772,0.029462824174506953,-0.0331344666319318,-0.1808406647116323,-0.021777729977328627,3.0
292,30.29437387101061,0.0597502136265602,0.0031658225554368,0.03105666739154916,-0.0335508200637959,-0.1319648093841641,-0.022077681844662737,3.0
293,30.283455949340656,-0.0496609129483053,0.0033282946044964,0.03265050978878334,-0.0316254493782997,-0.09286412512218956,-0.022893729322480287,3.0
294,30.30220848821836,0.0776387117286777,0.003648153268689,0.035788304181159594,-0.0397912193407727,-0.04398826979472137,-0.02496872478431334,3.0
295,30.312161938444877,0.0964337050222574,0.0040590658927991,0.039819327064171205,-0.0393822739159157,-0.04398826979472137,-0.02684173719046793,3.0
296,30.316851060585293,0.0414925139618436,0.0044706648143937,0.04385707573477389,-0.0470431060865872,0.004887585532746819,-0.029117258850025123,3.0
297,30.3318923942392,0.0723402292046503,0.0048868308620355,0.04793961994743349,-0.0440192699884972,0.024437927663734094,-0.030313246506483628,3.0
298,30.34021330600671,0.0981196851079746,0.0053029969096773,0.05202215585723007,-0.0444910475411904,0.024437927663734094,-0.031121892638455582,3.0
299,30.34936313849424,0.08607307399301,0.0049963513469872,0.04901400278628863,-0.0462420707811923,0.024437927663734094,-0.031185887643874775,3.0
300,30.343429571698486,0.0023358827167631,0.0042616382041094,0.04180654423670022,-0.0518480096040157,0.04398826979472137,-0.03073953686349355,3.0
301,30.334427263572035,-0.051516464780024,0.0034365869585767,0.03371285170468621,-0.0589130515363038,0.03421309872922773,-0.029861937101540337,3.0
302,30.32972735158041,-0.0637090976706079,0.0020709872690492,0.0203163705865862,-0.0667797071839288,0.12218963831867047,-0.02807058991354281,3.0
303,30.33009547598152,-0.0129921246582236,0.0007053875795217,0.006919851581254197,-0.0665511230013822,0.12218963831867047,-0.0254119670585891,3.0
304,30.331641457748365,0.0224230142481948,-0.0002599675803654,-0.0025502819346585625,-0.0750418854332971,0.1026392961876832,-0.023582256909413554,3.0
305,30.33775058436527,0.0410925409596329,-0.0009901446220152,-0.009713317154834969,-0.0776166357690767,0.1026392961876832,-0.02122901540915892,3.0
306,30.350110853221828,0.0865380720612918,-0.0016954147418068999,-0.016632010649194777,-0.0735852103284019,0.04398826979472137,-0.017610639169793545,3.0
307,30.34704584938883,0.0412414225446501,-0.0022472341464491,-0.022045348421594557,-0.0695937383771796,-0.014662756598240456,-0.01275539341966543,3.0
308,30.339829961963265,-0.0367048867366845,-0.0027990535510913,-0.02745867948108328,-0.0295055890207412,0.014662756598240456,-0.005115359945936412,3.0
309,30.331105655235717,-0.0955141912566676,-0.0029120396215677,-0.028567068312869495,-0.0339848052721919,0.03421309872922773,-0.0014617971047826423,3.0
310,30.331784757227663,-0.0137805952263882,-0.0027495916151811,-0.026973459757195218,-0.0231529170428295,0.014662756598240456,0.0025031370293327228,3.0
311,30.3204264095596,-0.0939430085789932,-0.0026618833704817,-0.02611304502653424,0.0014656539397031,0.014662756598240456,0.007575888984530768,3.0
312,30.324056330166165,-0.0080587173260882,-0.0030417150376092,-0.029839178506732296,0.0114999770719671,0.024437927663734094,0.011194626515501228,3.0
313,30.317779853783083,-0.0607794880648855,-0.0034215467047367,-0.033565307681969594,0.0048771353481122,0.014662756598240456,0.012487179377263178,3.0
314,30.30985823720195,-0.0949972779662503,-0.0040406650083171,-0.03963881586773454,-0.0045400450604591,-0.053763440860215006,0.0134879261114617,3.0
315,30.293641708285325,-0.1448441625597876,-0.0047993663530718,-0.047081603177522274,-0.0033056870293681,-0.09286412512218956,0.016096810230178175,3.0
316,30.279255140184564,-0.15897588089193,-0.005366111621705,-0.05264130237234313,0.0045152862784945,-0.15151515151515138,0.020060278629620596,3.0
317,30.265695253562196,-0.1403963641572234,-0.0047681842298459,-0.04677571004882854,0.0147919561748041,-0.24926686217008776,0.024930717089131933,3.0
318,30.25490261889656,-0.1303658730901372,-0.0041702568379869,-0.040910101002196136,0.0673888665740004,-0.32746823069403685,0.033768817111077126,3.0
319,30.237667770978664,-0.1395466203761365,-0.0038357490140846994,-0.03762860555658527,0.0904019724045177,-0.2590420332355814,0.04044833739912216,3.0
320,30.231988703187337,-0.1096514217108466,-0.0036574844519662,-0.03587984247840353,0.1002037509534723,-0.20039100684261957,0.04525367680471774,3.0
321,30.230376875122356,-0.0435868818781193,-0.0035485186719386996,-0.0348108951152345,0.1206899720029384,-0.14173998044965774,0.049922665662356897,3.0
322,30.224800196166424,-0.0528849438956643,-0.0038803661096591005,-0.03806629600668822,0.1269803159837515,-0.19061583577712593,0.05309845821519384,3.0
323,30.216403140704216,-0.0724085410764516,-0.0042122135473795,-0.04132169270617784,0.1256789706215308,-0.19061583577712593,0.05454791220465467,0.906697808067259
324,30.204123981093115,-0.1035553163643124,-0.0041301600594144,-0.04051675499199167,0.1252279324190905,-0.14173998044965774,0.08577569213644912,0.5
325,30.196297595233123,-0.1075681183597154,-0.0038126276551819,-0.03740178668431079,0.1275176742666919,-0.14173998044965774,0.11662544732035678,0.5
326,30.20094609716558,-0.0023899503946178,-0.0035661188828705,-0.034983552092022155,0.1317488064592625,-0.14173998044965774,0.14193187484823674,0.5
327,30.19975136784155,-0.0026549033171875,-0.0037554695974827998,-0.03684107015283963,0.1318578905790838,-0.11241446725317683,0.16190716649392248,0.5
328,30.20329072254738,0.0357143096882794,-0.0039448203120951,-0.03869858689276869,0.132134485815801,-0.04398826979472137,0.17636820006494233,0.5
329,30.20601072415811,0.0207126504489334,-0.0043273828426583,-0.04245149319336411,0.1299770727582282,0.004887585532746819,0.18523338779256376,0.5
330,30.221613708095077,0.1167636632456028,-0.0048197950084915,-0.047282005969298366,0.1247248403544577,0.004887585532746819,0.1889542509579315,0.5
331,30.22438841500598,0.075092039484612,-0.005407947807656,-0.05305170940139622,0.099592521939865,0.014662756598240456,0.18788523140332106,0.5
332,30.232881280269684,0.0884078558427768,-0.0065714409922198,-0.06446537215432119,0.0693586641512293,-0.004887585532746819,0.18312394445930127,0.5
333,30.23668369304998,0.0496944345016132,-0.007734934176783599,-0.07587894763942508,0.0454480193156561,-0.024437927663734094,0.17549143584849017,0.5
334,30.24437467466848,0.0421594321018757,-0.0080775962224477,-0.07924035722898227,0.0248728508198635,-0.08308895405669592,0.16544732363673018,0.5
335,30.24926597991413,0.0398708687838583,-0.0079585170072818,-0.07807222767897659,0.0144861032402611,-0.12218963831867047,0.1538338179960259,0.5
336,30.246703954410997,-0.0123390006430463,-0.0079121772820186,-0.07761764928690108,-0.0045442340049656,-0.09286412512218956,0.14091757129988092,0.5
337,30.25375644052583,0.0212816869828123,-0.0083263599358279,-0.08168064716651416,-0.0442739986820572,-0.11241446725317683,0.12738954728193527,0.5
338,30.24895747174281,-0.0115027217596589,-0.0087405425896373,-0.08574363103403633,-0.074829394080091,-0.20039100684261957,0.11474811422334986,0.5
339,30.23827687803647,-0.0922565756162724,-0.0093998346154798,-0.09221101965069331,-0.0752231655768647,-0.26881720430107503,0.10421783344819392,0.5
340,30.23700456343504,-0.0367899468718041,-0.0101984808049171,-0.10004536240533027,-0.0784605890850884,-0.23949169110459412,0.0952137360594538,0.5
341,30.22153476368756,-0.1182440141808551,-0.0108740781884166,-0.10667260473875871,-0.0832921702809127,-0.2590420332355814,0.08722843367474632,0.5
342,30.225606035407065,-0.0137504567047335,-0.0108127201363056,-0.10607071763411172,-0.0883101300795659,-0.2883675464320623,0.08047379096191665,0.5
343,30.210721819297603,-0.0968388348750385,-0.010751362084194598,-0.10546883013012852,-0.0918840047373945,-0.23949169110459412,0.07544110861188831,0.5
344,30.21311126085588,-0.0237722867593562,-0.0103323526937636,-0.1013585764384485,-0.0804677685043248,-0.27859237536656867,0.07217200320176666,0.5
345,30.212316162650325,-0.0075835528740683,-0.0097076437114638,-0.09523048906571178,-0.0791879147334162,-0.24926686217008776,0.07044595469349467,0.5
346,30.19941285135709,-0.1250403668195975,-0.0091126326261644,-0.08939368884093973,-0.0750048611269528,-0.27859237536656867,0.07103960611411457,0.5
347,30.20399786976328,-0.03392575107204,-0.0086966914200013,-0.08531346740974911,-0.0715444897257348,-0.2590420332355814,0.07423439360168878,0.5
348,30.197021914202605,-0.0616357515195435,-0.0082807502138382,-0.08123323121872425,-0.0588728674892663,-0.23949169110459412,0.07997246426809435,0.5
349,30.20897492924641,0.0628413077990211,-0.0078393554231332,-0.07690328900702677,-0.0570783652491823,-0.19061583577712593,0.08777425650880215,0.5
350,30.20559256350408,-0.0114537755713956,-0.007383398698966,-0.07243048314648709,-0.0571420637349687,-0.1808406647116323,0.0977147274836491,0.5
351,30.22368918162397,0.1168941779382644,-0.007073713293363701,-0.06939254870050504,-0.0289857135314673,-0.15151515151515138,0.11014241942853337,0.5
352,30.22749456588936,0.0644332346502947,-0.0076958479275673,-0.07549552294703117,-0.0128882596871611,-0.1026392961876832,0.12400203696472911,0.5
353,30.23010934866842,0.0118855779547391,-0.0083179825617709,-0.08159846797290261,-0.0168777318769727,-0.04398826979472137,0.13808143262707961,0.5
354,30.229629541666693,0.0209109721135944,-0.0082216161620672,-0.0806531459181861,0.0004378190584448,-0.053763440860215006,0.15259606417951702,0.5
355,30.21436903068104,-0.083206182706861,-0.007706009397602,-0.0755952040122401,0.0425536793772956,-0.09286412512218956,0.16703852436624206,0.5
356,30.21056879348873,-0.0433844369953769,-0.0072365751798766,-0.0709901829082469,0.0671141059241295,-0.03421309872922773,0.17990381827382365,0.5
357,30.20898538552599,-0.0490861939591149,-0.0070548322690263,-0.06920733047341456,0.0710399110222751,-0.053763440860215006,0.19055256523709804,0.5
358,30.21930083109505,0.0589432961068432,-0.006873089358175901,-0.06742447575262951,0.0723965857085959,-0.004887585532746819,0.1990762319901651,0.5
359,30.226805133344207,0.0654691246923049,-0.0070663308044314,-0.0693201282940917,0.0657150285907516,0.11241446725317683,0.20561567444093168,0.5
360,30.24891069239948,0.1722057987619816,-0.0075090472558168005,-0.07366306131668271,0.0615046883614314,0.17106549364613866,0.21051217678519313,0.5
361,30.26989088230444,0.2264092451493551,-0.0079808751813654,-0.07829155440116362,0.0567371909101736,0.20039100684261957,0.21389648165987604,0.5
362,30.291004030187068,0.2360624696651918,-0.0086385180194348,-0.08474280778702202,0.0310858266011718,0.1808406647116323,0.21586554603099117,0.511454615002872
363,30.304300856054724,0.1747187861533762,-0.0092961608575043,-0.09119402452211811,0.0247510603965234,0.19061583577712593,0.21682293119806692,0.5568396235455666
364,30.30936074043161,0.0946238640537388,-0.010052267541272,-0.09861108381680725,0.0161662470037798,0.22971652003910048,0.21481699080476244,0.6190626271509305
365,30.30701481152348,0.0298458749066296,-0.0108647004586349,-0.1065806146438897,0.008652344784315,0.17106549364613866,0.20931140179525112,0.7004131941399716
366,30.287809721523253,-0.114535882045394,-0.0115310126598722,-0.1131167274076003,0.0053746006149654,0.12218963831867047,0.1998564048672953,0.7919915942207744
367,30.295200531730966,0.002228276263517,-0.0113162321846153,-0.11100986842850753,0.005162604250371,0.09286412512218956,0.1867845988102475,0.8788089785193176
368,30.285412570170315,-0.0467928045073464,-0.0111014517093584,-0.10890300432845712,0.0029901982755417,0.1319648093841641,0.1717265456495766,0.9651086632833842
369,30.27816616675516,-0.0753915953949324,-0.0108577252204411,-0.10651219159320192,0.0023547924877015,0.16129032258064502,0.1561489743842972,1.054042185845128
370,30.276715322568737,-0.0263744869020509,-0.0105968874048907,-0.1039535198566695,0.0054278369770781,0.06353861192570864,0.1410361560740852,1.1354832203435241
371,30.26878567711278,-0.0643349502954711,-0.0102940812188693,-0.10098315323610788,0.0086377226387139,-0.08308895405669592,0.1271681273249999,1.194941208698559
372,30.28372145171478,0.0692303205286623,-0.0097410198250145,-0.09555789325891849,0.0167915752240644,-0.04398826979472137,0.11548375363363074,1.219377138042689
373,30.29423048226735,0.091386280744614,-0.0091879584311598,-0.09013260405277815,0.0188800013348191,-0.09286412512218956,0.10623610547515332,1.2260663264904246
374,30.30650004606721,0.1027253367666952,-0.0087784690795883,-0.08611567562668296,0.0217347013845675,-0.15151515151515138,0.09932062772759849,1.2102711894424312
375,30.3173743954808,0.1331677007088957,-0.0084516840660127,-0.08291003362209381,0.0210763096248476,-0.1808406647116323,0.09454706759984068,1.154186313398538
376,30.32013146466359,0.0744177837454131,-0.0082470132629877,-0.08090228303173208,0.0215917212780062,-0.17106549364613866,0.09247024879962829,1.0670202528924941
377,30.337309142022978,0.1562425409799309,-0.0088290968917429,-0.08661231521682321,0.0087370954423107,-0.15151515151515138,0.09319251124976119,0.9596725967125682
378,30.33432458621891,0.0411886272696306,-0.009411180520498,-0.09232231805581252,0.0053657593424042,-0.20039100684261957,0.09721571211133957,0.83548488339581
379,30.327101892427727,-0.0298371560196694,-0.0093962496477399,-0.09217585267025213,0.0056022270141113,-0.2101661779081132,0.10443733127498914,0.6554055748120604
380,30.31780893218412,-0.0719668487365863,-0.0090246163842509,-0.08853028501240764,0.0050187663911057,-0.22971652003910048,0.11635786753321427,0.5
381,30.31242246579782,-0.0552506453459336,-0.0086809822089817,-0.08515936586684761,0.0298950792738056,-0.22971652003910048,0.13190698394950215,0.5
382,30.300115933692577,-0.0999078283599403,-0.0085117342492106,-0.08349910472983342,0.0355579824814509,-0.19061583577712593,0.14540047312238702,0.5
383,30.32068815619754,0.1416630352007015,-0.0083424862894395,-0.08183884120099807,0.0289362555868321,-0.1319648093841641,0.15679816266177748,0.5
384,30.302392596311726,-0.0352130421116902,-0.0092333799817654,-0.09057817056337725,0.0272426552660325,-0.15151515151515138,0.1667470990426906,0.5
385,30.31709858325081,0.0734041202704265,-0.010767244495148,-0.10562462756338621,0.0110129574959914,-0.08308895405669592,0.17479079415241994,0.5
386,30.333663330311374,0.1278185298454261,-0.0122050010128706,-0.11972808739438319,0.0014503283726275,-0.1026392961876832,0.18117515130750705,0.5
387,30.326817514330926,0.023746333080535,-0.012995715453650098,-0.12748438008609342,-0.0189184639072097,-0.12218963831867047,0.18564062937580475,0.5
388,30.33254874990177,0.0643008822077999,-0.0137864298944297,-0.13524059307083566,-0.0193603960252698,-0.1026392961876832,0.18914822893758815,0.5
389,30.345148203531277,0.1302265152546982,-0.013710661901130102,-0.13449737930434444,-0.017774142956043,-0.1026392961876832,0.19217730911530015,0.5
390,30.35756870291227,0.1041240595243311,-0.013128063839397,-0.128782606994281,-0.0132256686931081,-0.11241446725317683,0.19646573170268955,0.5
391,30.374587178056352,0.1353774755102083,-0.0125705841800558,-0.12331418307043447,-0.0072222894544956,-0.08308895405669592,0.20209738105966854,0.5
392,30.38233781910344,0.0764374258959554,-0.0121764991089341,-0.11944850449308286,-0.0100120986870855,-0.15151515151515138,0.20911106933267298,0.5
393,30.386491146324275,0.0436455245531847,-0.0117824140378124,-0.11558280736501522,-0.0073751883040238,-0.08308895405669592,0.21997295847457493,0.5
394,30.38493214160803,-0.0059997908108315,-0.0117701492367927,-0.11546249800979418,-0.0251331039859547,-0.04398826979472137,0.23752560027433992,0.5
395,30.385396420050817,-0.0050205997549208,-0.0119752454795665,-0.11747435034324943,-0.0292720782404847,0.024437927663734094,0.26122208479911746,0.5
396,30.37974123931725,-0.003650220226528,-0.0121659628521551,-0.1193451514698536,-0.0430071486460968,0.03421309872922773,0.2877710153431276,0.5
397,30.361109090460936,-0.1049824203674538,-0.0122674335515705,-0.12034050474897107,-0.0349754064980054,0.053763440860215006,0.3120267468613941,0.5
398,30.347028873233132,-0.1478455046446603,-0.0123689042509859,-0.12133585678902625,0.0038362360524276,0.06353861192570864,0.3303097485090657,0.5
399,30.344898638119336,-0.062161467603394,-0.012811092661273801,-0.1256733812696062,0.0962702940580571,0.1319648093841641,0.3431776730652472,0.5
400,30.333121763003053,-0.1013404678054826,-0.0134337383877902,-0.13178100985026103,0.1024305126648127,0.15151515151515138,0.34732434420052444,0.5
401,30.323510035840293,-0.1144385111599802,-0.0141631620454234,-0.13893597457624113,0.1074897953469006,0.15151515151515138,0.3433777718104871,0.5085282705236372
402,30.3189907007047,-0.0817647524250499,-0.0155929343428795,-0.15296048726916484,0.2153355341548345,0.1026392961876832,0.3316222127135738,0.5341459947540863
403,30.299974853177563,-0.1410627662448671,-0.0170227066403356,-0.1669846872728458,0.3674100571683312,0.014662756598240456,0.30644157306759334,0.5706812128231755
404,30.28607645510056,-0.1552783930218977,-0.0176839074799351,-0.17347009077028144,0.3072147570906601,-0.12218963831867047,0.25932923346775594,0.6026226740727653
405,30.28818197812848,-0.0251383867528279,-0.0178764641001846,-0.17535877263345442,0.1234897938525389,-0.21994134897360684,0.1915929164449543,0.6216306118121254
406,30.28294553752553,-0.016692722266559,-0.0179005350482024,-0.17559487085293773,-0.2187074181171484,-0.32746823069403685,0.11169252178239779,0.6270516028201328
407,30.3007976933218,0.1144367725734374,-0.0168824039548635,-0.16560851570155172,-0.4582685375034999,-0.562072336265885,0.03787747759293018,0.6248809048096189
408,30.29664460645188,0.0095086876868035,-0.0158642728615247,-0.1556219888818973,-0.4044775473047168,-0.7673509286412514,-0.01608184088882755,0.6193313232458412
409,30.305563288933985,0.0471307988994985,-0.0145092908243243,-0.14233114894976678,-0.3797645150236642,-0.8455522971652005,-0.055192734180395414,0.6214416224352954
410,30.30778482626931,0.054111311704805,-0.012933803762981401,-0.1268770774435351,-0.3480460630546477,-0.9628543499511242,-0.08180123416124388,0.6341042656695342
411,30.291312411798003,-0.1019535436977058,-0.0114408836572084,-0.11223262021378075,-0.3055642853531331,-1.0117302052785924,-0.09785994658188055,0.6725370818265934
412,30.2958896433796,-0.004836262418224,-0.0104839472883025,-0.10284563885938694,-0.2655732653289642,-0.9921798631476051,-0.10478293870643089,0.7582980908798143
413,30.290149815555587,-0.03283676592354,-0.0095270109193966,-0.09345856332644993,-0.1784784994492045,-1.050830889540567,-0.10293628934778858,0.9416764255445329
414,30.291897136754592,-0.0022388952317297,-0.0092458892039693,-0.09070088079507214,-0.1409423219200338,-1.0019550342130987,-0.0950356109530751,1.3629884540468853
415,30.292203869059403,0.0224326603161487,-0.00937067335485,-0.09192496028287006,-0.1435115196587366,-0.9628543499511242,-0.08047474562634437,2.280788916982985
416,30.291761521078808,-0.0046685236063162,-0.0096336211852984,-0.09450436203962885,-0.19393029431356,-0.9628543499511242,-0.05908844779916866,3.0
417,30.29781660937614,0.0521742574146823,-0.0107730468046911,-0.10568154491875055,-0.1773463342199955,-0.9628543499511242,-0.038486325915565806,3.0
418,30.282726189228573,-0.0922764124291434,-0.0119124724240838,-0.11685859059251573,-0.1957847342542,-0.9628543499511242,-0.031021937670979223,3.0
419,30.275799815069465,-0.0851255634075855,-0.0131564095448866,-0.12906065435145123,-0.2042979087886375,-0.913978494623656,-0.02779893314051609,3.0
420,30.26207392201305,-0.1013263152108443,-0.0144620566097948,-0.14186782991974067,-0.2244373348820557,-0.8748778103616814,-0.027024137126556606,3.0
421,30.254063777656807,-0.089996454164753,-0.0156917138491614,-0.15392939567593988,-0.2295877186402487,-0.8748778103616814,-0.025771188096809443,3.0
422,30.25547983069221,-0.0360997232090201,-0.0164684913867501,-0.16154859797454144,-0.2355047197864153,-0.8651026392961878,-0.025088108868887248,3.0
423,30.26293346062766,0.0415218059635479,-0.0172452689243387,-0.1691677027974138,-0.2401036459277126,-0.8651026392961878,-0.024797766561687997,3.0
424,30.262583036195476,0.037609413247374,-0.0178821486346176,-0.17541452900324683,-0.2451333745943349,-0.9042033235581624,-0.025544538697169064,3.0
425,30.25482749188216,-0.0547333027402144,-0.0184391978928695,-0.1808782810320367,-0.2718326824326736,-0.8651026392961878,-0.028364851095128648,3.0
426,30.25347451909488,-0.0406950805848695,-0.0190106549596029,-0.18648329201431954,-0.2835009075352538,-0.8944281524926687,-0.02942761805842439,3.0
427,30.23572067686637,-0.1257107125314599,-0.0196714281294697,-0.19296426431608452,-0.2741875271958271,-0.9237536656891496,-0.027869416525377635,3.0
428,30.238321533891497,-0.0350975832174009,-0.0203322012993366,-0.19944515236556837,-0.2742014643472741,-0.913978494623656,-0.027026872916735535,3.0
429,30.22224526151478,-0.1039342901111529,-0.0211717876865655,-0.20767972117508637,-0.2928171972760712,-0.9237536656891496,-0.02808284994160485,3.0
430,30.236296026890173,0.0178090069355787,-0.0221210671069984,-0.2169899702723815,-0.3010082614902099,-0.9335288367546433,-0.02886830011686471,3.0
431,30.25141766995242,0.1434969775909804,-0.0230445773393393,-0.22604729529404935,-0.3218281059310274,-1.0019550342130987,-0.030430353679024094,3.0
432,30.250912801995696,0.0334409793282465,-0.0238058715058285,-0.23351354190014234,-0.3290548565215848,-1.0410557184750733,-0.03064887260443354,3.0
433,30.2604399548982,0.0875331944403779,-0.0245671656723178,-0.24097965316907774,-0.3340390716563437,-1.050830889540567,-0.0297913749920232,3.0
434,30.252384535927405,-0.0260026430134397,-0.0253143414110979,-0.2483071673973534,-0.3272364783837151,-1.0410557184750733,-0.027828225063363552,3.0
435,30.25112662105005,0.0074502363391451,-0.026053483365568498,-0.2555557583334251,-0.3402729809896649,-1.050830889540567,-0.027231759577244805,3.0
436,30.2390147403603,-0.0872447534758464,-0.0267761576743235,-0.2626427199910002,-0.3325065112978214,-1.050830889540567,-0.025729184593743275,3.0
437,30.24506690626397,-0.0162388854953607,-0.027398441049660598,-0.2687450804025489,-0.348780074201977,-1.0606060606060606,-0.026425651346463568,3.0
438,30.22144798968993,-0.1486316597843002,-0.0280207244249978,-0.274847336746171,-0.3534556846303813,-1.129032258064516,-0.026897011936269706,3.0
439,30.22022800775561,-0.1044580551177368,-0.027866379496630803,-0.27333380410770847,-0.3405519847903746,-1.1876832844574778,-0.027992668421799927,3.0
440,30.231117668713967,0.0702237826325023,-0.027237628036458496,-0.26716809336077496,-0.3499211797004534,-1.2267839687194524,-0.03411771489553211,3.0
441,30.22433324471192,-0.0104618312172152,-0.0266787337811413,-0.2616873329442651,-0.412530513196085,-1.2072336265884651,-0.04612262439602967,3.0
442,30.25131987055113,0.1602762361991438,-0.0265675023188115,-0.26059653898572244,-0.4429212442332167,-1.236559139784946,-0.054384168963389726,3.0
443,30.251209308076326,0.0576499027759259,-0.026456270856481605,-0.2595057418029642,-0.4337226813224757,-1.2561094819159337,-0.056894173766752126,3.0
444,30.262077178467955,0.0746461966917476,-0.0259894340435496,-0.25492764719668815,-0.4202374248695462,-1.2561094819159337,-0.05834360723088195,3.0
445,30.265837946431716,0.0866373947649766,-0.0253148577712619,-0.24831223126759158,-0.4168419144615051,-1.2561094819159337,-0.0627106401034475,3.0
446,30.26068370979082,4.301039987385409e-05,-0.0247204603069359,-0.24248301690809324,-0.4738864940827295,-1.2267839687194524,-0.07295808263182324,3.0
447,30.27358574720729,0.0913439318282185,-0.0246166631343488,-0.24146507645171691,-0.5006308012448478,-1.2463343108504397,-0.07944608306372213,3.0
448,30.268315997520236,-0.0094319549456096,-0.0245128659617617,-0.2404471333938314,-0.4698378080669689,-1.2561094819159337,-0.07968731820405792,3.0
449,30.28143509079876,0.0854178005610717,-0.024363459389143,-0.2389818925650542,-0.5016893813090494,-1.3343108504398828,-0.08282873584535992,3.0
450,30.272607935119805,-0.0287071305015265,-0.024186241164362996,-0.23724389398178014,-0.4797932351763567,-1.3147605083088956,-0.08165280117420598,3.0
451,30.26961424306904,-0.0469971361047578,-0.0239425880242765,-0.23485434873853472,-0.4770174539917108,-1.3245356793743892,-0.08133132622021165,3.0
452,30.27678170065586,0.074444876156426,-0.0232770841176948,-0.22832757504936593,-0.4711651843958048,-1.275659824046921,-0.08155926248355107,3.0
453,30.265759261466528,-0.0720951378720052,-0.022611580211113,-0.2218007002349559,-0.4659111191476203,-1.2267839687194524,-0.08233980876167886,3.0
454,30.277722964604624,0.0720555079474281,-0.0220097099821973,-0.21589782280572306,-0.474494116494635,-1.236559139784946,-0.0839931650630913,3.0
455,30.275617364778483,0.0159407006167087,-0.0214437684123331,-0.2103472464152858,-0.4610175061091863,-1.2072336265884651,-0.08366161249349507,3.0
456,30.288922479849028,0.1024385637208273,-0.0208372526612993,-0.20439865651184744,-0.4551787975150314,-1.1681329423264906,-0.08344999470154607,3.0
457,30.289640983819705,0.0568170041792674,-0.0199763136748161,-0.1959546038275516,-0.447835052584813,-1.1974584555229715,-0.08304437953262411,3.0
458,30.301780751849076,0.0939375385175278,-0.0191153746883328,-0.18751040589858817,-0.4318972020381768,-1.2463343108504397,-0.08181514105842572,3.0
459,30.30098724454533,0.0417037758725056,-0.0180146835230258,-0.1767144868415957,-0.4169198383080121,-1.2561094819159337,-0.0809039454466484,3.0
460,30.297172414710527,-0.0372762028290728,-0.0167736139668995,-0.16454143702665616,-0.4012754958340801,-1.236559139784946,-0.08074501026818315,3.0
461,30.29908325289879,-0.0177373607376406,-0.0157421039172194,-0.15442366119021625,-0.4003095061458319,-1.2170087976539588,-0.08223833464829536,3.0
462,30.26879256449089,-0.2137632751375971,-0.0159874896750184,-0.15683059253400178,-0.4132107699156251,-1.2170087976539588,-0.08398387507029581,3.0
463,30.265639316057,-0.0864174465104893,-0.0162328754328174,-0.1592375144343634,-0.4150431335349617,-1.1876832844574778,-0.08440519149647878,3.0
464,30.219546554886136,-0.3189402143936107,-0.0162779241279388,-0.1596793837477021,-0.4211438777510479,-1.1779081133919842,-0.08405150701097795,3.0
465,30.223775371704704,-0.0897608259211663,-0.0162032305275474,-0.15894673615887997,-0.3979566293420532,-1.236559139784946,-0.08090859908678792,3.0
466,30.20738473014374,-0.1312310190640223,-0.0161198362406849,-0.15812874504428392,-0.3791698785146211,-1.1876832844574778,-0.07888307931641969,3.0
467,30.212260813967887,-0.0465745672338041,-0.0159820001380802,-0.15677674705645525,-0.3983701487848873,-1.158357771260997,-0.08154168365429287,3.0
468,30.221554832805985,0.1094893099909779,-0.0158441640354755,-0.15542474609005794,-0.4067285406740986,-1.1876832844574778,-0.08511772299631187,3.0
469,30.22048749616495,0.048558423316925,-0.0149145103219869,-0.14630592200586676,-0.4034724067821101,-1.1485826001955033,-0.08991662837874455,3.0
470,30.231125873055717,0.1200676337238941,-0.0135325575852965,-0.1327503380610822,-0.408478989835625,-1.0899315738025415,-0.09848303745221373,3.0
471,30.229204426819933,0.0350763087322134,-0.0123606068857858,-0.1212544658586248,-0.4553497283282137,-0.9628543499511242,-0.11299131850119928,3.0
472,30.23811810844749,0.0429887655536134,-0.012524768283151,-0.1228647645033274,-0.5205017921649042,-0.8455522971652005,-0.12896667602009482,3.0
473,30.23953380229609,0.0389321609160279,-0.0126889296805163,-0.12447505983695281,-0.5390596634746595,-0.8455522971652005,-0.14171636090212533,3.0
474,30.228677012032616,-0.0756264913337325,-0.0127374005060066,-0.12495052020934007,-0.602286895089872,-0.8553274682306942,-0.15763585698545482,3.0
475,30.223061672013365,-0.0207143846915148,-0.0127168369606979,-0.12474880816758094,-0.6337381180964625,-0.9335288367546433,-0.17222619867532415,3.0
476,30.19334140306013,-0.1924387067061505,-0.0125927885946808,-0.12353199113738277,-0.6410656233461908,-0.9335288367546433,-0.18912304149141085,3.0
477,30.20420086623628,-0.0165350850335563,-0.011801646585616,-0.11577146554155926,-0.801543052568432,-0.9726295210166178,-0.22097124991838504,3.0
478,30.19648269780578,-0.0398033831753677,-0.0110105045765512,-0.10801086748372181,-0.89714635784529,-1.0019550342130987,-0.24596222121245964,3.0
479,30.19932465492601,0.0032418294116778,-0.0110265963524262,-0.10816871822236201,-0.8838346209711673,-1.0606060606060606,-0.25557765453351866,3.0
480,30.18483848088212,-0.095587784691876,-0.0115264191016078,-0.11307166759567128,-0.9104992097135844,-1.050830889540567,-0.2625135294449547,3.0
481,30.181280801125403,-0.0681205039967136,-0.0120544611658339,-0.1182514001357837,-0.9551742339487492,-0.9921798631476051,-0.2664840766696371,3.0
482,30.180302906983897,-0.0203693919894106,-0.0127579359471346,-0.12515195651868707,-0.8758411807634714,-0.9824046920821115,-0.25921390026808044,3.0
483,30.177520610070054,-0.0327595037103569,-0.0134614107284352,-0.13205245096679627,-0.919689640311382,-0.9824046920821115,-0.2600332857073686,3.0
484,30.181645157485328,0.0185270978708924,-0.0147265936781249,-0.14446266218568987,-0.9198686234063352,-0.9726295210166178,-0.25859765356347136,3.0
485,30.1762526332048,-0.0490785209510217,-0.0163114901366673,-0.16000862257914453,-0.9219024966536464,-0.9824046920821115,-0.257281971152295,3.0
486,30.18589703536008,0.0714329189051273,-0.017954370470402495,-0.17612291147886333,-0.9586351539994636,-1.0117302052785924,-0.258957837098441,3.0
487,30.17982259565044,-0.0287265051378048,-0.0199544114491547,-0.19573978581584614,-0.9732901237277648,-0.9921798631476051,-0.25895109256732857,3.0
488,30.19369028753864,0.0665087755392277,-0.0219544524279069,-0.21535587716186158,-0.9843908422983664,-0.9824046920821115,-0.2587392339531991,3.0
489,30.19709279638771,0.0540473997047701,-0.023992623931988595,-0.23534506001579744,-1.0021118665395037,-0.9335288367546433,-0.2606834694780978,3.0
490,30.20163590151084,0.0367306591105512,-0.0260531192656881,-0.25555218772575994,-1.04353418695605,-0.9530791788856305,-0.2672134035110058,3.0
491,30.20625935713984,0.0639946651489519,-0.0279628085876968,-0.2742794049533431,-1.076546602523354,-0.9824046920821115,-0.27784084410840976,3.0
492,30.208004003309465,0.0260666479736415,-0.028956820149446696,-0.2840267091717124,-1.1594176283293736,-1.050830889540567,-0.2978446122969401,2.981332770540031
493,30.21684137374855,0.0919842864161249,-0.0299508317111967,-0.29377373275496393,-1.282047512769591,-1.1094819159335287,-0.3245483609641522,2.9435882658543457
494,30.21711613483939,0.0178574323202522,-0.0308106962599195,-0.3022051111786485,-1.305698421187333,-1.099706744868035,-0.347867722453367,2.8915524006311593
495,30.23396682019513,0.1042854619588287,-0.0315913922025749,-0.3098600106275621,-1.416526402730498,-1.1779081133919842,-0.3813082575184247,2.8230745639095693
496,30.23710747031214,0.0514919171584684,-0.0324449861349826,-0.3182294749783909,-1.5768188022577712,-1.1779081133919842,-0.41924478163457063,2.744193461616963
497,30.245320531376212,0.0733009052208393,-0.0337816482839533,-0.33133494138146496,-1.5996920189463364,-1.2072336265884651,-0.4430289335771723,2.6480278696111776
498,30.24739610356053,0.0381642278614614,-0.035118310432924,-0.34443981579985194,-1.6081974738666691,-1.2463343108504397,-0.46144475352917547,2.54520169428159
499,30.233364312762472,-0.0702568089520282,-0.0362003561907658,-0.3550479360116638,-1.6141333767468382,-1.2561094819159337,-0.4790027768964167,2.445041350303171
500,30.237046571164026,-0.0176320755906596,-0.0371176131432586,-0.36404018076081684,-1.6187923163612346,-1.236559139784946,-0.4968864229383529,2.352476074536164
501,30.22864209425977,-0.0560102416625859,-0.037900757978364896,-0.37171742752009534,-1.623213934802466,-1.275659824046921,-0.5152043213646057,2.2639282338195734
502,30.220538999914197,-0.0649978933391423,-0.0378691901987519,-0.3714079698128684,-1.6279381732443954,-1.3636363636363638,-0.5343948566309527,2.182568162303946
503,30.214023018212902,-0.0553077646668323,-0.0378376224191389,-0.37109851173552416,-1.6295199624948855,-1.3929618768328447,-0.5527263245812956,2.1124039089576825
504,30.21291508587475,-0.0183381068363194,-0.0374457086145118,-0.3672565607650804,-1.62046292455921,-1.412512218963832,-0.5683606821543684,2.0515946052724856
505,30.21106578177928,0.0164936645098928,-0.03684172545749229,-0.3613355728964536,-1.615470676137701,-1.4613880742913001,-0.5806144471336017,2.001093017438345
506,30.227788587376363,0.118667987221124,-0.0363728415158926,-0.3567389031751391,-1.570549441613015,-1.4516129032258065,-0.5865713539921568,1.960216674344478
507,30.242389638909675,0.1481172545334425,-0.0367387731195877,-0.36032629388837495,-1.539075273971515,-1.5004887585532747,-0.5899938168461907,1.9284729093434314
508,30.25001619601588,0.0990408495832331,-0.0371047047232828,-0.36391363635178064,-1.5390286321717326,-1.5298142717497556,-0.5933361495335163,1.9069559379276688
509,30.25088968337623,0.0438253824451424,-0.0375389935951235,-0.3681710433146211,-1.540036021619078,-1.5493646138807429,-0.593631017341147,1.8938360622101227
510,30.240426524633424,-0.0484302292022946,-0.0380165528801144,-0.37285255723314603,-1.5131779870463336,-1.5591397849462365,-0.5881083187564594,1.8886411238839016
511,30.237575995413984,-0.0395762122365343,-0.0381703185291098,-0.37435990392384355,-1.4709462532369673,-1.5591397849462365,-0.578257200811042,1.8924902330750002
512,30.232763339606446,-0.0455071021817551,-0.0362637862497088,-0.35566977650182235,-1.406243950032887,-1.5298142717497556,-0.5670317934746352,1.90410343038672
513,30.23748197181592,0.0129383903216614,-0.0343572539703078,-0.33697835626845224,-1.3553764820220198,-1.4809384164222874,-0.5584533596711729,1.9190590694534304
514,30.257792800444623,0.1571710101404541,-0.0321096723343836,-0.31494175996713664,-1.3528819705855128,-1.3636363636363638,-0.5564012429420414,1.9359176966429694
515,30.25618425022912,0.0631389940869507,-0.029662788674116803,-0.29094928571985473,-1.347180632907778,-1.3343108504398828,-0.5577796293141335,1.9500393372285802
516,30.2692404777412,0.0807705250040473,-0.0272177119517175,-0.2669727889858977,-1.3688911690917176,-1.2854349951124147,-0.5618121117018166,1.960420922307282
517,30.275023093034928,0.0816091245937191,-0.024784045839682595,-0.2431065999088999,-1.3581067698465183,-1.2267839687194524,-0.5631816454940373,1.9678610688928369
518,30.26903849529729,0.0116445454577905,-0.0223503797276478,-0.21923897097768022,-1.3351073259333377,-1.2170087976539588,-0.5613611620626684,1.9692398429608313
519,30.263873024820963,-0.0370440494206092,-0.0205462358604036,-0.20154439283819958,-1.3113729520241877,-1.1876832844574778,-0.557000508687856,1.9659037816235636
520,30.269458406317963,0.0267290337386679,-0.019101536339201,-0.1873746764770271,-1.2853199091946268,-1.158357771260997,-0.550391910874515,1.958051562096844
521,30.26578025006061,-0.0204383581244085,-0.0180110789268748,-0.17667913148989742,-1.2690796806338764,-1.1876832844574778,-0.5415065985013574,1.9455847066382816
522,30.259226511179723,-0.0636479607277185,-0.0190026604120899,-0.18640487966869843,-1.232055883288775,-1.1388074291300097,-0.5276909622057447,1.9296341465867946
523,30.242253423381435,-0.1390079466276623,-0.019994241897305,-0.1961304445679284,-1.226184684577311,-1.099706744868035,-0.511837055310736,1.9089332864672897
524,30.217651202722564,-0.2047119979384098,-0.0213279674318131,-0.2092114985666976,-1.1756752326095672,-1.0703812316715542,-0.4898566339565317,1.884241930788252
525,30.21129472084145,-0.1131293012608186,-0.0228686154367611,-0.22432156386667837,-1.1351938589963544,-1.050830889540567,-0.4641910677250592,1.8613343420990018
526,30.20012473838501,-0.0790252187602332,-0.0243487536195051,-0.2388376717528134,-1.084565221437256,-0.9628543499511242,-0.4337010821470384,1.840509399887461
527,30.19642750916787,-0.0633921317341961,-0.0254335594154085,-0.24947631954603758,-1.0109025473948818,-0.913978494623656,-0.39772209229252736,1.8206798846647083
528,30.21032201851662,0.0703047925749418,-0.026518365211311904,-0.2601146737546559,-0.8511718360592363,-0.9042033235581624,-0.357836984879813,1.8038433321113156
529,30.212316238105803,0.0533549995829381,-0.027453711440633105,-0.26928707903113214,-0.8448258327530144,-0.8455522971652005,-0.33007064868875097,1.7904503353554462
530,30.23378598944399,0.1483961265912767,-0.028302866303135995,-0.2776140510766681,-0.8276433762581106,-0.8162267839687196,-0.30656391175614073,1.7789264964713292
531,30.236047754743367,0.0759781289498808,-0.028975815595444102,-0.28421297632611386,-0.7992590428817614,-0.7478005865102642,-0.2833922793714358,1.7691626848112683
532,30.26128221834101,0.2018413297499104,-0.0285922042037046,-0.2804513074418544,-0.7461706165676784,-0.7086999022482896,-0.2586935791667903,1.7558402644582114
533,30.27199729178608,0.1484982767658885,-0.0282085928119651,-0.2766895972870262,-0.6911378300615278,-0.698924731182796,-0.23309855067959737,1.7424603726255765
534,30.2801893025372,0.1026902012865987,-0.027595672685923202,-0.2706791913415621,-0.6311912442780439,-0.6011730205278596,-0.20708278038066874,1.7329507235987371
535,30.28460620130901,0.0514179235948438,-0.0268492242622378,-0.26335924557867463,-0.5967130157926862,-0.5718475073313787,-0.18139468803247125,1.7243570552364815
536,30.28357825955697,-0.0146788720245838,-0.0262057920085326,-0.2570493960778279,-0.5226135302401999,-0.5229716520039105,-0.1526160630967457,1.7156188690299867
537,30.29099588026115,0.0349017573786434,-0.0262314147669611,-0.25730066894887005,-0.4778509851596526,-0.4447702834799605,-0.12358507459341346,1.7135038013599
538,30.288813234433075,0.0208340883573272,-0.026257037525389496,-0.2575519416509867,-0.4347878896227188,-0.35679374389051777,-0.09307299409947699,1.7153864618977277
539,30.29581842429962,0.0462776329810474,-0.0259172914890492,-0.2542201670752661,-0.3019012851679962,-0.27859237536656867,-0.0594109474901997,1.7096897074335264
540,30.299865742443217,0.0299429283652521,-0.025367310503302,-0.24882662735963162,-0.2743828937555217,-0.22971652003910048,-0.035030755363991035,1.7008246803678841
541,30.315656194798727,0.0897103075830411,-0.024817584483415,-0.2434355128240197,-0.2498889522836932,-0.2101661779081132,-0.016498946555238148,1.6875717208557304
542,30.32311718298829,0.0742043716561037,-0.0242695124203996,-0.2380605452615547,-0.2129436458344416,-0.17106549364613866,-0.0015935970933367643,1.6779252216711744
543,30.321180404733376,0.0163199448735564,-0.0237214403573843,-0.23268550618975495,-0.2098066673644303,-0.12218963831867047,0.00868747033095902,1.6695707013901102
544,30.321181576612776,-0.0015263046320846,-0.0239606918632552,-0.23503189645885514,-0.2012379968530005,-0.16129032258064502,0.017653775519537594,1.6399027321186734
545,30.312538505895684,-0.0593629686536388,-0.0246603948419663,-0.24189395429380353,-0.2015418594919902,-0.14173998044965774,0.02620010976571922,1.6132870454469799
546,30.316271688370765,0.0053414244044531,-0.0252158174814123,-0.24734095610761206,-0.2028499307825044,-0.1026392961876832,0.035504083197828655,1.5700917317221892
547,30.30033016970999,-0.0953974025873893,-0.0248777206452722,-0.24402526646623232,-0.1707138427996997,-0.11241446725317683,0.04747626288654077,1.5095365945908121
548,30.30710577215702,0.0061285984627619,-0.0245396238091321,-0.24070954893045382,-0.1272999560971668,-0.06353861192570864,0.06056694216126245,1.479789352988951
549,30.31405307264828,0.0570119061633798,-0.0239091968222718,-0.2345268748002,-0.1116400542634285,-0.1026392961876832,0.07086813819787037,1.6373118156231352
550,30.31561055199272,0.0381968397281833,-0.0231120141943953,-0.22670867467504138,-0.0972169214218176,-0.053763440860215006,0.0754985603254645,1.8298408408961229
551,30.320046178654817,0.0319925976925489,-0.0224036279014029,-0.21976120478572567,-0.0828117844366998,-0.04398826979472137,0.07556642189013428,2.008716608466167
552,30.31826014478626,0.0039990036460037,-0.0222486985123909,-0.21824172625748847,-0.0791040384451644,0.014662756598240456,0.07273924223955265,2.139227629556671
553,30.31559892602377,-0.0372190545071247,-0.0220937691233788,-0.2167222424907689,-0.0761759675042837,0.024437927663734094,0.0691801746523283,2.2697185597501273
554,30.31490327530884,-0.012089437076676,-0.0218460737540253,-0.21429293732696555,-0.076548265751548,0.004887585532746819,0.06522010536204548,2.397345352167195
555,30.314933678179365,-0.0068583275985142,-0.0215440302475074,-0.21133058782837807,-0.0742651763525282,0.004887585532746819,0.06178146687031723,2.502638677306345
556,30.30962113449868,-0.0369991416159054,-0.0211941645997318,-0.20789918944430147,-0.0625919793325469,-0.03421309872922773,0.0596076800531541,2.589100886755439
557,30.316031558775244,0.0078870496421543,-0.020535894930117,-0.20144296971285272,-0.0566077536891408,-0.024437927663734094,0.0573295310706185,2.639752518466803
558,30.311438784637872,-0.0177296774263088,-0.0198776252605021,-0.1949866626923484,-0.0520892132058025,-0.04398826979472137,0.055380473152446597,2.6807873237226287
559,30.31814398962399,0.0224837494838874,-0.01908933506212,-0.18725500377064705,-0.0471440934115135,-0.1026392961876832,0.053829211537288806,2.704438059549453
560,30.320334146930893,0.0362791940554445,-0.0182198456673298,-0.1787267971728959,-0.037230373305231,-0.09286412512218956,0.05313874438700576,2.729254913582332
561,30.320901133218698,0.023655667790178,-0.017452385371665,-0.17119920938045055,-0.0283443036949102,-0.06353861192570864,0.052779419061777785,2.743942950351337
562,30.324081749730567,0.0295389240371286,-0.0173249499012137,-0.1699492564114709,-0.0230915789769672,-0.03421309872922773,0.0525935803477947,2.7589328161191746
563,30.32052885772562,-0.0212908322259502,-0.0171975144307624,-0.16869930068254949,-0.0186939763212836,-0.03421309872922773,0.05156551600366889,2.7455986854404597
564,30.31637173519719,-0.0747824314324317,-0.0170135407846096,-0.16689478324859125,-0.0260387763897201,-0.004887585532746819,0.04852507930259751,2.699596444155226
565,30.324124775698536,0.0227456807480299,-0.0167924846466622,-0.16472653232410067,-0.0545121525917446,-0.004887585532746819,0.043806967624721416,2.6531705110022803
566,30.314764183239195,-0.0519228055999939,-0.0164325762615299,-0.16119631826850378,-0.0487934582102736,-0.053763440860215006,0.04164948626964479,2.6049959623095047
567,30.3247249248308,0.0454871651547584,-0.015260366792726401,-0.1496983878154294,-0.0507603063266604,-0.03421309872922773,0.039388293282134695,2.5548439194006294
568,30.31585463958275,-0.0133788681706794,-0.014088157323923,-0.13820025166556152,-0.0408069541392889,-0.06353861192570864,0.03849118686182694,2.502007857646061
569,30.30465107909666,-0.0827439142267594,-0.0130126449089404,-0.12765044400007336,-0.0326017227445432,-0.11241446725317683,0.03826093254333991,2.4428864429608432
570,30.30254061841123,-0.0485336159162075,-0.0119945867342515,-0.11766407442507665,-0.0216534877113156,-0.1026392961876832,0.038671128082607656,2.393279617433421
571,30.2957057964853,-0.0665067847936246,-0.011126061515467198,-0.10914441161682968,-0.0125721684289822,-0.1026392961876832,0.039090222573369034,2.345405525504737
572,30.293843705999837,-0.0234156329955417,-0.0111787351445204,-0.10966110778381828,-0.004811590196054,-0.03421309872922773,0.03913818081894056,2.2718070616105552
573,30.279587506159046,-0.0884929204585707,-0.0112314087735736,-0.11017780364655091,-0.0180867897838786,-0.024437927663734094,0.03667493856392973,2.194758958964943
574,30.28021230391448,-0.0218064858791513,-0.0113259615030686,-0.11110530692616327,-0.0503357673207042,0.024437927663734094,0.0328291845272119,2.122251959950529
575,30.276449002270716,-0.0177741361112495,-0.0114454912428227,-0.11227781766927034,-0.0500855932343824,-0.004887585532746819,0.03201191007890276,2.0561487385139645
576,30.28949864007499,0.0746077422619384,-0.0116060957773878,-0.11385324350299963,-0.0469281722711687,-0.024437927663734094,0.03291871088998708,1.9749255301511108
577,30.29062466118908,0.0324247086298907,-0.0120313429278308,-0.11802462666661918,-0.0466748799824437,-0.014662756598240456,0.034618054825586574,1.9235350413853907
578,30.29518063935564,0.0297177340217293,-0.0124565900782737,-0.12219598848723832,-0.0492077117849523,-0.03421309872922773,0.03615453633359875,1.8935353204408485
579,30.308047638310764,0.103647233399681,-0.0128232206879573,-0.12579234743884998,-0.0513830540141035,-0.014662756598240456,0.037289264562256605,1.8992204993867876
580,30.310700480756896,0.05950139066472,-0.013151856574543498,-0.12901599357651813,-0.0530559227607959,-0.024437927663734094,0.03762341908980865,2.000338640306972
581,30.31942896734112,0.0738472484254367,-0.013424824670323398,-0.131693574166825,-0.0618527171517719,-0.04398826979472137,0.03628875730136252,2.163254223283699
582,30.314746126241925,0.0048448585303665,-0.013326832008792498,-0.13073235215145537,-0.0625476014872054,-0.004887585532746819,0.03414913079942469,2.3579110242565817
583,30.30949068570157,-0.0432496067508498,-0.0132288393472615,-0.1297711288807193,-0.0622068185768944,0.014662756598240456,0.031747906369530045,2.550631474589466
584,30.31430774514644,0.0408586372044133,-0.0127613573138351,-0.12518551739383438,-0.0550000389913603,0.014662756598240456,0.029728777816257993,2.7424103393243033
585,30.31274412851108,-0.0008269275884619,-0.0120590871890737,-0.11829677812536238,-0.0472294196658579,-0.08308895405669592,0.027923099912504582,2.878770581967843
586,30.319411303174757,0.0549594594412788,-0.0116011643127551,-0.11380486909180328,-0.0432546226556162,-0.12218963831867047,0.026807703255853164,2.926245759615113
587,30.318582332304956,0.0199402941552165,-0.012676655734867,-0.12435466211396434,-0.0462884665652167,-0.1319648093841641,0.02732424322133803,2.9081340174619386
588,30.31153056341086,-0.0600590050586152,-0.013752147156978898,-0.13490431129736494,-0.0520381321382017,-0.15151515151515138,0.02846309960863687,2.8298402355082617
589,30.304044858431897,-0.0858170680123957,-0.014861020589061302,-0.14578124587736682,-0.0597835956905248,-0.19061583577712593,0.030160857814965466,2.711769926541791
590,30.30186747353761,-0.0239631208476915,-0.0159905172194265,-0.15686028894832296,-0.0664920951359215,-0.1808406647116323,0.03246907272949859,2.711769926541791
591,30.297408791173503,-0.0444633052025997,-0.016972399810136898,-0.1664912485586016,-0.071145230116317,-0.1808406647116323,0.03414827332656988,2.711769926541791
592,30.302785842356773,-0.0001555192296324,-0.0170634405211035,-0.1673842286094693,-0.0721709760273259,-0.1808406647116323,0.03508353570917105,2.711769926541791
593,30.327052917887688,0.1506087470872776,-0.0171544812320701,-0.16827720727298776,-0.0731040647704414,-0.17106549364613866,0.03599850261445667,2.711769926541791
594,30.33339879907429,0.0980656713378793,-0.0174285693930779,-0.17096561016198625,-0.0718152696683507,-0.2590420332355814,0.037576954485080444,2.711769926541791
595,30.34275258010495,0.1161818358577085,-0.0178304680035932,-0.17490762283663608,-0.0637375163193659,-0.2590420332355814,0.03990116125629242,1.7584738258443604
596,30.338106953795084,-0.0053608774459324,-0.0183234860131372,-0.17974333925299943,-0.0678303250456099,-0.27859237536656867,0.05049273278479009,0.9912249878363916
597,30.337290963544657,-0.0128105754455771,-0.0193959311762309,-0.19026215481005224,-0.0737630477361232,-0.2590420332355814,0.06193211913499758,0.5
598,30.32964488907115,-0.0415137909189231,-0.0204683763393245,-0.20078075153927138,-0.0731717055138095,-0.23949169110459412,0.06664640371350776,0.5
