t,vEgo,aEgo,roll,targetLateralAcceleration,currentLateralAcceleration,steerCommand
20,33.6662993138583,-0.1427389358746498,0.03793931258879211,1.0737234709618368,1.0737234709618368,0.3224416333145364
21,33.6629245725833,-0.0952381240838884,0.03906409090735484,1.0527911761675326,1.0527911761675326,0.3037519433958606
22,33.65764991040884,-0.0661868093852008,0.04018881973154046,1.0243747365375606,1.0243747365375606,0.1855302560225258
23,33.662165243010804,0.0011238148488627,0.03989618386489049,0.7800144861106189,0.7800144861106189,0.1823100915216171
24,33.67285350424658,0.0658829392096585,0.039536789599888766,0.7701471502025644,0.7701471502025644,0.1788544009828539
25,33.67554090121588,0.0439748482833553,0.03927424639458365,0.7606936247013875,0.7606936247013875,0.1829872511575265
26,33.67382149315373,0.0294165545009753,0.0391375884843588,0.7675926000293568,0.7675926000293568,0.1849436047777162
27,33.669148863392884,-0.0181656245146981,0.03900092984209933,0.7701212729106445,0.7701212729106445,0.1862974566353196
28,33.66716762759941,-0.0174871773015694,0.03906697350427865,0.7734588263379781,0.7734588263379781,0.1864954802509668
29,33.660892131542724,-0.044179291045929,0.039149412764220314,0.7746073695177639,0.7746073695177639,0.1813171704228903
30,33.658822105796624,-0.0399783404686168,0.039567615490608624,0.768343857412982,0.768343857412982,0.1871975204817226
31,33.65074046226451,-0.0664541166899483,0.040381178542231354,0.7880037662795076,0.7880037662795076,0.1910825986379111
32,33.6548224105023,0.0206939086188863,0.04119471482338618,0.8037960334517689,0.8037960334517689,0.191907042251222
33,33.64386412609669,-0.0622102717520619,0.04141159366759994,0.8074734025781413,0.8074734025781413,0.1881706260802332
34,33.647208299022104,-0.0132308830176661,0.04158063796988911,0.8016847911581142,0.8016847911581142,0.1910793141516949
35,33.64080758168798,-0.0352113795292076,0.04177272363633906,0.8093308107381891,0.8093308107381891,0.2008344777981709
36,33.63600141754381,-0.0487382558285624,0.0419920734067796,0.8309922778751787,0.8309922778751787,0.2031680192614447
37,33.65191450252621,0.0696080174283106,0.04221142115324979,0.8379868484463135,0.8379868484463135,0.221073146557403
38,33.653792114943386,0.0365611087746741,0.04261926081592791,0.8781050023664648,0.8781050023664648,0.2469964845843575
39,33.66081964695643,0.0697003814791755,0.043043229522035785,0.9350315270915028,0.9350315270915028,0.2705843566564013
40,33.65520028481505,-0.0128070008909655,0.04300438047726395,0.9829995984993009,0.9829995984993009,0.2733461859998246
41,33.645373681057464,-0.0876459384495089,0.042373030835783254,0.9823740974924196,0.9823740974924196,0.2755280465121247
42,33.638457015861704,-0.0759239025904162,0.04174166427347679,0.9805936345655452,0.9805936345655452,0.2774444280098906
43,33.64081556319291,0.0028193685153314,0.04095189012428196,0.9768409063244464,0.9768409063244464,0.277689029852134
44,33.640735811082955,0.0176980742434908,0.040151437991712474,0.9694934009967991,0.9694934009967991,0.2766767077630289
45,33.636110075171324,-0.0445532225336679,0.03933615144258718,0.9593378717353104,0.9593378717353104,0.2791917751286722
46,33.636283430572995,-0.0008953036001801,0.038501233661642216,0.9563531205207432,0.9563531205207432,0.2828452882560783
47,33.6256753170664,-0.0337493303238202,0.03766628900124744,0.9555821536445844,0.9555821536445844,0.2887751319895727
48,33.62275226148448,-0.01295097505085,0.03684624759429225,0.959805023761181,0.959805023761181,0.2832280595533997
49,33.615324920203534,-0.060321615970125,0.036026847725960286,0.9401465642115588,0.9401465642115588,0.2862563344913217
50,33.60975670261897,-0.0484105033311505,0.03502926375143954,0.936562059691202,0.936562059691202,0.2895757471420925
51,33.61257369259475,0.0090057331139934,0.03379819076333039,0.9314206330604492,0.9314206330604492,0.2856321351897817
52,33.61474238948256,-0.003507277885872,0.03256706649195244,0.9111837330570666,0.9111837330570666,0.2733471136375373
53,33.6310706438621,0.101786896216282,0.03139431621108062,0.8744806771807574,0.8744806771807574,0.2639724072176482
54,33.627716467924195,0.0392405693261891,0.030224436722197146,0.8436483842390793,0.8436483842390793,0.262629567644574
55,33.62939436216317,0.0579091332893275,0.02861911670275261,0.8251624395114685,0.8251624395114685,0.2350956384595942
56,33.631312300972404,0.0218726941785735,0.02643582662579231,0.7475194362244987,0.7475194362244987,0.2229829446426595
57,33.638276814195024,0.0401814615966941,0.024252410440147917,0.7016215909793354,0.7016215909793354,0.2185118213719779
58,33.639849181648785,0.0391416985204084,0.022654795821694922,0.6769279213065456,0.6769279213065456,0.2128960400293743
59,33.63784286163287,-0.000707631657863,0.021101151456223752,0.6503341737796666,0.6503341737796666,0.1828498312683286
60,33.633581573745865,-0.0374594188331465,0.01909381143998161,0.5703352005306995,0.5703352005306995,0.1734298998531505
61,33.64452909847544,0.0454970801738642,0.01656145795558406,0.5268038680744593,0.5268038680744593,0.1273850292351077
62,33.646022276095884,0.0423475245525191,0.01402899823186884,0.410801538627868,0.410801538627868,0.0998412813584251
63,33.63317401926288,-0.095262965240705,0.012383463114616172,0.3404856491280307,0.3404856491280307,0.092487573760183
64,33.63780820117474,-0.0275535695997916,0.010806337779223667,0.3106341333067343,0.3106341333067343,0.038677762982669
65,33.63017878050374,-0.0659619005558451,0.009167372315453642,0.1895507567447085,0.1895507567447085,0.0382732157868508
66,33.6328493657325,0.0136059350829016,0.007454349998799096,0.1719635090566191,0.1719635090566191,0.0021336157313992
67,33.63904280127819,0.0399106130553594,0.005741305806250081,0.0848772130368339,0.0848772130368339,0.004621780613079
68,33.63986132110495,-0.0003443369318292,0.0037538888657617387,0.070218447495999,0.070218447495999,0.0081241718097686
69,33.64711250325824,0.0819410937010741,0.0017450674391056346,0.0573244859855111,0.0573244859855111,0.0001618651579725
70,33.6406897699555,0.0035113266500535,-0.00012092954703125529,0.0235351491597513,0.0235351491597513,-0.0019515803597511
71,33.641537133559986,-0.0072596200905994,-0.0018002027181549419,0.0029522049090667,0.0029522049090667,0.0038348039957285
72,33.65155534957935,0.0302752387419727,-0.0034794708127771972,-0.0022688316913747,-0.0022688316913747,-0.0103056390163333
73,33.656761358715585,0.0540876776799499,-0.004385195496398199,-0.0386576771595068,-0.0386576771595068,-0.0293963193895663
74,33.64438219112654,-0.0248987404874813,-0.005236027112415129,-0.0841322823414378,-0.0841322823414378,-0.0242344716228861
75,33.641410584877654,-0.0577570436921097,-0.005921653730685467,-0.0808120813327486,-0.0808120813327486,-0.0196674887339397
76,33.6483523924739,0.030633569839353,-0.006392794924403519,-0.0765571945884414,-0.0765571945884414,-0.0237650821521391
77,33.656582701259424,0.0728434428629105,-0.006863934699033355,-0.0891596562869796,-0.0891596562869796,-0.0336069425380152
78,33.65813404660512,0.0333217320944878,-0.007776428712310456,-0.1172691492061953,-0.1172691492061953,-0.0325352769519651
79,33.64752255765389,-0.1067355242932389,-0.008709698722044018,-0.1243220481657977,-0.1243220481657977,-0.0242698033339899
80,33.66086067647546,0.0272606961004379,-0.009670823694108908,-0.1176822504532899,-0.1176822504532899,-0.0191073265969487
81,33.647966053584426,-0.0441577658600931,-0.01066956823929061,-0.1174223432750768,-0.1174223432750768,-0.0086313332833143
82,33.655371822691684,0.0384482614190668,-0.011668302140576748,-0.1068475340975412,-0.1068475340975412,-0.008593028214652
83,33.67287673502032,0.11575665025889,-0.012133292905027748,-0.1113416198618786,-0.1113416198618786,0.0057903339024859
84,33.68253196196661,0.1006779700614573,-0.012570769936144638,-0.0876428685811169,-0.0876428685811169,0.0180860544189723
85,33.66979913934625,-0.0086025014202449,-0.012840656170691207,-0.066367544062446,-0.066367544062446,0.0203761090171511
86,33.656275790149614,-0.1042641536888259,-0.012888995868817173,-0.062397650692203,-0.062397650692203,0.0225806387371725
87,33.65854733866879,-0.0375399829123619,-0.012937335536820195,-0.0585800066376875,-0.0585800066376875,0.0230696482906781
88,33.66787238896972,0.0497156503253693,-0.012883927451651041,-0.0570944247000833,-0.0570944247000833,0.0231717975113011
89,33.662066025422725,-0.0025212404520531,-0.012822859533017273,-0.056302818853374,-0.056302818853374,0.0251924993512051
90,33.645824098890365,-0.1088884696052548,-0.012823792727282754,-0.0523984111183623,-0.0523984111183623,0.025593342354455
91,33.653315076970905,-0.0163790024062655,-0.012898316967765062,-0.0523406692269776,-0.0523406692269776,0.0251860741387889
92,33.66219982163114,0.0473906463878695,-0.012972841136600036,-0.0538537813672364,-0.0538537813672364,0.0292098248051481
93,33.66097991938574,0.054201521865407,-0.012851762404184907,-0.0448356248826344,-0.0448356248826344,0.0288623215363114
94,33.658043036059006,0.0001378362466506,-0.012715739114034012,-0.0441816359107721,-0.0441816359107721,0.0318894504067564
95,33.658115685389305,-0.0303772227556431,-0.01251787514146433,-0.0363480599417132,-0.0363480599417132,0.0339690911841056
96,33.65152666923141,-0.0226048352923649,-0.012241494375284556,-0.0295986178301143,-0.0295986178301143,0.0359876165024561
97,33.641082441184274,-0.0576536562215887,-0.01196511267387875,-0.0229754556059222,-0.0229754556059222,0.0374850358572254
98,33.63472872718886,-0.0707489657809792,-0.011756337510229543,-0.0180239473645808,-0.0180239473645808,0.0374990002885833
99,33.63370196567556,-0.0429487536292697,-0.011552441938444902,-0.0159983567850293,-0.0159983567850293,0.0368943701489112
100,33.63961519611496,0.0433645300577389,-0.011600528773130173,-0.0176365489509296,0.024437927663734094,-0.10873950820723749
101,33.62415080281644,-0.0817006007793591,-0.011972657499886715,-0.0173839330634307,0.04398826979472137,-0.11882195570116245
102,33.64021548774281,0.028455778780371,-0.012344784568441706,-0.0156422164966379,0.014662756598240456,-0.12944356359416104
103,33.641139996977664,0.0077186422978103,-0.012239249172563218,-0.0108099962790949,0.06353861192570864,-0.12808429789200546
104,33.641143798329786,0.0221770860360803,-0.012097323472544733,-0.0082866032027598,-0.11241446725317683,-0.14003850917356994
105,33.64317066991678,0.0234135665338959,-0.011491276184949181,-0.0140975532744442,-0.24926686217008776,-0.10850331594178418
106,33.625624072350845,-0.13947571036821,-0.010279513676431025,-0.0134748948310591,-0.3372434017595305,-0.05638512878803763
107,33.6225970675195,-0.1038429850420977,-0.009067736072011213,-0.0028147993487404,-0.3079178885630496,-0.0016496885386727998
108,33.606333769426726,-0.1211688398933183,-0.008802688426924117,0.0035162432854759,-0.3176930596285432,0.03145625148514152
109,33.60975435517986,-0.0244751310128875,-0.008585096876445493,0.0086441537439037,-0.2590420332355814,0.06498750345898305
110,33.622507055554145,0.0731760984202659,-0.008757115830851219,-0.0013565554993909,-0.12218963831867047,0.08179736809302152
111,33.61807272156204,-0.0071206435380993,-0.00944111118989387,-0.0058035538579204,0.014662756598240456,0.0697329207052624
112,33.614128526398034,0.0193300347047253,-0.010125102131550113,-0.0191779758159189,0.11241446725317683,0.03752777162401097
113,33.61259549576124,-0.0071388966800493,-0.010582883385679495,-0.0230208955750812,0.16129032258064502,0.0015957765280129564
114,33.6175203568979,0.0142798156946438,-0.01102923022427185,-0.0307750434348402,0.19061583577712593,-0.031036735938069056
115,33.61052082176148,-0.0312377848448767,-0.011399811822542936,-0.0377965566276282,0.20039100684261957,-0.062040643094743705
116,33.608872023958966,-0.0116930586623669,-0.011668974962264336,-0.0404910237938746,0.09286412512218956,-0.08982592718593145
117,33.61431023180126,0.0485260896730091,-0.011938137256470166,-0.044428966525305,0.024437927663734094,-0.0895064978405252
118,33.61861532559946,0.0396959837461571,-0.011727731066298175,-0.0347653724038865,-0.004887585532746819,-0.07884786367652817
119,33.61334665880799,-0.0087278699569512,-0.011483281632770478,-0.0310322570936764,-0.014662756598240456,-0.0726292466309377
120,33.610154984409014,-0.0376579517877831,-0.011187215869409843,-0.0282445143787727,-0.09286412512218956,-0.07045138134131987
121,33.615816691436905,0.0224406006743492,-0.01082431835206718,-0.0275024697448023,-0.06353861192570864,-0.05203941670479552
122,33.61042366898032,-0.0339715874881271,-0.010461419409047467,-0.0112441606541326,-0.024437927663734094,-0.04448151366329337
123,33.631293849265575,0.1151209897947178,-0.010862995059022735,-0.0127477137756066,-0.03421309872922773,-0.04977085580053831
124,33.62944521249889,0.0358909903410145,-0.011322601532279854,-0.0165518233937932,-0.004887585532746819,-0.049308862122800036
125,33.628667864067594,0.0068248164726373,-0.011934611224185016,-0.0201917348747283,-0.014662756598240456,-0.05520390110448398
126,33.646093398331764,0.116037103703534,-0.0127382707292669,-0.0221664253270645,0.004887585532746819,-0.056593767238201066
127,33.65494441591066,0.1096356987900176,-0.013541922005847421,-0.0119303690249219,-0.014662756598240456,-0.05918476580916655
128,33.6543284414966,0.0633617200392037,-0.013917347505598077,-0.0142153120055861,-0.024437927663734094,-0.057181991819484
129,33.64188205843046,-0.0697121127714786,-0.01426091214876438,-0.0169046661833232,-0.07331378299120228,-0.054507413518414365
130,33.639310672746014,-0.0256700744272051,-0.0144620884581378,-0.0179915508790774,-0.11241446725317683,-0.0418136081824474
131,33.64160582105296,0.0076972890136698,-0.014496172238210581,-0.0170908919146557,-0.1026392961876832,-0.024068244466966177
132,33.64423099286055,0.0206334775083905,-0.01453025600143957,-0.006691928457558,-0.15151515151515138,-0.012264857983346875
133,33.63146602512495,-0.1033444214765056,-0.014574073632799837,-0.0059225342779891,-0.20039100684261957,0.00937709016712363
134,33.64048238624123,0.0170261633667866,-0.014618627676943958,-0.0073945604119056,-0.23949169110459412,0.03803927677955234
135,33.64944619491993,0.0516464351077939,-0.014599432473727504,0.0085306351889221,-0.19061583577712593,0.07316758729668012
136,33.6606525333441,0.0783217946471781,-0.014496652735745512,0.0106272311172205,-0.19061583577712593,0.08956561078416117
137,33.66382619835352,0.0531691191818991,-0.014393872844593179,0.0199566745601445,-0.20039100684261957,0.10946834203862743
138,33.664577483775766,0.0320800642508039,-0.014362906073501085,0.031023073496364,-0.19061583577712593,0.13606371351524402
139,33.676356607798176,0.1067289773716148,-0.01433530342957908,0.0253235638506517,-0.1808406647116323,0.15656485202712134
140,33.68939417977814,0.1129154638725034,-0.014394075523910208,0.0201741700373949,-0.29814271749755594,0.17372688921154758
141,33.686321448047735,0.0254810017164074,-0.014564342110123772,0.0255928989320032,-0.2590420332355814,0.2227357999145653
142,33.68759151295785,0.0107831696397495,-0.014734608274018174,0.0245575124500098,-0.19061583577712593,0.25190063386654915
143,33.69347629744251,0.0638125497163601,-0.015289974842142381,0.03128318995644,-0.15151515151515138,0.2632018508572878
144,33.694228297642944,-0.0007131928818876,-0.01586770728352512,0.0262772578763678,0.004887585532746819,0.2714478247184118
145,33.69579465168002,-0.0084248764993705,-0.015787211644195918,0.0262500278429799,0.053763440860215006,0.24903336295776402
146,33.68637039841669,-0.053581362819821,-0.014831544854770945,0.0586758208583235,0.053763440860215006,0.23889790385394502
147,33.68565491911126,-0.0415158965516485,-0.013875864516535073,0.0764351112169933,-0.04398826979472137,0.24281503681801134
148,33.68308114189493,-0.0350540927824043,-0.01339250144916801,0.0891990488227728,-0.09286412512218956,0.2727682331217919
149,33.67087664334209,-0.083535472357618,-0.012939185973555596,0.0976649619433193,-0.06353861192570864,0.3058210023057788
150,33.66509058679346,-0.0906754413527643,-0.012822697965830446,0.0889998433958899,0.1026392961876832,0.31871929185804815
151,33.67984371142952,0.0290185391168422,-0.013129287426005295,0.0881486033460093,0.2590420332355814,0.2915385800522689
152,33.68676030584716,0.056648615334199,-0.013435875651857408,0.0772609863964154,0.32746823069403685,0.24075270024805498
153,33.69371454347548,0.0793723734990411,-0.01369588846665168,0.0529382888940667,0.29814271749755594,0.19126297422175667
154,33.69922742774519,0.0606209815014253,-0.013952348047750984,0.0537368306515305,0.16129032258064502,0.16618430990769165
155,33.70566429673691,0.0508671966404326,-0.013748917276481398,0.0549109101431461,0.07331378299120228,0.17674270294251163
156,33.700909014961326,-0.0097004618339527,-0.012997643813968125,0.0610454026747445,0.08308895405669592,0.1961950346157056
157,33.69351991516,-0.0417957904454997,-0.012246363014118763,0.0545742582463783,0.17106549364613866,0.1960244729369609
158,33.694377455394964,-0.0038027497153037,-0.01170081292512246,0.0629128354011195,0.29814271749755594,0.1730395617255568
159,33.69588839402083,-0.0124642718347127,-0.01117101566888984,0.0684202075055267,0.29814271749755594,0.12858357976923926
160,33.69692801036815,-0.0073026376834893,-0.010879237086901196,0.0322188146426746,0.2590420332355814,0.0904073895546346
161,33.694063783444385,0.0004457967516858,-0.010867733705630192,0.0370216975301418,0.2590420332355814,0.07252098869758021
162,33.700647064254284,0.0384229310651578,-0.010856230322920815,0.0250836574420596,0.1026392961876832,0.04975683848464078
163,33.69124666274985,-0.0711761304067996,-0.01024207172761264,0.0303905975959714,-0.014662756598240456,0.06486202666345826
164,33.67674057763538,-0.1118266511391075,-0.009579722420830961,0.0415105767148945,-0.08308895405669592,0.09728590141695592
165,33.665073961750586,-0.1088978368065464,-0.009556846445140097,0.0045329388550814,-0.08308895405669592,0.11732015386209776
166,33.667742277198215,-0.0181933209834682,-0.010373800942471947,-0.0175765674661185,-0.053763440860215006,0.12239861628227315
167,33.66198430743114,-0.0511078188480562,-0.011190748515489325,-0.0427336409277055,-0.07331378299120228,0.11459326513505486
168,33.65195280643182,-0.0648807694003082,-0.01200319160946886,-0.0492928804865466,-0.06353861192570864,0.11595251485788757
169,33.65163713061274,-0.0087781777517161,-0.012815421522968171,-0.0582424709816686,-0.06353861192570864,0.1145117412470079
170,33.65052098579206,-0.0104185077410303,-0.013377391052996164,-0.0696861724120364,-0.14173998044965774,0.11127956723255028
171,33.63084049226384,-0.137791917635882,-0.013608012003849056,-0.0654281179170978,-0.20039100684261957,0.13001347537867883
172,33.60526470523751,-0.1880787526616705,-0.013838632230814222,-0.0638660084124533,-0.20039100684261957,0.1565865899391566
173,33.60882785774765,-0.0287512336541716,-0.013381357794447938,-0.0620247376369843,-0.1319648093841641,0.17387597351240988
174,33.60755637393628,-0.0273524124292681,-0.012892918295140868,-0.0614633774243741,-0.06353861192570864,0.17138689717057873
175,33.6035903109546,-0.03511876467701,-0.01192620473285075,-0.0564371178574156,-0.12218963831867047,0.15949741902278564
176,33.58421387901094,-0.126517680737488,-0.010341448311824883,-0.0338386363274118,-0.06353861192570864,0.1765097526387233
177,33.58596358521357,-0.0687226605054039,-0.008756665915518571,-0.0193849486068603,-0.04398826979472137,0.17895532079904303
178,33.58325737882174,-0.056898135162707,-0.00891550299186678,-0.0223343553912603,-0.03421309872922773,0.1755832889437664
179,33.585783089960245,-0.0070453898801014,-0.009212759523178059,-0.0548474821555508,0.04398826979472137,0.16632242561678925
180,33.57995247426372,-0.0212716865712015,-0.009830048195649034,-0.0705702373742189,0.06353861192570864,0.139288069543465
181,33.58561183029762,0.0137953566209366,-0.010876886772824392,-0.0817983629603078,0.024437927663734094,0.11540585108067984
182,33.57666909442456,-0.0578902146859073,-0.011923713429057136,-0.0923472608678614,-0.024437927663734094,0.106150427100843
183,33.56062587881912,-0.1033513856180809,-0.01252987167057034,-0.096032410955551,-0.06353861192570864,0.10692130359249417
184,33.55186997543896,-0.0814867496381073,-0.013103065274843263,-0.1010512805133658,-0.04398826979472137,0.11040476179942739
185,33.556841768454795,-0.0079517016038779,-0.013614915632539798,-0.1075293743747903,-0.07331378299120228,0.1021609496098185
186,33.55564484258417,-0.0220158963634945,-0.01405430053573656,-0.1122767713874517,-0.07331378299120228,0.10037523616069811
187,33.541878995055406,-0.0468803786433123,-0.014493682725103391,-0.1183690145747766,-0.06353861192570864,0.09630725462748296
188,33.54515886974022,-0.0140636611381801,-0.015281693599379725,-0.1282252968344198,-0.1026392961876832,0.08672803087551421
189,33.54211876342962,-0.0416779968310007,-0.01609643316684369,-0.1327458648118675,-0.14173998044965774,0.08758728349926632
190,33.537881935742696,-0.0585561921255978,-0.016465528785115875,-0.1461773138896548,-0.11241446725317683,0.09262132771450113
191,33.52483446154687,-0.0883449655721743,-0.016312008212656246,-0.1328492785031548,-0.15151515151515138,0.08966667420524796
192,33.50801675954586,-0.1658855320220567,-0.01615848725564259,-0.1276330086431628,-0.1319648093841641,0.09750002965383708
193,33.50020122245286,-0.1261520310793112,-0.016469130716533244,-0.1312490280036448,-0.14173998044965774,0.09663078302856462
194,33.48275692036813,-0.1639880656186217,-0.016815172791035848,-0.1306736603122956,-0.15151515151515138,0.09797937438672465
195,33.47415567113188,-0.0738657959422667,-0.01762540047438929,-0.1357971671904886,-0.11241446725317683,0.10076028768790027
196,33.48411926556322,0.0185315455447692,-0.01906185387395175,-0.1488204511868489,-0.09286412512218956,0.08996462400377647
197,33.484051081295604,-0.0072552459051812,-0.020498267928076613,-0.1533959209296475,-0.1808406647116323,0.07772300881926131
198,33.48451502984019,0.0204434546675766,-0.02207377192952129,-0.156055661248099,-0.24926686217008776,0.09103782663278474
199,33.483711762666424,0.0181025738587464,-0.023656912941254327,-0.1704324637567915,-0.26881720430107503,0.11111807091834326
200,33.4977156896609,0.0754562153234907,-0.02501189484542602,-0.1845140035330653,-0.27859237536656867,0.12318957886185099
201,33.497894348054885,0.0187556108279327,-0.026070184858218406,-0.1890778782038661,-0.21994134897360684,0.13317087919096746
202,33.49205680513515,-0.0027110869957855,-0.027128445653924277,-0.2045870942792645,-0.1808406647116323,0.12445174893881326
203,33.48660403269111,-0.0162637194594147,-0.028675191507903482,-0.2367686944226779,-0.2101661779081132,0.10480636873132052
204,33.49624116258849,0.0401665073146126,-0.030243795520517393,-0.2701086775899794,-0.22971652003910048,0.09446410295379182
205,33.48510057456849,-0.0578492778704683,-0.031768282215596744,-0.2730507571386634,-0.20039100684261957,0.09227628562206909
206,33.48305936712308,-0.0247309805921425,-0.033235315009243115,-0.3124589700951056,-0.26881720430107503,0.07218953809996749
207,33.49589245776178,0.0537402110105846,-0.03470227619869547,-0.4509363499839485,-0.2590420332355814,0.040387468140460195
208,33.49638048322956,-0.0087089679402449,-0.036202510082650005,-0.5176567079172626,-0.32746823069403685,-4.907711434915668e-05
209,33.50179791330279,0.0322597539002752,-0.03770508112176065,-0.5549996467288785,-0.3372434017595305,-0.022442659026918915
210,33.500540805195,0.0229896379636862,-0.03897322602671678,-0.6347799749575694,-0.45454545454545414,-0.060489635955614324
211,33.50852021598404,0.0400625694631362,-0.03992902352434322,-0.7894249393369285,-0.5425219941348978,-0.10299055121067906
212,33.51736811843952,0.0570319184492765,-0.04088478448799461,-0.7926840641433966,-0.698924731182796,-0.11795605962679849
213,33.515275394231665,0.0206153882698699,-0.041175047769509976,-0.8014589581958288,-0.7380254154447705,-0.1027563056392479
214,33.52153663611166,0.0924171541045983,-0.041417939978028395,-0.8392569452371731,-0.7380254154447705,-0.10487019993439897
215,33.53187674055117,0.0868882969846382,-0.04167661737999882,-0.9643549939269336,-0.6891495601173023,-0.14519803774386786
216,33.5330704716795,0.0538589488505528,-0.04195361562717153,-0.9689523331527996,-0.7184750733137832,-0.18740170525454833
217,33.54016247961793,0.0660268618076622,-0.04223061064968769,-1.0274372771369291,-0.8748778103616814,-0.22527264412003575
218,33.556289083101355,0.1193655199063212,-0.04219912038102888,-1.052951066102808,-0.9824046920821115,-0.22603918889824706
219,33.55891003814067,0.0531861305698448,-0.04214592769127226,-1.0752181732787964,-1.0801564027370478,-0.21627653478425782
220,33.55936496365238,0.0343627347227689,-0.04198445360110887,-1.068663595734196,-1.129032258064516,-0.19579699310878299
221,33.564105164947456,0.0492980958998359,-0.041697503688741575,-1.0747969280844527,-1.0899315738025415,-0.17877578857343718
222,33.57079399928998,0.0482030755559558,-0.04141055033697006,-1.0815874177639655,-1.050830889540567,-0.1821925659514786
223,33.57218098891432,0.0281590920029215,-0.041017540219560694,-1.0758693260321297,-1.021505376344086,-0.1918689699588134
224,33.575454209830184,0.0278483503123709,-0.04061560655108519,-1.0841135013931915,-0.9824046920821115,-0.20523395564299238
225,33.580614586998536,0.0620741510839687,-0.04038084291274295,-1.0917508354552163,-1.0019550342130987,-0.22479656207586055
226,33.590671825534685,0.0742069029613663,-0.04036852443495564,-1.0920690267497568,-1.0801564027370478,-0.23355411088192285
227,33.59646770399934,0.0465012420722348,-0.0403562059510326,-1.093182432698182,-1.0899315738025415,-0.22289091919798018
228,33.59872817863505,0.0502329559000748,-0.040242911619987214,-1.1016642057197734,-1.1192570869990224,-0.21979485785096647
229,33.60757581940112,0.062748402043995,-0.0401233910275637,-1.094810733691724,-1.2072336265884651,-0.21214425652202654
230,33.605009129217706,0.0062805303316783,-0.040098993353602126,-1.0946975058560462,-1.1192570869990224,-0.1864644112575174
231,33.603156264191874,-0.02334925083938,-0.04020291170251408,-1.043593802719396,-1.1192570869990224,-0.1794652679323199
232,33.61103718967286,0.052108477531111,-0.04030682961657294,-1.0499241080900523,-1.099706744868035,-0.1753851337360541
233,33.63182706464103,0.1134582327281927,-0.04102576386869547,-1.0487645990794834,-1.0117302052785924,-0.17323792364494311
234,33.63540166179775,0.0570929741736109,-0.04177434831832098,-0.94045612020118,-1.0117302052785924,-0.16419809391356582
235,33.64414963538487,0.0831188567552342,-0.04272571680861618,-0.887435875647956,-0.9824046920821115,-0.14316219344163478
236,33.6562623715273,0.0803744596138566,-0.04394246965702419,-0.8856853311196446,-0.9530791788856305,-0.13459582993494726
237,33.656597115148664,0.0474061654047648,-0.04515915732676012,-0.8982714946197876,-0.8944281524926687,-0.13652799293869655
238,33.652340816200535,0.0038630381954091,-0.0456366607742069,-0.8653995780008098,-0.8357771260997069,-0.13950708794233746
239,33.65630456737668,0.0411454708452341,-0.04606793626199681,-0.8511563858489696,-0.8553274682306942,-0.14871721919752418
240,33.6664411812488,0.0682133065783499,-0.04617222642034553,-0.8233192278958494,-0.8846529814271751,-0.1411409853668759
241,33.67736510210569,0.0978613992118802,-0.0457985915774435,-0.8075254458409006,-0.913978494623656,-0.12450975437808773
242,33.6803353427017,0.0588867193488369,-0.045424950327371996,-0.7976218293562206,-0.9042033235581624,-0.10491222878829355
243,33.69280464181808,0.112583625386971,-0.04509699597988044,-0.7939024259740525,-0.9237536656891496,-0.09266291416781328
244,33.70337734533945,0.1016150723848144,-0.04477253425426034,-0.7389651408731288,-0.8944281524926687,-0.0639277743064961
245,33.715277127439585,0.1068386583750577,-0.044812888999862,-0.7319681829427918,-0.7771260997067451,-0.04690458795600954
246,33.71922572280191,0.0761109342074477,-0.045281200712500046,-0.71862705801352,-0.7086999022482896,-0.05700054897143723
247,33.73281135619556,0.1210571509600811,-0.04574950247405941,-0.7153049860041284,-0.7282502443792769,-0.07241577233719072
248,33.73534270450809,0.0520900845113013,-0.04618821937213994,-0.7297940007688593,-0.7086999022482896,-0.07530195813894093
249,33.73940033781046,0.0277177926883093,-0.04662463090017678,-0.7422316458225315,-0.7282502443792769,-0.0829291763261752
250,33.74700429496951,0.0680704932648872,-0.04700072752770781,-0.741325032183007,-0.698924731182796,-0.0830271307079225
251,33.75494270040087,0.0754684432821042,-0.04730530708081397,-0.773226234746054,-0.7184750733137832,-0.09806725604626414
252,33.76998063550694,0.1040303904806803,-0.04760988223568894,-0.8056952854066372,-0.7771260997067451,-0.11186874980200712
253,33.76683205901186,0.0174537534079463,-0.04700287695248282,-0.8123067417599209,-0.7966764418377323,-0.108681886613759
254,33.776103153629435,0.0778504008448284,-0.0463315081508764,-0.8139017661134169,-0.8260019550342133,-0.10509666670482076
255,33.78364306235327,0.0751728185645249,-0.04579055621311749,-0.8473133872797999,-0.8455522971652005,-0.10685640541889849
256,33.80475310607616,0.1550794803354374,-0.04541883545910568,-0.8482432636900988,-0.8260019550342133,-0.10469795966145537
257,33.801833444174896,0.0540584932548008,-0.04504710841620673,-0.9402948626765328,-0.8260019550342133,-0.13098784138116468
258,33.81400313334894,0.1047850578987807,-0.045042509096912646,-0.9641397450864034,-0.7869012707722387,-0.15410249656780864
259,33.82750746589076,0.1277814289948649,-0.04506091274315074,-0.9789032243960524,-0.8455522971652005,-0.18221518192508368
260,33.84035526284215,0.1137614413671779,-0.045292743734339856,-1.0105147050566716,-0.8748778103616814,-0.1977266078895342
261,33.84922250096917,0.0975788270582153,-0.045804784629075786,-1.069638443509231,-0.9335288367546433,-0.22000092326683812
262,33.85407024003522,0.0691304900533087,-0.046316813489476534,-1.0751817065116651,-0.9628543499511242,-0.22820421377965755
263,33.8680433115335,0.0984457597027587,-0.04650215785114974,-1.0770146164409446,-1.021505376344086,-0.232901579304999
264,33.87166705479946,0.0488350063466767,-0.04667241005723615,-1.0857393147714602,-1.021505376344086,-0.2307783265897074
265,33.88653331315114,0.119544589348982,-0.046300417704289665,-1.085880582504069,-1.0019550342130987,-0.23458981183642647
266,33.89699375061888,0.1283556733630035,-0.04522329113559246,-1.0823876904387235,-0.9921798631476051,-0.2449207225581384
267,33.88843784894902,0.0099063551510556,-0.044146111988651864,-1.0735052037660129,-1.0312805474095796,-0.25403106265723335
268,33.903719267314074,0.0446720551949835,-0.04376373591072943,-1.0630308469863674,-1.1094819159335287,-0.25021374905981963
269,33.897369995743205,-0.0121020134835147,-0.043412525497749,-1.045024024332901,-1.1094819159335287,-0.22747891957735797
270,33.90160362609766,0.0348045301994671,-0.043240169664666345,-1.0494344165250022,-1.1388074291300097,-0.21700141119538066
271,33.91336217423329,0.0921537442448197,-0.04330110112469114,-1.0492731355071416,-1.0899315738025415,-0.20409460784083872
272,33.92400399148314,0.0962930668783851,-0.04336203242365306,-1.016652025183315,-1.0899315738025415,-0.19751202667607307
273,33.917397782391184,0.0120761200838154,-0.04373248406311552,-1.024100238403093,-1.0410557184750733,-0.19284804089852972
274,33.92035853194276,0.045443085463154,-0.044126254188281394,-0.9861940376194578,-1.0703812316715542,-0.1893143190588407
275,33.92515617613213,0.0464731245117837,-0.044485452727069545,-0.9782490427218004,-1.0410557184750733,-0.17539007970532078
276,33.9261077040217,0.0114518897665031,-0.04480350338588315,-0.9781412902876097,-1.0606060606060606,-0.1712722219858303
277,33.921494509926326,-0.0393193623173775,-0.04512154950349234,-0.9374961998375564,-1.0703812316715542,-0.15196202580287352
278,33.92752999363683,0.0283180523734354,-0.045438873374219736,-0.9447179472778824,-1.0801564027370478,-0.1358427532819374
279,33.93918568908819,0.0719273295403564,-0.04575614171542903,-0.932181797650836,-1.0312805474095796,-0.11774175378284163
280,33.942390420136874,0.0361290775044522,-0.04570884431823527,-0.92889574833471,-1.0019550342130987,-0.11279452633226066
281,33.943824269595446,0.0263069089794024,-0.04523096397055323,-0.8512335937997657,-0.9921798631476051,-0.09327483893946668
282,33.9431954896115,0.0072124113982188,-0.04475307327209237,-0.80452914913284,-0.9726295210166178,-0.06670396869564825
283,33.94375508618801,0.0149209599112622,-0.045046905497298555,-0.8084280264527248,-0.9824046920821115,-0.05165635690040688
284,33.95745537182112,0.076003444956637,-0.045401800264202014,-0.8134869174150946,-0.9824046920821115,-0.035337676289957834
285,33.94660608020648,-0.048669697537615,-0.04595005041492529,-0.811447884586318,-1.0801564027370478,-0.017702490033226645
286,33.95394205555591,0.0191545173536131,-0.04675193018647323,-0.8037052632727635,-1.0019550342130987,0.025030887792652657
287,33.95039966952196,-0.006589229378434,-0.047553779831283303,-0.8129331773963641,-1.0899315738025415,0.037109314932704085
288,33.951720277177465,-0.0076666268371098,-0.04774191599489628,-0.8241185468925074,-1.0606060606060606,0.06996121179663588
289,33.93860848047189,-0.0721763164143239,-0.047891286888458465,-0.817899898367146,-1.021505376344086,0.09502058525217322
290,33.9273184558313,-0.0893018092414744,-0.04806751204270044,-0.7604699418048128,-0.9628543499511242,0.12250222154518214
291,33.910764761130146,-0.1420669667656473,-0.04827860154216519,-0.7596487589829534,-0.8553274682306942,0.1355823942868217
292,33.9100612204625,-0.0546781531073699,-0.048489688885390646,-0.7814142504826193,-0.7282502443792769,0.12154921735510715
293,33.90474495710317,-0.0519971415662745,-0.049258710072609305,-0.8202016567944,-0.7575757575757578,0.08194880284975561
294,33.89933608736096,-0.0420845753520936,-0.05005426299354538,-0.8239128253761675,-0.8162267839687196,0.07016150760635446
295,33.893212592720175,-0.0767863675020673,-0.050578251331050435,-0.8393854663031624,-0.9335288367546433,0.07533453037365731
296,33.88347219713414,-0.0943322953369367,-0.05074750393450297,-0.8559886772197567,-0.9237536656891496,0.09967623630228697
297,33.859231086460106,-0.1799750361742443,-0.05091675508047914,-0.8670590547877889,-0.806451612903226,0.10772266810553685
298,33.84250092059592,-0.1667904452246105,-0.05046886590222028,-0.8829108125446231,-0.6500488758553278,0.08006409296674863
299,33.82373492894554,-0.1930047879748413,-0.049989108316415086,-0.8825815465790546,-0.6598240469208214,0.02759124104191897
300,33.81569971831845,-0.1264568925384595,-0.04955561812561519,-0.9104985493992868,-0.7673509286412514,-0.008324243282463912
301,33.79451204018344,-0.1778607074454039,-0.04918354880865727,-0.9154562492860272,-0.8260019550342133,-0.00953146860955871
302,33.78167445917356,-0.1496182877256829,-0.04881147266631049,-0.9102279871068788,-0.7771260997067451,-0.003447046202400067
303,33.76276122589278,-0.1821080537102782,-0.04834015671580091,-0.9228839154171368,-0.806451612903226,-0.023374738755674515
304,33.7389792054079,-0.2183699454711291,-0.047861768004205926,-0.9443512736993692,-0.806451612903226,-0.03931003137026504
305,33.720213798217074,-0.2068101710593118,-0.04736255358684778,-0.9406341376159676,-0.7575757575757578,-0.05178396830724101
306,33.718963728608536,-0.0804592700667491,-0.04683814896323849,-0.965103151020304,-0.7380254154447705,-0.08275467079919159
307,33.70708553722021,-0.099054237854821,-0.04631373143049026,-0.9623278684449734,-0.7771260997067451,-0.11145425259890077
308,33.69934506239157,-0.0837922931564149,-0.0465741717565834,-0.958655321227458,-0.8455522971652005,-0.1244224540373343
309,33.68853470558877,-0.0955267934484144,-0.04689775696081501,-0.9522486549907544,-0.9042033235581624,-0.12219884190676414
310,33.67993155094141,-0.0967643030307005,-0.047265997234494206,-0.961515783670082,-0.9433040078201369,-0.11695143266677659
311,33.65866981926689,-0.1685510381151099,-0.04768913685743108,-0.9626770379253744,-0.9433040078201369,-0.11088399003752886
312,33.64127907303996,-0.1709308289255306,-0.04811226792247393,-0.9702396530883552,-0.9335288367546433,-0.11264065612713982
313,33.62994721294942,-0.1243597309745333,-0.04771820851349296,-0.9860437301300446,-0.9921798631476051,-0.12192521729953794
314,33.622347370161336,-0.1115338114994642,-0.04726281659499809,-0.9856205466115672,-0.9726295210166178,-0.11423644798819045
315,33.609580963367286,-0.1165593582091591,-0.04684386546820621,-0.9694260792731334,-1.0019550342130987,-0.1112617049090783
316,33.5980715028966,-0.1040662964902582,-0.046473335517062495,-0.9331499270057348,-1.0019550342130987,-0.09524361905647638
317,33.59101236741969,-0.0755866668717122,-0.046102799171560155,-0.9112498915312902,-0.9335288367546433,-0.07958641148133878
318,33.57494704375958,-0.1394703770232207,-0.045227632360074946,-0.8542510477702524,-0.8846529814271751,-0.07212061492778743
319,33.56052482396523,-0.147366951748244,-0.04431770770381324,-0.6672775886140293,-0.8651026392961878,-0.03137886564875279
320,33.53846489248642,-0.2082766572237511,-0.0429344367120118,-0.6326528099627108,-0.8553274682306942,0.0013258602734059581
321,33.53183507775108,-0.1107254125919716,-0.04093512221681031,-0.598184879999715,-0.8162267839687196,0.031345435995526735
322,33.51674821790967,-0.1482218610640956,-0.03893564380509391,-0.5061382869397847,-0.6891495601173023,0.07118132096929755
323,33.50954425309649,-0.1052416952237064,-0.03620761628343237,-0.3970527401527259,-0.698924731182796,0.10064231798890795
324,33.48206426355346,-0.2042428905093764,-0.033440169115747286,-0.3786337975196171,-0.669599217986315,0.1357214166160164
325,33.461042831362505,-0.202263289923076,-0.03162003767461822,-0.353740148831517,-0.5816226783968723,0.16817228679733204
326,33.444847637167406,-0.1822553530081843,-0.031039120710888997,-0.3692479203936754,-0.45454545454545414,0.17448010159518018
327,33.42999023341122,-0.2073423399108671,-0.03045819326226638,-0.3530296051839549,-0.42521994134897323,0.1634050530131742
328,33.435623263299895,-0.0401257571791213,-0.031082357662576398,-0.3632870654672097,-0.5131964809384169,0.15810203620921814
329,33.41394874009255,-0.164778558303932,-0.03176682556436484,-0.362828497602714,-0.5131964809384169,0.1835987222068218
330,33.39816776128469,-0.1599053007993592,-0.03200529522618088,-0.309722244405188,-0.43499511241446687,0.21617429450925216
331,33.36411080130938,-0.2715094440219734,-0.0316457968158291,-0.2611090059767065,-0.3372434017595305,0.23217602209894056
332,33.34792770708663,-0.2061940458645296,-0.03128629431145621,-0.1696478660083454,-0.26881720430107503,0.24647414374150553
333,33.32436299965256,-0.2374513247027602,-0.030653965990682645,-0.1636143269916513,-0.17106549364613866,0.24780127372732932
334,33.31081688140651,-0.1806065369314036,-0.030001123238030957,-0.1538816732649584,-0.20039100684261957,0.23371413878422337
335,33.29852714336525,-0.1253102960661863,-0.02848776917357217,-0.1453111821025919,-0.22971652003910048,0.23993834385998558
336,33.2822185506563,-0.1482251650572965,-0.025864155112300478,-0.084446551348041,-0.26881720430107503,0.26928082940115694
337,33.263400810538585,-0.1700220224837701,-0.023240362887397555,-0.0372526116610442,-0.19061583577712593,0.30947120289531865
338,33.24121172456742,-0.1910827470101532,-0.02144884901180064,-0.0048314297501941,-0.08308895405669592,0.32612247206824724
339,33.23138689429119,-0.1215728242930804,-0.019712621762426143,0.0052502360068257,0.04398826979472137,0.31869282051730097
340,33.21380496948331,-0.1675996311295788,-0.01874528551103475,-0.0153673587524683,0.024437927663734094,0.28661999697380025
341,33.198536943975775,-0.1716793409062532,-0.018691817061332723,-0.0126860787803509,0.024437927663734094,0.27823666128166497
342,33.16065953817271,-0.2906474536273407,-0.0186383485581743,-0.0226754220230471,-0.053763440860215006,0.27328511554398843
343,33.13218279870085,-0.2932514627477296,-0.018910116974297314,-0.0208709550266897,-0.07331378299120228,0.28740575757936165
344,33.11371949878182,-0.2202767055416737,-0.019205983019738138,-0.0202418056211715,0.053763440860215006,0.29981875239712474
345,33.092701788575894,-0.180078406848252,-0.01934322617226995,-0.0312962242117308,0.09286412512218956,0.2727676057146043
346,33.06127488022469,-0.1973300125452555,-0.01929187065963281,-0.0582824567241418,-0.004887585532746819,0.24094762829858365
347,33.06595878406257,-0.0801536111734464,-0.019240515096096613,-0.0551906860225001,-0.004887585532746819,0.24673448601319994
348,33.0444066009928,-0.1362573682352367,-0.019373890064312716,-0.0550163620487485,-0.07331378299120228,0.2470910668777712
349,33.02336390419895,-0.1563370717929247,-0.019521215402211117,-0.0668689514991478,-0.08308895405669592,0.25577824153472944
350,32.999185407094224,-0.2085712700145275,-0.01951178896606287,-0.0650880060906096,0.03421309872922773,0.2622177060950775
351,32.98306556665093,-0.1778244111458547,-0.01930149233374363,-0.0617637443020554,0.04398826979472137,0.23704764964344643
352,32.96299913055307,-0.18070308667699,-0.01909119484750049,-0.0592217548971414,0.04398826979472137,0.2196587124555973
353,32.93902957534799,-0.2026488730310353,-0.019425270619475958,-0.0768933912110594,0.053763440860215006,0.20467781537043217
354,32.92994530354559,-0.1472029521744024,-0.01978491234180408,-0.0989319164739716,0.014662756598240456,0.18395413803374222
355,32.91838115636944,-0.1476242033055695,-0.02009779019554556,-0.0985321716851811,-0.04398826979472137,0.17655758022520315
356,32.9087381857843,-0.1100865577473806,-0.02034840802518533,-0.0889943577226701,-0.09286412512218956,0.18383330950257598
357,32.8955978282878,-0.1443852153983929,-0.020599024576233093,-0.0902812155352674,-0.1026392961876832,0.1944632466472199
358,32.88663771734848,-0.1256133502918074,-0.0201504835060348,-0.0681077560422505,-0.03421309872922773,0.2049753230693598
359,32.8798876298621,-0.0404844896757305,-0.019662779242763762,-0.0442662092340483,-0.004887585532746819,0.19933226904614287
360,32.871268864432714,-0.0575780131932404,-0.0192836725438647,-0.0383352296750697,0.014662756598240456,0.1903024943709218
361,32.879526893784025,0.0249110413273677,-0.019067301136997134,-0.0426896972060233,-0.04398826979472137,0.17993285573571222
362,32.88437240980505,0.0491852720121727,-0.018850928837135277,-0.0421097202527116,-0.04398826979472137,0.18726455825300117
363,32.90021199767042,0.1319972977421786,-0.01898953337809941,-0.0437161110795141,-0.11241446725317683,0.19020290980446844
364,32.90641289951455,0.0923125302778932,-0.0191560073537167,-0.0432959450134476,-0.07331378299120228,0.20680580693510295
365,32.927413287367855,0.1393757280170463,-0.01958022547661436,-0.053769888085711,-0.03421309872922773,0.20536945661098996
366,32.940074586404094,0.134974199496688,-0.020337152664814704,-0.0596892876318032,-0.014662756598240456,0.19380153057127236
367,32.95275761627868,0.1233259601879246,-0.02109406819642846,-0.0555991913274333,-0.04398826979472137,0.18512646774914587
368,32.97032335362902,0.1424912206736667,-0.02134728033366944,-0.0481439968296408,-0.053763440860215006,0.18911436250942998
369,32.98669251694997,0.1647863807733171,-0.02156610956162184,-0.0483964535490238,-0.06353861192570864,0.19295266418549328
370,32.99343996124179,0.1447697481604624,-0.021353733017044088,-0.023700500237231,-0.06353861192570864,0.20233607887625962
371,33.00957166368648,0.1395926694688403,-0.02059081819319896,0.0027279943180785,-0.014662756598240456,0.21454255531948846
372,33.01584251687331,0.0838618198980222,-0.0198278913794203,0.0506276177416213,-0.024437927663734094,0.22233367803454862
373,33.03699834545618,0.1688289733806382,-0.019491524096731144,0.0529331433066172,-0.004887585532746819,0.23173450376220522
374,33.061929948614484,0.2277600713565359,-0.019188627065258444,0.0469603946404753,-0.03421309872922773,0.23393529980775105
375,33.079830824236865,0.2092717849391047,-0.018939493174832234,0.0470776499582825,-0.004887585532746819,0.24489252399328315
376,33.1106358329921,0.2745170833500155,-0.018755429896956576,0.0543061637454898,-0.024437927663734094,0.24923459173624718
377,33.1362823309613,0.255071646229065,-0.018571365983434365,0.0616041060913077,-0.04398826979472137,0.2604801105387662
378,33.16616440460128,0.2774611344341473,-0.01691780575854621,0.0847374508175194,-0.014662756598240456,0.2808367252109832
379,33.19005884847423,0.2668008043250182,-0.015133039892624801,0.1033455159071119,0.04398826979472137,0.29337791023377185
380,33.20575756600274,0.176980066340484,-0.013329691986715925,0.1376076235101244,0.11241446725317683,0.2987085943874742
381,33.24367514625543,0.3260017387849943,-0.011502156742202087,0.1496702967631138,0.11241446725317683,0.2931379442054244
382,33.26673076208996,0.2638459724161475,-0.009674583075883647,0.1517303762242136,0.1808406647116323,0.2943747996031146
383,33.298675313410705,0.3400703937263558,-0.007903952350250274,0.1598040824323122,0.2101661779081132,0.2838102718290702
384,33.33465457299592,0.3362146100673236,-0.006136289784094512,0.1682604072381624,0.1808406647116323,0.27345758797433667
385,33.38056720925458,0.4492829671052742,-0.004154301605482023,0.2035287857857839,0.11241446725317683,0.2837926657247109
386,33.38908714926463,0.2334119624802293,-0.0018909452273992188,0.2398031646009544,0.1319648093841641,0.314822493552781
387,33.432465664083004,0.3041205995317833,0.0003724208376723399,0.2551461282230001,0.23949169110459412,0.3320923082308971
388,33.47157576599018,0.3870956194941798,0.0022207830510450736,0.2792775707105803,0.3861192570869987,0.32400575275945714
389,33.49895317210671,0.3466502572199579,0.004049781540803941,0.2902907986208684,0.4447702834799605,0.29074571262726245
390,33.53588463564872,0.3571368403432018,0.005944444834844814,0.3090508164948137,0.48387096774193505,0.26432168280122526
391,33.562742293309206,0.2743429995404663,0.00792629669755162,0.3247853704481524,0.37634408602150504,0.24298090911651285
392,33.60637568012739,0.3596836136041514,0.009908117426353731,0.3774125832666289,0.3861192570869987,0.2645912353591922
393,33.625536670568444,0.2591816052709689,0.012295592784761668,0.4572263633899228,0.42521994134897323,0.2901355954862544
394,33.66322954853364,0.3302800105184106,0.014710456669820923,0.5456743365412291,0.5131964809384169,0.31290039630782845
395,33.687081773482845,0.2742254077899981,0.016876132720476094,0.5931783979546498,0.5327468230694041,0.3177669024195911
396,33.707118840977095,0.2223938990761489,0.018721544945339685,0.6028871600994657,0.6011730205278596,0.3212383904212317
397,33.7210889843562,0.1733280464434601,0.02056689339291096,0.6542665630432414,0.669599217986315,0.32360549611241823
398,33.737439151341576,0.1627000798363768,0.0227150532129337,0.6910700432796505,0.6402737047898341,0.3203586726869432
399,33.76521805999509,0.228105287775695,0.024885030122608977,0.7658190472736555,0.6793743890518087,0.3460157843636058
400,33.776220052487304,0.185352996978406,0.026839281204839218,0.8873102764047206,0.7282502443792769,0.38402477988140366
401,33.802183790997546,0.2379093013178992,0.02853326520482798,0.9000777756998426,0.8455522971652005,0.40044684533492886
402,33.83068259361999,0.2616376744261982,0.030227167263467906,0.9125776199152704,0.8553274682306942,0.3903537211232111
403,33.85090783028862,0.224385270260963,0.03173379191053165,0.9162703433628318,0.8553274682306942,0.3900297840204422
404,33.859330885247,0.1250573833015532,0.03322534436843684,0.9200320431610784,0.8748778103616814,0.39671203316108117
405,33.861415822434004,0.0586563798215018,0.034307643241327956,0.9631387609763036,0.8944281524926687,0.4090825036590123
406,33.85664867874812,-0.0061258135333948,0.03491786625444786,0.9745417318906922,0.9628543499511242,0.4171854227973222
407,33.86118920364372,0.0198863914148308,0.0355280762495315,0.9706620301763488,1.0312805474095796,0.40726694246282746
408,33.87699100986468,0.1080106200016809,0.035319759016826824,0.9603211869025328,1.0410557184750733,0.38515387397198186
409,33.88599851350786,0.1161325228124824,0.03505438587591955,0.947303880449797,0.8944281524926687,0.3683675052030553
410,33.895919262899696,0.0966905767827828,0.03495986423629405,0.945847622062064,0.7966764418377323,0.392915776529972
411,33.8961100849581,0.0363439544226835,0.035091211960298324,0.9461325743111296,0.806451612903226,0.4294766752121976
412,33.899697419361495,0.0295230030615839,0.035222559078157516,0.9501918336900744,0.8944281524926687,0.4482349809653047
413,33.89876922000308,0.0133894687259005,0.03588517032590259,0.955036569078305,0.913978494623656,0.4421881631079091
414,33.89543551822663,-0.0316891147972437,0.036571934194798046,0.9607734057540048,0.913978494623656,0.4405001508236289
415,33.890369912636416,-0.0638612826497959,0.037023094502159,0.9660234645973416,0.9335288367546433,0.4457180403876211
416,33.88870491956584,-0.0230237135145715,0.03715727327352233,0.9684514240496,0.8944281524926687,0.4470571738954341
417,33.88214405351649,-0.0414227296074293,0.03729145137498667,0.9715992745244534,0.8944281524926687,0.45986609174926957
418,33.880803533304174,-0.0293785259005117,0.03699752286480701,0.970222006348313,0.9237536656891496,0.46948907739487383
419,33.8781315177803,-0.0325272017438451,0.036680525402569567,0.9656087094503384,0.9726295210166178,0.46878227552424456
420,33.8722443821004,-0.0466619232688162,0.03666806620862349,0.9718383039523488,1.021505376344086,0.4608486278455965
421,33.86234793750266,-0.0807088233579675,0.03706671879244908,0.9701210672757749,0.9530791788856305,0.4462657260504422
422,33.84742701419747,-0.1335826188657717,0.037465365477470015,0.9929621534535495,0.8944281524926687,0.4605325439073645
423,33.83832469527153,-0.1211330070874267,0.038103759991675076,0.9958599670372142,0.9530791788856305,0.4842528266712202
424,33.835434180474095,-0.0722712818382112,0.03875952423839406,0.9966345202795084,1.021505376344086,0.4836519901419744
425,33.81690233376409,-0.1440831875355007,0.0391636923734068,0.9926411515010396,1.0312805474095796,0.4674145361750411
426,33.806581400843555,-0.1355713356686444,0.03925033846868994,0.987434574080585,1.1094819159335287,0.45706429354658007
427,33.79545667822943,-0.1023397300347009,0.039336984268845694,0.985110335328182,1.0801564027370478,0.4323984665830481
428,33.77677982296721,-0.1418519611185891,0.03942488270852595,0.989757848476072,1.0899315738025415,0.42391492371220446
429,33.76697090783047,-0.1005929355963579,0.03951287702817832,0.990135195845081,1.0117302052785924,0.4144013653478093
430,33.76393558533195,-0.0695579393031722,0.03976716670239148,0.9919272842418254,0.9824046920821115,0.4232820594709574
431,33.76414831553322,-0.0308732059474626,0.040217859427198986,0.9847052380983284,1.0410557184750733,0.4308904596108995
432,33.76757734256588,0.0116285851917557,0.04066854396971007,0.986508461678091,1.0899315738025415,0.4185348296855352
433,33.77307273775743,0.0338808663041618,0.04179560327423725,0.9869274139874074,1.129032258064516,0.39834059992634463
434,33.75848713415803,-0.0381873070317215,0.04297451792594259,0.991143078338762,1.1192570869990224,0.37702979326649916
435,33.74982777710272,-0.1819253798095409,0.044011815725329334,1.0069168336926992,1.0899315738025415,0.36757480943216325
436,33.73480130372314,-0.2232583019045304,0.0448805786666821,1.007031589872207,1.0606060606060606,0.36481942239075
437,33.79291066860866,0.2471551391619225,0.04574930766741223,1.0128197977411508,1.129032258064516,0.36658727877247677
438,33.7981782752166,0.1239952628263776,0.04660694343299123,1.006435968147566,1.1388074291300097,0.3455656531558596
439,33.76406798206998,-0.1523647009355097,0.04746363598817816,1.0026387024721408,1.1681329423264906,0.326056563039104
440,33.72916697283546,-0.2593923392210297,0.04800564631386024,1.007517754959196,1.099706744868035,0.30580430773436745
441,33.72794494271839,-0.0910738252879115,0.04813689126357568,0.989063380009529,1.050830889540567,0.30054030762716527
442,33.7470312428988,0.086911530206689,0.04826813538220115,0.990932698561669,1.050830889540567,0.30440480981314555
443,33.76246809217157,0.265762958442243,0.04697604613992329,0.954595706955306,1.0801564027370478,0.2923109329621352
444,33.754780271965295,-0.0078402797808602,0.045601362278533536,0.9273792744290752,0.9921798631476051,0.2670784032835756
445,33.747133990825844,0.0144249825539883,0.04369739033977051,0.8907525276857388,0.9335288367546433,0.2612306171982323
446,33.750678516116096,0.007639392245246,0.04110087224069095,0.867181414917866,0.9628543499511242,0.2622987617701609
447,33.72309557077104,-0.174553557196792,0.03850407654435065,0.8582947932106019,0.8651026392961878,0.24827591836190663
448,33.709115507826674,-0.1126068166745752,0.03674805241528669,0.8350712046863158,0.8455522971652005,0.2538305250935733
449,33.71427381809535,0.0193859403420449,0.035030633741745365,0.8346661134961686,0.7966764418377323,0.2594105228331939
450,33.72220441136631,0.0388203681347348,0.03379315244642205,0.8033656224980579,0.7966764418377323,0.2635898409338597
451,33.7299412305926,0.0625525242344065,0.033173926515210554,0.797319755496796,0.8162267839687196,0.2637271534950428
452,33.72768005388617,0.001088940106437,0.032554687849486286,0.7868021709838108,0.806451612903226,0.25619461566204094
453,33.73139785559986,0.0109060799585404,0.03296136946469979,0.804014644017308,0.7673509286412514,0.25818956412337535
454,33.720012431117546,-0.0839873470145311,0.033448294118034946,0.8008462899583415,0.6891495601173023,0.268071836281158
455,33.718790805854354,-0.0463323125920504,0.03411934890818458,0.8011869627420719,0.6891495601173023,0.29233295991008484
456,33.711569850696755,-0.0589340710743084,0.03502975123430439,0.847063966194045,0.669599217986315,0.31880166319724634
457,33.70418257381366,-0.0572281162233202,0.035940124491883156,0.8881305153009085,0.7282502443792769,0.35169387266743507
458,33.67908905954975,-0.2069160347264008,0.037327453084613944,0.8990989420920295,0.7869012707722387,0.365220508530855
459,33.68281995765675,-0.076848885026269,0.03875247006811013,0.9395032597413,0.9042033235581624,0.37536249700725943
460,33.68202015621608,-0.0255413125185874,0.03963006558042548,0.9651437343404522,0.9921798631476051,0.3674735184195512
461,33.66734700559255,-0.1054926082747177,0.03987591616129058,0.9612327222019682,1.0801564027370478,0.346472708335723
462,33.65911273369865,-0.1311999221090284,0.04012176432814043,0.9635923551234762,1.1094819159335287,0.317788662585939
463,33.655167788223615,-0.0670932606034648,0.040284958812254294,0.9893042728861604,1.0606060606060606,0.3007200716762025
464,33.65261863489165,-0.0224102529880164,0.04044217222278475,0.9991869679918336,1.0117302052785924,0.3027303560182947
465,33.64487041244963,-0.0552328458710239,0.04031895458782966,1.0373845452249664,0.9921798631476051,0.3207744206094939
466,33.64114978965094,-0.0624259689982259,0.03984840070906627,1.0382175655899453,0.9921798631476051,0.332887520253867
467,33.63316359649233,-0.0526056817000564,0.039377837992832745,1.037162188032383,1.0117302052785924,0.33831620734145706
468,33.61204112695411,-0.1566352794149091,0.03934188273602648,1.0405068602895706,0.9237536656891496,0.33883673270992465
469,33.60334332623114,-0.1084534245762263,0.03933892870839141,1.044351012451599,0.8651026392961878,0.36307610511156707
470,33.59872069576042,-0.0801400927422546,0.03940518435266986,1.0827347558464824,0.8455522971652005,0.4034847507392985
471,33.58423703811213,-0.1015029501980351,0.03956437265109407,1.0843361069140822,0.9042033235581624,0.43550951494714185
472,33.58124008887233,-0.0356789449202106,0.03972355994535527,1.0864563369773153,0.9726295210166178,0.44682848294976085
473,33.57602972994812,-0.0893847531275587,0.03896605205364021,1.08366045691458,1.0410557184750733,0.44482190932607235
474,33.58643545507476,0.0216753402202182,0.03815211711430722,1.0881176831799582,1.0703812316715542,0.43666974177852075
475,33.595980684482406,0.0661124757882849,0.03743869974569517,1.082502714946079,1.0312805474095796,0.429529986269629
476,33.59460686826095,0.0301450990338888,0.03685505710304542,1.0841532508949048,0.9921798631476051,0.438752084372286
477,33.59483196145344,0.0059372806148304,0.036271401888788225,1.0882037548844576,1.0801564027370478,0.45664175694886067
478,33.59744598371752,0.0012586115059601,0.03626386005621173,1.0906745985282604,1.158357771260997,0.44783878068103206
479,33.596913112400614,0.0416823106068954,0.03628155121415522,1.094525589962482,1.129032258064516,0.4263660071193203
480,33.58952024629836,-0.0353742623203451,0.03618647044398736,1.1034647901182215,1.0801564027370478,0.42530227963495065
481,33.59012122923366,-0.0222434322570586,0.03594335468867978,1.105169954513511,1.050830889540567,0.43701416942089627
482,33.599668142260626,0.0546342625855945,0.03570023680616369,1.1057137034072748,1.0703812316715542,0.44942468006968794
483,33.60468334241696,0.043252685358668,0.03583068691597848,1.085190177763424,1.1974584555229715,0.44679815634563097
484,33.605691060030445,0.0299571927946889,0.035978767263333176,1.0893484496200732,1.2756598240469206,0.41640874958001756
485,33.604211530777974,-0.0031850921763783,0.03611801171813928,1.0963835037588308,1.2952101661779079,0.3818607964527887
486,33.61269904567695,0.0590596635543232,0.03624568679690965,1.1039524387078297,1.2756598240469206,0.3572618492235234
487,33.6251668597119,0.1107088726330356,0.036373361284067166,1.0298634791069443,1.158357771260997,0.3243027164681548
488,33.63662075261148,0.1032699330605843,0.035891369253772475,0.9362397250097042,1.099706744868035,0.302562683530914
489,33.63289348514681,-0.0310845206646959,0.03536363752145395,0.9321696019335688,1.050830889540567,0.294814407338957
490,33.65151457036325,0.097827597996421,0.035237293903539565,0.909557715164764,0.9726295210166178,0.28730936131249873
491,33.64738639532733,0.0222177907690268,0.03558130673301512,0.8905739471767803,0.9628543499511242,0.2889046935382312
492,33.6383077501368,-0.0578422458927657,0.03592531534634081,0.8971604717688325,0.9237536656891496,0.2877971993317797
493,33.6356163891467,-0.0470394675110106,0.03632950681504135,0.9084613410415324,0.8651026392961878,0.29429215733879166
494,33.63542403218132,-0.0068660970778034,0.03673838387282439,0.8680757228471027,0.8162267839687196,0.29985443599541245
495,33.648176973057865,0.0843490698512861,0.03717186123051408,0.8554704903724377,0.8260019550342133,0.3098973017154045
496,33.659369250242435,0.0825478964691386,0.03763481968225641,0.8272783297596099,0.8455522971652005,0.30655592110082114
497,33.67008954459104,0.0856230891056289,0.03809777005640724,0.8259684370151046,0.7869012707722387,0.29962311315454054
498,33.678742796275586,0.1046458265670385,0.03884883970397329,0.7833480908955823,0.7478005865102642,0.30043855931730223
499,33.646722292825274,-0.1965970990510085,0.03961912048158352,0.792691803834911,0.7086999022482896,0.31265641150684426
500,33.66517219376388,0.0121100013094939,0.039918333511496935,0.7991377496735905,0.7380254154447705,0.33073537077533627
501,33.66213772894212,0.0075708601491473,0.0396028790891662,0.7606725632785644,0.7478005865102642,0.3257877776120563
502,33.67483280853585,0.0996406415254905,0.03928742071965363,0.7577499616693333,0.7966764418377323,0.3213867243298025
503,33.67993037503651,0.0626162827682046,0.039207160099336835,0.7505722885018427,0.8162267839687196,0.30814372599816897
504,33.68736849794754,0.0468466309310534,0.03914250652184072,0.7555100845768821,0.7673509286412514,0.2970262375088078
505,33.68362369431246,-0.0145969725655691,0.03913355602390219,0.7530481534589526,0.8162267839687196,0.3014122722873671
506,33.68887197920714,0.0198888825831875,0.039194385232502245,0.763947300638844,0.8748778103616814,0.2932515693805292
507,33.68377547129158,-0.0322094851294244,0.03925521429585275,0.7845502445959904,0.8846529814271751,0.27680321956625276
508,33.68917939386613,-0.0011606436849764,0.03936964174215135,0.8051102026057725,0.8260019550342133,0.2683638330611033
509,33.68971554757764,-0.0111481100489647,0.039486738775413,0.8366083307841136,0.7380254154447705,0.2827972442932656
510,33.687028690780494,-0.00830234670449,0.039541326434907514,0.8705946602353081,0.7575757575757578,0.3181508013683688
511,33.67525832836849,-0.0881531798907228,0.039515410136992196,0.873539614222662,0.806451612903226,0.33385325397581717
512,33.677428135574345,-0.0191299011011428,0.03948949381249463,0.8886756156981477,0.7869012707722387,0.3364045094367153
513,33.67555669284243,0.0020791107781117,0.038973932454324886,0.9310572793849912,0.7771260997067451,0.3578262428699674
514,33.6710323419547,-0.0154573567725484,0.03843241971837565,0.9282222870013388,0.8748778103616814,0.3772037632805932
515,33.66086699964916,-0.0647217301325963,0.03785310228868857,0.9275021975053592,0.8748778103616814,0.3688510358436685
516,33.66013672588994,-0.0489172988959198,0.03722338305246548,0.927197169425868,0.8553274682306942,0.3688206523548009
517,33.645372782122045,-0.1185229452420662,0.03659364903461788,0.9272851957594364,0.8748778103616814,0.3787889069414289
518,33.6351436135719,-0.0851028293350541,0.03656220565025065,0.9385894400401128,0.8357771260997069,0.38502995754314934
519,33.62418110668546,-0.1293060515176763,0.036577392013390324,0.9402730559341956,0.8162267839687196,0.40083387796269193
520,33.60612765309254,-0.1633893480445523,0.03654573003808488,1.0355471799287643,0.8553274682306942,0.4412325596567965
521,33.61412004003585,0.0242814456798525,0.03645777743148363,1.0619504836288989,0.9824046920821115,0.4661775298614901
522,33.61987903798626,0.0423654300189083,0.036369824542481215,1.0672196224742845,1.1094819159335287,0.45668931366007337
523,33.6322194467042,0.075002574251564,0.03578844231964713,1.060113401871723,1.1192570869990224,0.4262425846361081
524,33.64037678614985,0.074453482507067,0.035171465099384076,1.0504923193099382,1.1094819159335287,0.4095001172960652
525,33.62022101470146,-0.1145101041618879,0.03505007274022195,1.0465083060116402,1.0117302052785924,0.4029970992645724
526,33.61106980479305,-0.100070360528866,0.03552263060936564,1.054249373596434,0.9433040078201369,0.42253592196805967
527,33.59415486196302,-0.1553899919434843,0.035995180536027835,1.0556985868988469,0.8846529814271751,0.44928880545067973
528,33.59992851650009,-0.0179717776223545,0.03606671770009165,1.067263445212116,0.9042033235581624,0.48122390422778455
529,33.59126566259922,-0.0392610956106507,0.036111727768484016,1.0423140898340817,0.9530791788856305,0.49243746569852576
530,33.57265662699106,-0.1480270498904515,0.03609968146653533,1.0233608693282472,0.9042033235581624,0.4874754220064802
531,33.55592852980228,-0.1734529610006795,0.03601422555030961,0.9956436639574222,0.913978494623656,0.4960290433210845
532,33.55330248876701,-0.0838213390092254,0.03592876937073993,1.0039730121132182,0.8944281524926687,0.5059445966645657
533,33.54749105111796,-0.0344252941635125,0.035824204048865105,0.992831939854014,0.9335288367546433,0.5169024631082795
534,33.553006945515946,0.0110188823017273,0.03571827580200633,0.9435382759984624,0.9335288367546433,0.5057971009031771
535,33.56212296981497,0.0488585199931272,0.03576993652174073,0.9121637639560376,0.9433040078201369,0.4945205124630634
536,33.55920021669422,-0.0046513534981908,0.03602732400241675,0.8710563371560625,0.9335288367546433,0.47840756736151085
537,33.548608836146975,-0.049400518158614,0.03628470909326334,0.8410066442153392,0.8651026392961878,0.46357958831442797
538,33.53679827554985,-0.1179279429848874,0.03658695248250637,0.6593740162225851,0.913978494623656,0.4258568632118101
539,33.54107440485671,-0.0131360893544307,0.03689125936679706,0.6507115815905864,0.8260019550342133,0.38535979391594105
540,33.541731619417455,0.0187888781272701,0.03737433433295784,0.6481594479037053,0.6891495601173023,0.3766562794732022
541,33.54699712875677,0.0470540610731159,0.038091357916483375,0.6606010750007884,0.6402737047898341,0.3995286756003737
542,33.553527125169815,0.0822670853717737,0.038808361888450285,0.6624492110268961,0.6598240469208214,0.4168616161630294
543,33.56787841446459,0.1271617301162592,0.03893175438559586,0.6651569121030895,0.6891495601173023,0.417691619193215
544,33.57398104916698,0.1064473218602335,0.03902604370017128,0.6851431596545754,0.7086999022482896,0.4150721434494489
545,33.5756591319331,0.0399439773906429,0.03899429818299673,0.6772766888567989,0.7380254154447705,0.4075416535952307
546,33.586534573525995,0.0634055793793879,0.03879574812576903,0.7050188373643642,0.7380254154447705,0.4025630669161396
547,33.598348767237475,0.1218352215508771,0.03859719653681326,0.721621605299617,0.7184750733137832,0.4031963606199177
548,33.60079725735284,0.0753080652641849,0.03885929221302045,0.7816699159576166,0.698924731182796,0.42169880028090556
549,33.59638995638119,-0.0191760844656807,0.03915735454219591,0.7997423428813045,0.6598240469208214,0.4413417232543366
550,33.60242711067007,0.0115353613093722,0.039200788426597126,0.8786341706651603,0.7673509286412514,0.48197167909917615
551,33.60609222410667,0.0460040474722939,0.03893010050626084,0.8914861761298699,0.7282502443792769,0.4871949745581548
552,33.59907848555827,-0.0485095093422622,0.03865940972908022,0.8925956968485035,0.698924731182796,0.5043216004707706
553,33.60946831732615,0.0515903433607973,0.03842569133517499,0.889568709270206,0.7282502443792769,0.5292515297812659
554,33.61619710144976,0.0684368429840029,0.03819478144082746,0.9183394090604396,0.7086999022482896,0.5495754846034587
555,33.621741456752474,0.0873084607318871,0.03775274212734313,0.9248781243175658,0.7380254154447705,0.5748685478489672
556,33.61645441933916,0.0253347668180979,0.037057968314290514,0.9305566595937932,0.7380254154447705,0.5921465214407635
557,33.6149294033516,-0.0212917447894003,0.03636317658789834,0.9207577179953732,0.8357771260997069,0.6077750121590748
558,33.61373601193371,0.0031760421768497,0.034536340149813986,0.9113804605619188,0.9042033235581624,0.5996036882320283
559,33.609654978415854,-0.0090682157208725,0.03261863674560208,0.9003175608569776,0.9042033235581624,0.5822498248560228
560,33.59707456030063,-0.0948784538071579,0.03058805620483099,0.8863057401949301,0.8944281524926687,0.5742574658360288
561,33.59590511419735,-0.0428969250220873,0.028410930088332283,0.8712307162866442,0.913978494623656,0.5704425166166612
562,33.58020298446092,-0.1004304613986372,0.026233669190197744,0.8137611314845854,0.9042033235581624,0.5492030584775938
563,33.564454964817095,-0.1250197400566749,0.024015842857871627,0.803064215352512,0.8944281524926687,0.5348762037301229
564,33.55323351843786,-0.1400848294404943,0.02179500581884016,0.7823033293149423,0.8553274682306942,0.5220548973977867
565,33.55674636176806,-0.0612745158172419,0.019318055243463104,0.7084974170573058,0.7966764418377323,0.5018615070115439
566,33.57328449877188,0.0900400222920978,0.016508861542776657,0.6858562083470258,0.7673509286412514,0.4940535006896439
567,33.57320826368646,0.0423074863933312,0.013699537519446461,0.6491634245581275,0.6598240469208214,0.4830971181943904
568,33.57336073897682,-0.0078138715336684,0.011108875765027578,0.4754981050428726,0.5816226783968723,0.4548824004983323
569,33.57186482669357,-0.0056998781794053,0.008529033686730601,0.417659632941555,0.5522971652003914,0.4378722900416885
570,33.565436556858835,-0.0416970353392442,0.006241018046714871,0.3487872878830541,0.4447702834799605,0.4129848856959473
571,33.56025734387723,-0.0474010886644386,0.004341085684897419,0.3237907666344696,0.35679374389051777,0.4105102631097134
572,33.56788771435078,0.0139156428161347,0.0024411376524376884,0.2348147669441911,0.3176930596285432,0.4025445511857698
573,33.57449398653973,0.0537330896402519,0.0007040093191749003,0.2035873091846645,0.3372434017595305,0.39219900291938525
574,33.576278834203464,0.0434252012765838,-0.0010256851231942995,0.1704003959330346,0.3861192570869987,0.3684432930770338
575,33.57336809371367,-0.0084824742318026,-0.0025008100452127854,0.1626783262479726,0.29814271749755594,0.3352672201060732
576,33.579180657791234,0.0433185748170441,-0.0036353116210958002,0.1426656610864348,0.19061583577712593,0.32637069460805945
577,33.58324473296909,0.0556941996768264,-0.004769808517947528,0.1102206467363459,0.1026392961876832,0.3325948862152489
578,33.58970251356627,0.0694227037455104,-0.005120036986758874,0.0612989283882432,0.07331378299120228,0.3379859730222033
579,33.58848323579935,0.0027433078964194,-0.005410546359031325,0.0577849956098794,0.08308895405669592,0.3421682442292346
580,33.58500923599286,-0.0446554794709303,-0.006073543923348414,0.0242443865739157,0.1319648093841641,0.33150096046870986
581,33.589112328644504,0.0124966350129817,-0.0072297120463430615,-0.0061575045383918,0.11241446725317683,0.3041355527366289
582,33.59602355856811,0.0457514449140071,-0.008385870504775234,-0.0650408923125361,0.08308895405669592,0.27660300373742114
583,33.59601976559024,-0.0009728362207279,-0.010047033107801534,-0.0813003258056816,0.024437927663734094,0.2599348076499697
584,33.61332535707759,0.10968932167986,-0.011746486784515108,-0.0993208875391126,-0.014662756598240456,0.25402095433561517
585,33.61607431167936,0.0704877051355349,-0.013094275182908463,-0.1070447296232771,-0.06353861192570864,0.2513916832493157
586,33.60360468261652,-0.0702203021124162,-0.014034487139516154,-0.1228441956265212,-0.06353861192570864,0.2518209447986982
587,33.60883200895444,0.0012405988492278,-0.014974686687374719,-0.1351782627837211,-0.004887585532746819,0.24465859081075841
588,33.608143049679306,0.0164363216912715,-0.015020979429598284,-0.1230195526583041,-0.06353861192570864,0.22558977962887972
589,33.60862959703372,0.0269282799930393,-0.014995689299641688,-0.120302874341952,-0.053763440860215006,0.2261634746937981
590,33.60585488935858,-0.0290378303056069,-0.014948938017694683,-0.1172626030409855,-0.014662756598240456,0.22210969105875183
591,33.616222863228394,0.0466422318151902,-0.014876411203104026,-0.1059996753706135,0.024437927663734094,0.20866608805798706
592,33.6068430715418,-0.0294289085724217,-0.014803884310243974,-0.104323868195667,0.04398826979472137,0.18900017482633405
593,33.60751963059336,-0.0180914697852422,-0.014862540478947518,-0.1010366316501477,0.04398826979472137,0.17020480520309822
594,33.60045467365087,-0.0637857276279737,-0.014931904180437381,-0.0907965743393215,-0.06353861192570864,0.1573184643318014
595,33.60844251280096,0.0146984833883799,-0.015181513227082893,-0.0843445621699874,-0.1026392961876832,0.17196559527719385
596,33.60966428302471,0.0401463472446607,-0.01566576906851172,-0.0780381443305064,-0.1026392961876832,0.1869144003374757
597,33.59398710452802,-0.0631408218462625,-0.016150021235385188,-0.0737710686737255,-0.07331378299120228,0.1928137242435115
598,33.594516054136754,-0.0355015712128873,-0.016634269614117545,-0.0686594329638674,-0.12218963831867047,0.19006694365295396
599,33.584256613276445,-0.0956168389316679,-0.01711851409112352,-0.0629770739841099,-0.12218963831867047,0.202452131011245
