timestep,v_ego,target_lataccel,current_lataccel,roll_lataccel,kappa_ref,delta_ref,yaw_rate_ref,yaw_rate_measured,e_yaw_rate,steer_command
0,33.770259857177734,1.0038640328608972,1.0038640328608972,0.36749025401205637,0.0005580119141772653,0.0015066310282917147,0.01884420734516741,0.01884420734516741,0.0,0.004803914534035173
1,33.76353329688475,1.0496809940407024,1.0496809940407024,0.36294632006596805,0.0006024114236835753,0.0016265094096161057,0.02033953816196414,0.02033953816196414,0.0,0.0034048241721709987
2,33.7559494075436,1.0562923599318137,1.0562923599318137,0.3584023081421195,0.0006124721606344756,0.0016536733263135242,0.02067457926790628,0.02067457926790628,0.0,0.002815258556096527
3,33.75833365816382,1.051750157312053,1.051750157312053,0.3587627564967035,0.000608083663706173,0.0016418244167779976,0.02052789121147167,0.02052789121147167,0.0,0.002543358307536197
4,33.752903797375545,1.0598310856860669,1.0598310856860669,0.3594747526408039,0.0006147475081157894,0.0016598167476505328,0.02074951350110858,0.02074951350110858,0.0,0.0025438306352875426
5,33.75393897160159,1.0960951134491497,1.0960951134491497,0.3603430801999454,0.0006457769645421245,0.0017435960373437087,0.021797516250420996,0.021797516250420996,0.0,0.002773106081316262
6,33.748666944516614,1.0973687244889054,1.0973687244889054,0.36139567754279095,0.0006461727861550248,0.0017446647524475111,0.02180747014855629,0.02180747014855629,0.0,0.0026656545125097416
7,33.74425976370754,1.099496668580522,1.099496668580522,0.3624482707192681,0.0006472859722859674,0.0017476703458366772,0.021842185990221683,0.02184218599022168,3.469446951953614e-18,0.002640789372531387
8,33.74331042579862,1.1036452327036586,1.1036452327036586,0.3601454408869036,0.0006529884155357587,0.0017630668951690322,0.022033990809873484,0.022033990809873488,-3.469446951953614e-18,0.0026762791495394513
9,33.7441404364284,1.1046687852281571,1.1046687852281571,0.3575815177921467,0.0006561068849681814,0.0017714867363390538,0.022139762867673888,0.022139762867673888,0.0,0.0026810129743474057
10,33.7456946725336,1.1030948308062565,1.1030948308062565,0.355636161428545,0.0006563725918378225,0.0017722041426348287,0.02214974907557868,0.022149749075578675,3.469446951953614e-18,0.0026667892129710385
11,33.73371215937989,1.1024215964845328,1.1024215964845328,0.35449089545362705,0.0006572537772840844,0.0017745833358573343,0.02217160973856648,0.02217160973856648,0.0,0.002667371092994993
12,33.72284976699085,1.1041635743863285,1.1041635743863285,0.3533456246408959,0.000660216100514325,0.0017825815832775873,0.02226436837139311,0.02226436837139311,0.0,0.002688043617110674
13,33.72336566979514,1.1098857149988908,1.1098857149988908,0.35110567443385926,0.0006671969848346247,0.001801429910414366,0.022500127893362813,0.022500127893362813,0.0,0.0027382237737457464
14,33.7178317851052,1.11206747155861,1.11206747155861,0.3488003941449037,0.0006713627647785539,0.00181267747953448,0.022636896769586426,0.022636896769586426,0.0,0.002748303690029167
15,33.70971195754336,1.1098529844676968,1.1098529844676968,0.34771110464810956,0.000670696042370562,0.0018108773349419572,0.02260897039937594,0.02260897039937594,0.0,0.0027213321836527544
16,33.710892814847654,1.0995365526663778,1.0995365526663778,0.34817176542987177,0.0006611657203705756,0.001785145548730473,0.02228848673226401,0.022288486732264013,-3.469446951953614e-18,0.0026359578824075437
17,33.6967694519254,1.0912777071140711,1.0912777071140711,0.34863242544292017,0.0006540408782440514,0.001765908535634191,0.022039064686324612,0.022039064686324612,0.0,0.002602662695043019
18,33.69175938723451,1.0623497748587512,1.0623497748587512,0.35576937465116537,0.000622463951593373,0.0016806510869179793,0.020971905684311114,0.02097190568431111,3.469446951953614e-18,0.0023630501325826673
19,33.68184939834789,1.0685058632530289,1.0685058632530289,0.3632667533930982,0.0006216479835738385,0.001678447979479965,0.020938253761520673,0.020938253761520673,0.0,0.002465751010304948
20,33.6662993138583,1.0737234709618368,1.0737234709618368,0.3721846564960506,0.0006189576628954788,0.0016711841340236147,0.020838013941645396,0.0208380139416454,-3.469446951953614e-18,0.0024776675376777593
21,33.6629245725833,1.0527911761675326,1.0527911761675326,0.383218731801151,0.0005908726450400639,0.0015953547881307124,0.019890501281986456,0.019890501281986456,0.0,0.002256385374134813
22,33.65764991040884,1.0243747365375606,1.0243747365375606,0.39425232156641193,0.0005562337687353725,0.001501830046461857,0.018721521456442482,0.018721521456442486,-3.469446951953614e-18,0.00205393875082597
23,33.662165243010804,0.7800144861106189,0.7800144861106189,0.3913815637145757,0.00034296949443406584,0.0009260173702827334,0.011545095794951398,0.011545095794951398,0.0,0.00036056669546275834
24,33.67285350424658,0.7701471502025644,0.7701471502025644,0.3878559059749088,0.0003371588077786552,0.0009103285295397989,0.01135309914199709,0.01135309914199709,0.0,0.0010310354381724634
25,33.67554090121588,0.7606936247013875,0.7606936247013875,0.3852803571308656,0.0003310399873786072,0.0008938077279034731,0.011147950634906275,0.011147950634906275,0.0,0.0012126793365567796
26,33.67382149315373,0.7675926000293568,0.7675926000293568,0.3839397430315598,0.00033834021891671686,0.0009135183369599034,0.011393208135756078,0.011393208135756078,0.0,0.0013649775914650493
27,33.669148863392884,0.7701212729106445,0.7701212729106445,0.3825991217509945,0.00034184738072900176,0.0009229876658685675,0.011509710350325704,0.011509710350325704,0.0,0.0013986193235773089
28,33.66716762759941,0.7734588263379781,0.7734588263379781,0.3832470100769736,0.0003442605464321438,0.0009295032076771421,0.011590277524299957,0.011590277524299955,1.734723475976807e-18,0.0014093727274345751
29,33.660892131542724,0.7746073695177639,0.7746073695177639,0.3840557392170013,0.00034468883074461004,0.0009306595743204836,0.011602533550641905,0.011602533550641905,0.0,0.0014021792998125462
30,33.658822105796624,0.768343857412982,0.768343857412982,0.3881583079628706,0.00033558132016261744,0.0009060693164896119,0.011295271957381923,0.011295271957381923,0.0,0.0013194806411438661
31,33.65074046226451,0.7880037662795076,0.7880037662795076,0.3961393614992896,0.0003460561452557811,0.0009343513202904212,0.011645045529373997,0.011645045529374,-1.734723475976807e-18,0.001436859412577395
32,33.6548224105023,0.8037960334517689,0.8037960334517689,0.40412015241741844,0.000352868860121839,0.0009527456340520907,0.011875738821596867,0.011875738821596867,0.0,0.0014708617751707526
33,33.64386412609669,0.8074734025781413,0.8074734025781413,0.4062477338791554,0.00035446794608105114,0.0009570631622050492,0.01192567141500745,0.011925671415007449,1.734723475976807e-18,0.001454858640645788
34,33.647208299022104,0.8016847911581142,0.8016847911581142,0.4079060584846122,0.0003478197058191303,0.0009391129296332971,0.011703162092200868,0.01170316209220087,-1.734723475976807e-18,0.001384409805072521
35,33.64080758168798,0.8093308107381891,0.8093308107381891,0.40979041887248624,0.00035304321174302084,0.0009532163830017601,0.01187665875426809,0.01187665875426809,0.0,0.0014459687470684886
36,33.63600141754381,0.8309922778751787,0.8309922778751787,0.4119422401205079,0.0003703882150307785,0.0010000478472017857,0.012458378525816787,0.012458378525816787,0.0,0.0015834471917315078
37,33.65191450252621,0.8379868484463135,0.8379868484463135,0.4140940415133804,0.00037431436418943484,0.0010106484392157693,0.01259639498077032,0.012596394980770321,-1.734723475976807e-18,0.0015596175065210288
38,33.653792114943386,0.8781050023664648,0.8781050023664648,0.4180949486042528,0.00040616201796110277,0.0010966370088848908,0.013668892117448855,0.013668892117448855,0.0,0.0018028360810881509
39,33.66081964695643,0.9350315270915028,0.9350315270915028,0.42225408161117106,0.00045256351687511824,0.0012219208874162367,0.015233658920325679,0.015233658920325679,0.0,0.002091489019840971
40,33.65520028481505,0.9829995984993009,0.9829995984993009,0.4218729724819594,0.0004954005883787247,0.0013375807909234132,0.0166728060231012,0.016672806023101196,3.469446951953614e-18,0.002278238351874801
41,33.645373681057464,0.9823740974924196,0.9823740974924196,0.4156794324990337,0.0005006087218417684,0.0013516427258496607,0.01684316751436285,0.016843167514362847,3.469446951953614e-18,0.002132023039741718
42,33.638457015861704,0.9805936345655452,0.9805936345655452,0.4094857265228073,0.0005047148006593941,0.001362729118236491,0.016977827127250236,0.01697782712725024,-3.469446951953614e-18,0.0020936404103847005
43,33.64081556319291,0.9768409063244464,0.9768409063244464,0.401738042119206,0.0005081740671330028,0.0013720691202513925,0.01709539006641896,0.017095390066418963,-3.469446951953614e-18,0.0020888386970738548
44,33.640735811082955,0.9694934009967991,0.9694934009967991,0.3938856066986994,0.0005086226465070008,0.0013732802822790692,0.01711044007867585,0.01711044007867585,0.0,0.002071172680082313
45,33.636110075171324,0.9593378717353104,0.9593378717353104,0.3858876456517803,0.0005068555405111092,0.001368509105056905,0.01704864875284213,0.01704864875284213,0.0,0.002047797505596918
46,33.636283430572995,0.9563531205207432,0.9563531205207432,0.3776971022207102,0.0005114515129867194,0.0013809182072896753,0.01720332805181668,0.01720332805181668,0.0,0.0020907691706995458
47,33.6256753170664,0.9555821536445844,0.9555821536445844,0.36950629510223737,0.0005183365121128293,0.0013995076690018864,0.017429415261286656,0.017429415261286656,0.0,0.0021356008347107854
48,33.62275226148448,0.959805023761181,0.959805023761181,0.361461688900007,0.0005292781144199578,0.00142904993613892,0.017795786918567875,0.017795786918567875,0.0,0.00220393687730373
49,33.615324920203534,0.9401465642115588,0.9401465642115588,0.3534233761916704,0.0005192286232075032,0.0014019163642316524,0.017454038876990156,0.017454038876990156,0.0,0.0020748471526630917
50,33.60975670261897,0.936562059691202,0.936562059691202,0.3436370774016219,0.0005248908618654172,0.0014172043782325321,0.017641454162724654,0.01764145416272465,3.469446951953614e-18,0.002142699412817641
51,33.61257369259475,0.9314206330604492,0.9314206330604492,0.33156025138827117,0.0005309414661301118,0.0014335409765559401,0.01784630915675268,0.01784630915675268,0.0,0.0021830347426683465
52,33.61474238948256,0.9111837330570666,0.9111837330570666,0.31948292228605346,0.0005236517867064516,0.0014138588820068073,0.017602419911929637,0.01760241991192964,-3.469446951953614e-18,0.00209768025830943
53,33.6310706438621,0.8744806771807574,0.8744806771807574,0.30797824203070084,0.0005008646653676023,0.0013523337721062666,0.016844614943992187,0.016844614943992187,0.0,0.00191926456807761
54,33.627716467924195,0.8436483842390793,0.8436483842390793,0.296501724244754,0.00048384805372385305,0.0013063890018699975,0.016270705164182685,0.016270705164182685,0.0,0.0018493348555061774
55,33.62939436216317,0.8251624395114685,0.8251624395114685,0.2807535348540031,0.00048137898621148837,0.0012997225309060135,0.01618848376496445,0.01618848376496445,0.0,0.0019054093132749132
56,33.631312300972404,0.7475194362244987,0.7475194362244987,0.25933545919902257,0.0004316143677940325,0.0011653582655014967,0.014515757596867873,0.014515757596867873,0.0,0.0015089670206339754
57,33.638276814195024,0.7016215909793354,0.7016215909793354,0.23791614641785108,0.0004098026051485056,0.0011064665823634244,0.013785053471163693,0.013785053471163695,-1.734723475976807e-18,0.0014893337032895909
58,33.639849181648785,0.6769279213065456,0.6769279213065456,0.22224354701082719,0.00040179261433911164,0.0010848396331411194,0.01351624294866809,0.01351624294866809,0.0,0.0015398601780981088
59,33.63784286163287,0.6503341737796666,0.6503341737796666,0.207002295785555,0.0003918074464699903,0.0010578797108410586,0.013179557316375165,0.013179557316375165,0.0,0.0015151472244179722
60,33.633581573745865,0.5703352005306995,0.5703352005306995,0.1873102902262196,0.0003385951910368954,0.0009142067611094514,0.011388168978217487,0.011388168978217487,0.0,0.0011079710134598059
61,33.64452909847544,0.5268038680744593,0.5268038680744593,0.16246790254427965,0.00032186454277901,0.0008690340467325795,0.010828980975295895,0.010828980975295895,0.0,0.0011490589512431434
62,33.646022276095884,0.410801538627868,0.410801538627868,0.13762447265463332,0.00024131081141365077,0.0006515390986233647,0.008119148936286466,0.008119148936286466,0.0,0.0005651336870120564
63,33.63317401926288,0.3404856491280307,0.3404856491280307,0.12148177315438465,0.00019360478750276883,0.0005227328786452765,0.006511543509043036,0.006511543509043035,8.673617379884035e-19,0.00044342009701315503
64,33.63780820117474,0.3106341333067343,0.3106341333067343,0.10601017361418419,0.00018084275084785854,0.0004882753884855046,0.006083153767593097,0.006083153767593097,0.0,0.0005723767013460874
65,33.63017878050374,0.1895507567447085,0.1895507567447085,0.08993192241460024,8.808117581431058e-05,0.00023781917021511626,0.002962185689832247,0.002962185689832247,0.0,-0.00011261284958969138
66,33.6328493657325,0.1719635090566191,0.1719635090566191,0.07312717348821914,8.737542694598861e-05,0.0002359136483775582,0.002938684572740999,0.0029386845727409987,4.336808689942018e-19,0.00020989534028530924
67,33.63904280127819,0.0848772130368339,0.0848772130368339,0.056322209959313294,2.5234514434023608e-05,6.8133188866436e-05,0.0008488649111155923,0.0008488649111155922,1.0842021724855044e-19,-0.00022311841070408425
68,33.63986132110495,0.070218447495999,0.070218447495999,0.03682564977312266,2.9508315157108363e-05,7.967245075561367e-05,0.0009926556297045845,0.0009926556297045845,0.0,4.132496494181298e-05
69,33.64711250325824,0.0573244859855111,0.0573244859855111,0.017119111577626276,3.551309394554757e-05,9.588535335912177e-05,0.0011949130673246182,0.0011949130673246185,-2.168404344971009e-19,0.0001476776707599049
70,33.6406897699555,0.0235351491597513,0.0235351491597513,-0.0011863188563766144,2.1844618905640065e-05,5.898047097683647e-05,0.0007348680477475422,0.0007348680477475422,0.0,2.7519521038716145e-05
71,33.641537133559986,0.0029522049090667,0.0029522049090667,-0.01765998866509998,1.8212625190308284e-05,4.9174087974196565e-05,0.0006127007066393661,0.0006127007066393661,0.0,3.898318528372952e-05
72,33.65155534957935,-0.0022688316913747,-0.0022688316913747,-0.03413360867334431,2.8138477790546182e-05,7.597388988830012e-05,0.000946903542821474,0.0009469035428214739,1.0842021724855044e-19,0.0001486448337137652
73,33.656761358715585,-0.0386576771595068,-0.0386576771595068,-0.043018767819666334,3.849909035367307e-06,1.0394754395117344e-05,0.00012957546965612038,0.00012957546965612038,0.0,-8.434195862025221e-05
74,33.64438219112654,-0.0841322823414378,-0.0841322823414378,-0.05136542597279242,-2.894740663391137e-05,-7.81579977524135e-05,-0.000973917612233266,-0.000973917612233266,0.0,-0.0002961887897475659
75,33.641410584877654,-0.0808120813327486,-0.0808120813327486,-0.05809142309802443,-2.0075783987863398e-05,-5.420461671414425e-05,-0.0006753776919490251,-0.000675377691949025,-1.0842021724855044e-19,-9.468957376852758e-05
76,33.6483523924739,-0.0765571945884414,-0.0765571945884414,-0.06271331820839852,-1.2227286976258654e-05,-3.301367482390447e-05,-0.0004114280609810579,-0.00041142806098105786,-5.421010862427522e-20,-1.790210666437453e-05
77,33.656582701259424,-0.0891596562869796,-0.0891596562869796,-0.06733519939751721,-1.926652581694623e-05,-5.2019619658832416e-05,-0.0006484454195240006,-0.0006484454195240005,-1.0842021724855044e-19,-0.00010054125122010129
78,33.65813404660512,-0.1172691492061953,-0.1172691492061953,-0.07628676566776557,-3.6175716534689525e-05,-9.76744343330474e-05,-0.0012176071163565692,-0.0012176071163565692,0.0,-0.00023010202709152362
79,33.64752255765389,-0.1243220481657977,-0.1243220481657977,-0.08544214446325182,-3.434147896095814e-05,-9.272199292886529e-05,-0.0011555056880020358,-0.0011555056880020356,-2.168404344971009e-19,-0.0001557764092430218
80,33.66086067647546,-0.1176822504532899,-0.1176822504532899,-0.0948707804392084,-2.0132737932457337e-05,-5.435839236409479e-05,-0.000677685286580439,-0.000677685286580439,0.0,-2.2039860309143762e-05
81,33.647966053584426,-0.1174223432750768,-0.1174223432750768,-0.10466846442744089,-1.1264830278255978e-05,-3.0415041741912413e-05,-0.00037903862680214713,-0.00037903862680214713,0.0,1.2544054928300307e-05
82,33.655371822691684,-0.1068475340975412,-0.1068475340975412,-0.11446604399905791,6.7260679485533514e-06,1.816038345909762e-05,0.00022636831771325212,0.00022636831771325212,0.0,0.000126420497960576
83,33.67287673502032,-0.1113416198618786,-0.1113416198618786,-0.1190276033983222,6.7785844151435955e-06,1.830217791884415e-05,0.00022825443744906008,0.00022825443744906008,0.0,5.7461869874179176e-05
84,33.68253196196661,-0.0876428685811169,-0.0876428685811169,-0.12331925307357891,3.144643187884586e-05,8.490536586885846e-05,0.0010591954468490315,0.0010591954468490315,0.0,0.0002485376659710577
85,33.66979913934625,-0.066367544062446,-0.066367544062446,-0.12596683703448075,5.257267273151282e-05,0.0001419462154217394,0.0017701113310886227,0.0017701113310886227,0.0,0.00034524685265528504
86,33.656275790149614,-0.062397650692203,-0.062397650692203,-0.12644104947309648,5.653823625897901e-05,0.0001526532367134833,0.0019028664722208343,0.0019028664722208345,-2.168404344971009e-19,0.00028660005797987614
87,33.65854733866879,-0.0585800066376875,-0.0585800066376875,-0.12691526161620612,6.031899297421122e-05,0.00016286127959047047,0.0020302496804433185,0.0020302496804433185,0.0,0.0002787747133686364
88,33.66787238896972,-0.0570944247000833,-0.0570944247000833,-0.12639132830069671,6.113395382798335e-05,0.00016506167383650036,0.0020582501561137103,0.0020582501561137107,-4.336808689942018e-19,0.00026171741316513255
89,33.662066025422725,-0.056302818853374,-0.056302818853374,-0.12579225201889946,6.132495442419373e-05,0.00016557737543217393,0.0020643246648332485,0.002064324664833249,-4.336808689942018e-19,0.0002534235925485131
90,33.645824098890365,-0.0523984111183623,-0.0523984111183623,-0.12580140665464382,6.484125968784616e-05,0.0001750713993685388,0.0021816376178077426,0.0021816376178077426,0.0,0.00027996160652444044
91,33.653315076970905,-0.0523406692269776,-0.0523406692269776,-0.12653248945377527,6.550890242325007e-05,0.00017687403469830772,0.0022045917335961774,0.0022045917335961774,0.0,0.00027361620992039006
92,33.66219982163114,-0.0538537813672364,-0.0538537813672364,-0.12726357155004636,6.478418437845404e-05,0.00017491729603789918,0.0021807781598289144,0.0021807781598289144,0.0,0.0002616526589601469
93,33.66097991938574,-0.0448356248826344,-0.0448356248826344,-0.12607578918505394,7.169969092197028e-05,0.0001935891630709546,0.0024134818563506053,0.0024134818563506053,0.0,0.0003215817581078496
94,33.658043036059006,-0.0441816359107721,-0.0441816359107721,-0.12474140070867366,7.111160270005155e-05,0.00019200132493079431,0.0023934773840414646,0.002393477384041465,-4.336808689942018e-19,0.0002946607876848827
95,33.658115685389305,-0.0363480599417132,-0.0363480599417132,-0.12280035513776508,7.631271944103483e-05,0.00020604433957497335,0.002568542339213008,0.002568542339213008,0.0,0.00033469791839722563
96,33.65152666923141,-0.0295986178301143,-0.0295986178301143,-0.1200890598215415,7.990853455234147e-05,0.00021575303994359894,0.0026890441815873188,0.0026890441815873183,4.336808689942018e-19,0.0003475867313463602
97,33.641082441184274,-0.0229754556059222,-0.0229754556059222,-0.11737775533075054,8.341471142100316e-05,0.00022521971702869944,0.002806161183721563,0.0028061611837215624,4.336808689942018e-19,0.0003608275222604607
98,33.63472872718886,-0.0180239473645808,-0.0180239473645808,-0.11532967097535182,8.601268955279781e-05,0.00023223425761754326,0.0028930134802042655,0.0028930134802042655,0.0,0.00036697583046670323
99,33.63370196567556,-0.0159983567850293,-0.0159983567850293,-0.11332945541614449,8.604037261702478e-05,0.0002323090018869236,0.0028938562496166843,0.0028938562496166843,0.0,0.00035416460991317836
100,33.63961519611496,-0.0176365489509296,-0.0176365489509296,-0.11380118726440701,8.497934199996578e-05,0.0002294442193735707,0.0028586723644978993,0.002858672364497899,4.336808689942018e-19,0.00034112683669415816
101,33.62415080281644,-0.0173839330634307,-0.0173839330634307,-0.11745177007388868,8.850990261856347e-05,0.00023897673252081057,0.0029760703131891755,0.0029760703131891755,0.0,0.0003734019741446787
102,33.64021548774281,-0.0156422164966379,-0.0156422164966379,-0.12110233661641315,9.319030293564972e-05,0.000251613812616405,0.0031349418721232877,0.0031349418721232877,0.0,0.0004033494419897516
103,33.641139996977664,-0.0108099962790949,-0.0108099962790949,-0.12006703438284518,9.654015999729812e-05,0.0002606584260894157,0.003247721037799729,0.003247721037799729,0.0,0.00041399144341998644
104,33.641143798329786,-0.0082866032027598,-0.0082866032027598,-0.11867474326566384,9.753958628241394e-05,0.0002633568768739835,0.0032813432481562828,0.0032813432481562823,4.336808689942018e-19,0.00040647545499486893
105,33.64317066991678,-0.0140975532744442,-0.0140975532744442,-0.11272941937435146,8.71411751796082e-05,0.0002352811686434376,0.0029317054289446746,0.0029317054289446746,0.0,0.0003091526892767573
106,33.625624072350845,-0.0134748948310591,-0.0134748948310591,-0.10084202916578835,7.726937230539952e-05,0.00020862730219771978,0.0025982308654478817,0.0025982308654478817,0.0,0.000254791168117993
107,33.6225970675195,-0.0028147993487404,-0.0028147993487404,-0.08895449086643001,7.619751358507104e-05,0.00020573328377705683,0.0025619582968176868,0.0025619582968176868,0.0,0.000286258193346933
108,33.606333769426726,0.0035162432854759,0.0035162432854759,-0.08635437346812559,7.957478050840408e-05,0.00021485190406674031,0.0026742166333942998,0.0026742166333942993,4.336808689942018e-19,0.0003307302118423578
109,33.60975435517986,0.0086441537439037,0.0086441537439037,-0.0842198003579303,8.220845666747195e-05,0.00022196282935698982,0.00276300603451218,0.0027630060345121806,-4.336808689942018e-19,0.0003474665199090726
110,33.622507055554145,-0.0013565554993909,-0.0013565554993909,-0.08590730630065047,7.479236765910669e-05,0.0002019393899345911,0.0025147069093199143,0.002514706909319914,4.336808689942018e-19,0.00027374538576300714
111,33.61807272156204,-0.0058035538579204,-0.0058035538579204,-0.09261730077285887,7.681444133863523e-05,0.00020739898864060487,0.0025823534749884005,0.0025823534749884,4.336808689942018e-19,0.00031148165958448936
112,33.614128526398034,-0.0191779758159189,-0.0191779758159189,-0.09932725191050662,7.09342353575546e-05,0.00019152243312366265,0.0023843925042306077,0.0023843925042306077,0.0,0.00026067387162026647
113,33.61259549576124,-0.0230208955750812,-0.0230208955750812,-0.10381808601351585,7.151417964589353e-05,0.00019308828264427024,0.002403777192648621,0.002403777192648621,0.0,0.00028426642348326905
114,33.6175203568979,-0.0307750434348402,-0.0307750434348402,-0.10819674850010685,6.850643667722656e-05,0.00018496737691908635,0.0023030165295752007,0.0023030165295752007,0.0,0.00026223857571877683
115,33.61052082176148,-0.0377965566276282,-0.0377965566276282,-0.11183215397914621,6.553753464364588e-05,0.00017695134169095684,0.0022027506727471742,0.0022027506727471742,0.0,0.0002473273749666958
116,33.608872023958966,-0.0404910237938746,-0.0404910237938746,-0.11447264437981315,6.549617932236797e-05,0.00017683968232700057,0.002201252708903733,0.0022012527089037325,4.336808689942018e-19,0.0002596274071007145
117,33.61431023180126,-0.044428966525305,-0.044428966525305,-0.11711312648597233,6.432671410759116e-05,0.00017368212634409446,0.0021622981242049558,0.0021622981242049558,0.0,0.0002535746856648709
118,33.61861532559946,-0.0347653724038865,-0.0347653724038865,-0.1150490417603851,7.10342124622773e-05,0.00019179237129649844,0.0023880718637262037,0.0023880718637262037,0.0,0.0003160834606247349
119,33.61334665880799,-0.0310322570936764,-0.0310322570936764,-0.1126509928174784,7.223810659818173e-05,0.00019504288534183457,0.0024281645190606074,0.0024281645190606074,0.0,0.00030649530758689264
120,33.610154984409014,-0.0282445143787727,-0.0282445143787727,-0.10974658767891056,7.21485531891559e-05,0.0001948010911466517,0.0024249240545884073,0.002424924054588407,4.336808689942018e-19,0.00029594346788847293
121,33.615816691436905,-0.0275024697448023,-0.0275024697448023,-0.10618656303377905,6.963051558191873e-05,0.00018800238985620542,0.002340686647932021,0.002340686647932021,0.0,0.0002717540842362446
122,33.61042366898032,-0.0112441606541326,-0.0112441606541326,-0.10262652440275566,8.089364666744618e-05,0.00021841284252903688,0.002718869736621664,0.002718869736621664,0.0,0.0003755991306022379
123,33.631293849265575,-0.0127477137756066,-0.0127477137756066,-0.10656598152901303,8.294691891307504e-05,0.00022395667732100124,0.002789612203856831,0.002789612203856831,0.0,0.00035987920910085427
124,33.62944521249889,-0.0165518233937932,-0.0165518233937932,-0.11107472103166537,8.357908668725184e-05,0.00022566353022501453,0.0028107183166596306,0.0028107183166596315,-8.673617379884035e-19,0.0003485278785017051
125,33.628667864067594,-0.0201917348747283,-0.0201917348747283,-0.117078536109255,8.567325942776934e-05,0.00023131779632919888,0.002881077586128553,0.002881077586128553,0.0,0.00035948497082135785
126,33.646093398331764,-0.0221664253270645,-0.0221664253270645,-0.1249624358541083,9.080441563238394e-05,0.00024517191729506833,0.003055213849348127,0.0030552138493481268,4.336808689942018e-19,0.00039501875437551314
127,33.65494441591066,-0.0119303690249219,-0.0119303690249219,-0.1328462548773632,0.00010675435642172178,0.0002882367543563711,0.003592811931529362,0.0035928119315293623,-4.336808689942018e-19,0.0005131091361588963
128,33.6543284414966,-0.0142153120055861,-0.0142153120055861,-0.13652917902991715,0.00010799256070948749,0.00029157990565235404,0.0036344171073553534,0.003634417107355353,4.336808689942018e-19,0.0004672127586023419
129,33.64188205843046,-0.0169046661833232,-0.0169046661833232,-0.13989954817937858,0.00010867420511765857,0.0002934203453969542,0.00365600479136195,0.0036560047913619495,4.336808689942018e-19,0.00045199772547346536
130,33.639310672746014,-0.0179915508790774,-0.0179915508790774,-0.14187308777433183,0.00010947435852777145,0.0002955807594168842,0.0036826419572152857,0.0036826419572152857,0.0,0.00045052731872893684
131,33.64160582105296,-0.0170908919146557,-0.0170908919146557,-0.1422074496568458,0.00011055066303494679,0.0002984867813298599,0.0037191018290777303,0.0037191018290777308,-4.336808689942018e-19,0.00045479910857730294
132,33.64423099286055,-0.006691928457558,-0.006691928457558,-0.1425418113741222,0.00012001569828282195,0.000324042374021762,0.004037835875796719,0.004037835875796719,0.0,0.0005312133383144604
133,33.63146602512495,-0.0059225342779891,-0.0059225342779891,-0.1429716623377664,0.00012116709027090817,0.00032715113206002267,0.0040750268798092956,0.004075026879809296,-8.673617379884035e-19,0.0005092924168162768
134,33.64048238624123,-0.0073945604119056,-0.0073945604119056,-0.14340873751082023,0.00012018762379103049,0.00032450657284511267,0.004043169641186349,0.004043169641186349,0.0,0.0004880288476714441
135,33.64944619491993,0.0085306351889221,0.0085306351889221,-0.14322043256726683,0.00013402194415278315,0.00036185923341831047,0.00450976419870764,0.00450976419870764,0.0,0.0006061598119139727
136,33.6606525333441,0.0106272311172205,0.0106272311172205,-0.14221216333766348,0.00013489325883780354,0.0003642117827578107,0.004540595114829753,0.004540595114829754,-8.673617379884035e-19,0.0005694911363491532
137,33.66382619835352,0.0199566745601445,0.0199566745601445,-0.1412038926054591,0.00014221055627671006,0.00038396848307739503,0.00478735145007034,0.004787351450070339,8.673617379884035e-19,0.0006162168685373032
138,33.664577483775766,0.031023073496364,0.031023073496364,-0.14090010858104565,0.0001517008815659883,0.00040959235732295683,0.0051069460818353035,0.0051069460818353035,0.0,0.0006696130544490684
139,33.676356607798176,0.0253235638506517,0.0253235638506517,-0.14062932664417077,0.00014633042087038804,0.00039509211579237904,0.00492787543580038,0.004927875435800381,-8.673617379884035e-19,0.0005850309920132436
140,33.68939417977814,0.0201741700373949,0.0201741700373949,-0.14120588088955915,0.0001421881636915032,0.00038390802310624887,0.00479023309430187,0.004790233094301871,-8.673617379884035e-19,0.0005549981640544767
141,33.686321448047735,0.0255928989320032,0.0255928989320032,-0.1428761961003142,0.0001484612339403167,0.0004008453101699848,0.005001112849087323,0.005001112849087323,0.0,0.0006234775709695444
142,33.68759151295785,0.0245575124500098,0.0245575124500098,-0.1445465071681183,0.0001490095167750037,0.0004023256735848998,0.005019771732659565,0.005019771732659565,0.0,0.0006126703413739725
143,33.69347629744251,0.03128318995644,0.03128318995644,-0.14999465320141678,0.00015968094082089668,0.00043113851350301676,0.005380205994702202,0.005380205994702203,-8.673617379884035e-19,0.0006981209449292676
144,33.694228297642944,0.0262772578763678,0.0262772578763678,-0.15566220845138143,0.00016025658660626663,0.00043269275683356943,0.005399722015312536,0.005399722015312536,0.0,0.0006670977504351722
145,33.69579465168002,0.0262500278429799,0.0262500278429799,-0.15487254622956195,0.00015952221671808344,0.0004307099585050018,0.005375227856913337,0.005375227856913336,8.673617379884035e-19,0.0006481758109290565
146,33.68637039841669,0.0586758208583235,0.0586758208583235,-0.14549745502530298,0.00017992456347023752,0.00048579628315398266,0.006061005488831855,0.006061005488831855,0.0,0.0008219076669914399
147,33.68565491911126,0.0764351112169933,0.0764351112169933,-0.13612223090720907,0.00018732085016533154,0.0005057662523214723,0.006310025517823903,0.006310025517823904,-8.673617379884035e-19,0.0008202310550742743
148,33.68308114189493,0.0891990488227728,0.0891990488227728,-0.13138043921633819,0.00019442025185924526,0.0005249346318035968,0.006548673119002607,0.006548673119002608,-8.673617379884035e-19,0.0008380938768421395
149,33.67087664334209,0.0976649619433193,0.0976649619433193,-0.1269334144005804,0.00019810606197653884,0.0005348863163257229,0.006670404775110322,0.006670404775110323,-8.673617379884035e-19,0.0008339708268041489
150,33.66509058679346,0.0889998433958899,0.0889998433958899,-0.1257906670447967,0.00018952020403005347,0.0005117045062193143,0.006380214836699329,0.00638021483669933,-8.673617379884035e-19,0.0007378735233381566
151,33.67984371142952,0.0881486033460093,0.0881486033460093,-0.12879830964911196,0.00019125523867285428,0.0005163890985169918,0.006441446547493883,0.0064414465474938835,-8.673617379884035e-19,0.000773944957935508
152,33.68676030584716,0.0772609863964154,0.0772609863964154,-0.1318059401447212,0.00018423275307216988,0.000497428392267789,0.006206204593228514,0.006206204593228513,8.673617379884035e-19,0.0007141933176238649
153,33.69371454347548,0.0529382888940667,0.0529382888940667,-0.134356665857853,0.00016497885852631095,0.0004454428885595386,0.005558750564893947,0.005558750564893946,8.673617379884035e-19,0.0005711732577807961
154,33.69922742774519,0.0537368306515305,0.0537368306515305,-0.13687253434843716,0.00016784342975381992,0.000453177229312369,0.005656193911526752,0.005656193911526751,8.673617379884035e-19,0.0006638233732464287
155,33.70566429673691,0.0549109101431461,0.0549109101431461,-0.13487687848228253,0.00016705615584844817,0.00045105159020236257,0.005630738707731157,0.005630738707731157,0.0,0.0006683581915745009
156,33.700909014961326,0.0610454026747445,0.0610454026747445,-0.1275068858150273,0.0001660154769183182,0.0004482417576591115,0.0055948724826996536,0.0055948724826996536,0.0,0.0006650549379907012
157,33.69351991516,0.0545742582463783,0.0545742582463783,-0.12013682116850508,0.00015389612330143768,0.00041551950899983733,0.00518530209532291,0.00518530209532291,0.0,0.0005657949516545058
158,33.694377455394964,0.0629128354011195,0.0629128354011195,-0.11478497479545133,0.00015651904976742926,0.0004226014092143205,0.0052738119418235105,0.0052738119418235105,0.0,0.0006286056495454868
159,33.69588839402083,0.0684202075055267,0.0684202075055267,-0.10958766371180934,0.00015677809548770257,0.0004233008325339402,0.005282777208180766,0.005282777208180766,0.0,0.0006345726204763417
160,33.69692801036815,0.0322188146426746,0.0322188146426746,-0.10672531582250074,0.00012236566790149421,0.0003303872913128083,0.004123347102217267,0.004123347102217266,8.673617379884035e-19,0.00033894428416676964
161,33.694063783444385,0.0370216975301418,0.0370216975301418,-0.10661246765223219,0.0001265176065162339,0.00034159752430695475,0.004262892303686703,0.004262892303686704,-8.673617379884035e-19,0.0004842438928180729
162,33.700647064254284,0.0250836574420596,0.0250836574420596,-0.1064996194678532,0.00011585751751640252,0.00031281528709093954,0.0039044733075609397,0.00390447330756094,-4.336808689942018e-19,0.0004123906480667232
163,33.69124666274985,0.0303905975959714,0.0303905975959714,-0.10047472364788,0.00011528967449565258,0.0003112821110842071,0.003884252861101171,0.0038842528611011716,-4.336808689942018e-19,0.00044714372158333616
164,33.67674057763538,0.0415105767148945,0.0415105767148945,-0.09397707694835174,0.00011946470609812677,0.00032255469527858033,0.004023181915450071,0.004023181915450071,0.0,0.0004966536317420798
165,33.665073961750586,0.0045329388550814,0.0045329388550814,-0.09375266362682436,8.672229417801755e-05,0.00023415019000145023,0.002919512447635653,0.0029195124476356533,-4.336808689942018e-19,0.0002060763834944916
166,33.667742277198215,-0.0175765674661185,-0.0175765674661185,-0.1017669872456498,7.427363632997816e-05,0.0002005388154026636,0.002500625645948051,0.002500625645948051,0.0,0.00020071383442386398
167,33.66198430743114,-0.0427336409277055,-0.0427336409277055,-0.10978124293695028,5.91703071000735e-05,0.00015975982781100427,0.0019917899490685554,0.0019917899490685554,0.0,0.000140918606033735
168,33.65195280643182,-0.0492928804865466,-0.0492928804865466,-0.11775130968888953,6.0451403389282665e-05,0.00016321878770166008,0.002034307773938713,0.0020343077739387126,4.336808689942018e-19,0.00022095174720513023
169,33.65163713061274,-0.0582424709816686,-0.0582424709816686,-0.12571928514031777,5.9585717770943985e-05,0.0001608814365935261,0.00200515695259491,0.00200515695259491,0.0,0.00023022386370466779
170,33.65052098579206,-0.0696861724120364,-0.0696861724120364,-0.13123220622989237,5.435211972772325e-05,0.0001467507222113893,0.001828977145520034,0.0018289771455200343,-2.168404344971009e-19,0.00019301232200628915
171,33.63084049226384,-0.0654281179170978,-0.0654281179170978,-0.13349459775775924,6.018078502533316e-05,0.00016248811813837473,0.0020239303818862,0.0020239303818862,0.0,0.00026191673572375606
172,33.60526470523751,-0.0638660084124533,-0.0638660084124533,-0.13575698218428753,6.365898721779385e-05,0.0001718792637954634,0.0021392771163212935,0.002139277116321293,4.336808689942018e-19,0.000278846072396791
173,33.60882785774765,-0.0620247376369843,-0.0620247376369843,-0.13127111996353427,6.13042179729295e-05,0.00016552138701529496,0.002060362908806027,0.002060362908806027,0.0,0.00024393681551946027
174,33.60755637393628,-0.0614633774243741,-0.0614633774243741,-0.12647952847533192,5.75635254373803e-05,0.00015542151742948062,0.0019345694262192738,0.0019345694262192738,0.0,0.00021484657649396464
175,33.6035903109546,-0.0564371178574156,-0.0564371178574156,-0.11699606842926587,5.3629898892818664e-05,0.00014480072599858603,0.001802157150812196,0.0018021571508121963,-2.168404344971009e-19,0.00019383972192284655
176,33.58421387901094,-0.0338386363274118,-0.0338386363274118,-0.10144960793900211,5.994414954076824e-05,0.0001618492023468521,0.0020131771389725757,0.0020131771389725757,0.0,0.0002642530917994196
177,33.58596358521357,-0.0193849486068603,-0.0193849486068603,-0.08590289263123718,5.896892243284555e-05,0.00015921608922331963,0.0019805280814888344,0.0019805280814888344,0.0,0.00024086029755841678
178,33.58325737882174,-0.0223343553912603,-0.0223343553912603,-0.08746108435021312,5.7744899551714294e-05,0.00015591122752631572,0.0019392618239594294,0.0019392618239594294,0.0,0.00022890674564003511
179,33.585783089960245,-0.0548474821555508,-0.0548474821555508,-0.09037717092237676,3.1497816281683957e-05,8.504410375551955e-05,0.0010578788254440555,0.0010578788254440555,0.0,7.0914221388723576e-06
180,33.57995247426372,-0.0705702373742189,-0.0705702373742189,-0.09643277279931703,2.293564427733422e-05,6.192623946964293e-05,0.0007701778447995019,0.0007701778447995018,1.0842021724855044e-19,1.7907306769127566e-05
181,33.58561183029762,-0.0817983629603078,-0.0817983629603078,-0.10670225924140729,2.2078052941486187e-05,5.961074287140497e-05,0.0007415049160615157,0.0007415049160615156,1.0842021724855044e-19,6.305065319687831e-05
182,33.57666909442456,-0.0923472608678614,-0.0923472608678614,-0.11697162873905051,2.184187258609061e-05,5.897305591407873e-05,0.0007333773282257476,0.0007333773282257476,0.0,7.945272118022063e-05
183,33.56062587881912,-0.096032410955551,-0.096032410955551,-0.12291804108829504,2.3870423093567824e-05,6.445014226339501e-05,0.0008011063390123538,0.0008011063390123539,-1.0842021724855044e-19,0.00010311657104401506
184,33.55186997543896,-0.1010512805133658,-0.1010512805133658,-0.12854107034621243,2.4419567026271613e-05,6.593283087539365e-05,0.0008193221377219819,0.0008193221377219818,1.0842021724855044e-19,0.00010329078643356708
185,33.556841768454795,-0.1075293743747903,-0.1075293743747903,-0.13356232235521542,2.311858187780185e-05,6.242017098899623e-05,0.0007757865939844632,0.0007757865939844632,0.0,8.907042011507225e-05
186,33.55564484258417,-0.1122767713874517,-0.1122767713874517,-0.13787268825557566,2.2732097637767946e-05,6.137666354490289e-05,0.0007627901948598878,0.0007627901948598878,0.0,8.894253052501003e-05
187,33.541878995055406,-0.1183690145747766,-0.1183690145747766,-0.14218302753326428,2.1166926896742624e-05,5.715070255898316e-05,0.0007099785006677247,0.0007099785006677247,0.0,7.76597356848294e-05
188,33.54515886974022,-0.1282252968344198,-0.1282252968344198,-0.1499134142099151,1.9273569263530947e-05,5.2038636964559675e-05,0.0006465349429320876,0.0006465349429320877,-1.0842021724855044e-19,6.707317970643489e-05
189,33.54211876342962,-0.1327458648118675,-0.1327458648118675,-0.1579060093667366,2.2363107286644015e-05,6.038038960056074e-05,0.0007501060005279319,0.0007501060005279318,1.0842021724855044e-19,0.00010125724445415873
190,33.537881935742696,-0.1461773138896548,-0.1461773138896548,-0.16152683738198675,1.3646574007645705e-05,3.684574980396936e-05,0.0004576771878957967,0.0004576771878957967,0.0,1.8996733016611045e-05
191,33.52483446154687,-0.1328492785031548,-0.1328492785031548,-0.16002080056615778,2.4175790455867253e-05,6.527463413813469e-05,0.0008104893730099943,0.0008104893730099943,0.0,0.00013466002869081582
192,33.50801675954586,-0.1276330086431628,-0.1276330086431628,-0.1585147599778538,2.7504545552268687e-05,7.426227285460949e-05,0.0009216227733291118,0.0009216227733291117,1.0842021724855044e-19,0.00013742084157007927
193,33.50020122245286,-0.1312490280036448,-0.1312490280036448,-0.16156217232919112,2.7010719686802084e-05,7.29289430250716e-05,0.0009048645446711386,0.0009048645446711386,0.0,0.0001149392833552305
194,33.48275692036813,-0.1306736603122956,-0.1306736603122956,-0.16495684508006167,3.058008860242708e-05,8.256623903893004e-05,0.001023905673278386,0.0010239056732783858,2.168404344971009e-19,0.00014158367156566045
195,33.47415567113188,-0.1357971671904886,-0.1357971671904886,-0.17290517865375896,3.311680410711034e-05,8.941537085090272e-05,0.0011085570560117912,0.0011085570560117912,0.0,0.00015087128684754343
196,33.48411926556322,-0.1488204511868489,-0.1488204511868489,-0.18699678650346668,3.4049949823494716e-05,9.193486426442399e-05,0.0011401325808763404,0.0011401325808763406,-2.168404344971009e-19,0.00014718946142470686
197,33.484051081295604,-0.1533959209296475,-0.1533959209296475,-0.20108800837443158,4.2537341120551907e-05,0.00011485082052050217,0.0014243225029430561,0.001424322502943056,2.168404344971009e-19,0.00021342801976818125
198,33.48451502984019,-0.156055661248099,-0.156055661248099,-0.21654370262860384,5.394876356340578e-05,0.00014566166059101228,0.0018064481843801557,0.0018064481843801557,0.0,0.00028242499457675535
199,33.483711762666424,-0.1704324637567915,-0.1704324637567915,-0.23207431595370495,5.498047534623617e-05,0.0001484472823444134,0.0018409503890677592,0.0018409503890677592,0.0,0.00024650847225651763
200,33.4977156896609,-0.1845140035330653,-0.1845140035330653,-0.24536668843362927,5.4231218213461145e-05,0.00014642428812989598,0.0018166219292184813,0.0018166219292184813,0.0,0.0002235033547371607
201,33.497894348054885,-0.1890778782038661,-0.1890778782038661,-0.2557485134591226,5.941547538309621e-05,0.0001604217821582003,0.001990293317022413,0.001990293317022413,0.0,0.0002652383873535262
202,33.49205680513515,-0.2045870942792645,-0.2045870942792645,-0.26613005186499716,5.486491682484366e-05,0.00014813527434351481,0.001837538910906679,0.001837538910906679,0.0,0.0002089627809245159
203,33.48660403269111,-0.2367686944226779,-0.2367686944226779,-0.28130362869253317,3.9715369009083505e-05,0.00010723149591352166,0.0013299328360193913,0.0013299328360193913,0.0,8.834838458327175e-05
204,33.49624116258849,-0.2701086775899794,-0.2701086775899794,-0.29669163405627563,2.3692513169057256e-05,6.396978546919696e-05,0.0007936101348585455,0.0007936101348585455,0.0,1.8014557609779945e-06
205,33.48510057456849,-0.2730507571386634,-0.2730507571386634,-0.3116468485350041,3.442231787002566e-05,9.294025798146668e-05,0.0011526347758875756,0.0011526347758875756,0.0,0.00015963274677827384
206,33.48305936712308,-0.3124589700951056,-0.3124589700951056,-0.32603844024067496,1.2112465662153735e-05,3.2703657276155915e-05,0.0004055624068481333,0.0004055624068481333,0.0,-4.573257596426871e-05
207,33.49589245776178,-0.4509363499839485,-0.4509363499839485,-0.34042932950920257,-9.84933167286304e-05,-0.00026593194889841705,-0.003299121544950473,-0.0032991215449504727,-4.336808689942018e-19,-0.0009274666754039884
208,33.49638048322956,-0.5176567079172626,-0.5176567079172626,-0.35514662391079654,-0.00014483867818454314,-0.0003910644111629261,-0.004851571473157497,-0.0048515714731574965,-8.673617379884035e-19,-0.0009547479826692466
209,33.50179791330279,-0.5549996467288785,-0.5549996467288785,-0.369886845804472,-0.00016493021418233144,-0.0004453115488568466,-0.005525458705334213,-0.005525458705334213,0.0,-0.000869387509406584
210,33.500540805195,-0.6347799749575694,-0.6347799749575694,-0.38232734732209167,-0.00022494495604885996,-0.000607351306652883,-0.0075357776790376295,-0.007535777679037629,-8.673617379884035e-19,-0.00124284607726568
211,33.50852021598404,-0.7894249393369285,-0.7894249393369285,-0.39170372077380705,-0.00035421607219482593,-0.0009563831033347125,-0.011869256415966787,-0.011869256415966789,1.734723475976807e-18,-0.0021191400196734116
212,33.51736811843952,-0.7926840641433966,-0.7926840641433966,-0.40107973582722717,-0.00034858417316501443,-0.0009411769896428164,-0.011683624052233655,-0.011683624052233655,0.0,-0.0015920747247616545
213,33.515275394231665,-0.8014589581958288,-0.8014589581958288,-0.40392721861889286,-0.00035390461378518874,-0.000955542166397195,-0.011861210594299797,-0.011861210594299797,0.0,-0.001511380204863951
214,33.52153663611166,-0.8392569452371731,-0.8392569452371731,-0.4063099911844586,-0.00038528921407352017,-0.0010402805027402019,-0.012915486505064175,-0.012915486505064175,0.0,-0.0017261680886439422
215,33.53187674055117,-0.9643549939269336,-0.9643549939269336,-0.4088476164977885,-0.0004940536462239816,-0.001333944053594508,-0.016566545968402426,-0.016566545968402426,0.0,-0.002543533308302518
216,33.5330704716795,-0.9689523331527996,-0.9689523331527996,-0.4115649693025527,-0.0004956903630117796,-0.0013383631810320493,-0.0166220198750064,-0.0166220198750064,0.0,-0.002177818917312837
217,33.54016247961793,-1.0274372771369291,-1.0274372771369291,-0.41428229047343623,-0.0005450545135611737,-0.0014716461242121543,-0.018281216945090883,-0.018281216945090883,0.0,-0.0024825430345090656
218,33.556289083101355,-1.052951066102808,-1.052951066102808,-0.4139733709378933,-0.0005674633848131209,-0.0015321499400954305,-0.01904196538486427,-0.01904196538486427,0.0,-0.002483448103969803
219,33.55891003814067,-1.0752181732787964,-1.0752181732787964,-0.4134515506513809,-0.0005876099825490482,-0.0015865456217021444,-0.019719550541876917,-0.019719550541876917,0.0,-0.002526859386897921
220,33.55936496365238,-1.068663595734196,-1.068663595734196,-0.41186748982687804,-0.0005831806436320129,-0.001574586436502646,-0.01957117205938442,-0.01957117205938442,0.0,-0.002385960845920894
221,33.564105164947456,-1.0747969280844527,-1.0747969280844527,-0.4090525111865549,-0.000590959048376758,-0.001595588076545943,-0.019835011647894776,-0.019835011647894772,-3.469446951953614e-18,-0.0024362248166178912
222,33.57079399928998,-1.0815874177639655,-1.0815874177639655,-0.40623749880567633,-0.0005992466652741505,-0.001617964584397764,-0.020117186354679985,-0.020117186354679985,0.0,-0.002477893272552343
223,33.57218098891432,-1.0758693260321297,-1.0758693260321297,-0.40238206955389044,-0.0005975445243486927,-0.001613368815895754,-0.02006087292036903,-0.02006087292036903,0.0,-0.0024277348289983617
224,33.575454209830184,-1.0841135013931915,-1.0841135013931915,-0.3984391002661457,-0.0006082388310378272,-0.0016422433674438558,-0.020421895020151206,-0.020421895020151203,-3.469446951953614e-18,-0.0025144075161827976
225,33.580614586998536,-1.0917508354552163,-1.0917508354552163,-0.3961360689740084,-0.0006168669634952238,-0.0016655392613550825,-0.020714771752585206,-0.020714771752585206,0.0,-0.0025531599904163177
226,33.590671825534685,-1.0920690267497568,-1.0920690267497568,-0.3960152247069148,-0.0006168867328014926,-0.0016655926383339343,-0.020721639795061243,-0.020721639795061243,0.0,-0.0025157714727502742
227,33.59646770399934,-1.093182432698182,-1.093182432698182,-0.3958943803796298,-0.0006177674002961372,-0.0016679704339635632,-0.020754802512632807,-0.020754802512632804,-3.469446951953614e-18,-0.002511647372392319
228,33.59872817863505,-1.1016642057197734,-1.1016642057197734,-0.3947829629920746,-0.0006261822910096988,-0.001690690574814855,-0.021038928585909823,-0.021038928585909823,0.0,-0.002577300398548772
229,33.60757581940112,-1.094810733691724,-1.094810733691724,-0.39361046598039995,-0.0006208228584075003,-0.0016762201477987567,-0.020864351284347393,-0.020864351284347393,0.0,-0.0025031416468851543
230,33.605009129217706,-1.0946975058560462,-1.0946975058560462,-0.3933711247988369,-0.0006210293709386197,-0.0016767777300656082,-0.020869697679904646,-0.020869697679904646,0.0,-0.0025125317860547475
231,33.603156264191874,-1.043593802719396,-1.043593802719396,-0.39439056380166315,-0.0005749373657406966,-0.0015523296406016343,-0.019319710143107464,-0.019319710143107464,0.0,-0.0021184557007217315
232,33.61103718967286,-1.0499241080900523,-1.0499241080900523,-0.39540999853858055,-0.000579368907267981,-0.001564294773669738,-0.019473189888724235,-0.019473189888724235,0.0,-0.0023041502981086554
233,33.63182706464103,-1.0487645990794834,-1.0487645990794834,-0.4024627435519026,-0.0005713924273231724,-0.0015427583297966882,-0.0192169713017784,-0.0192169713017784,0.0,-0.0022668604267385584
234,33.63540166179775,-0.94045612020118,-0.94045612020118,-0.4098063570027288,-0.000469045245731256,-0.0012664214864351602,-0.015776525237727424,-0.015776525237727424,0.0,-0.001420988890618917
235,33.64414963538487,-0.887435875647956,-0.887435875647956,-0.41913928189252475,-0.00041371559042924173,-0.0011170316295630515,-0.01391910923089301,-0.01391910923089301,0.0,-0.001281203281711785
236,33.6562623715273,-0.8856853311196446,-0.8856853311196446,-0.43107562733540733,-0.0004013349044974391,-0.001083603818021351,-0.013507432844617662,-0.01350743284461766,-1.734723475976807e-18,-0.001451526166095017
237,33.656597115148664,-0.8982714946197876,-0.8982714946197876,-0.4430113333755168,-0.0004019011415325738,-0.0010851326562185217,-0.013526624800680178,-0.013526624800680178,0.0,-0.0015781260301151192
238,33.652340816200535,-0.8653995780008098,-0.8653995780008098,-0.4476956421949697,-0.0003688399973186638,-0.0009958676635422122,-0.012412329296414166,-0.012412329296414166,0.0,-0.0013284997159736071
239,33.65630456737668,-0.8511563858489696,-0.8511563858489696,-0.4519264547301887,-0.0003524440925649224,-0.000951598762688207,-0.011861965722337726,-0.011861965722337726,0.0,-0.0013035085277300783
240,33.6664411812488,-0.8233192278958494,-0.8233192278958494,-0.4529495411835897,-0.0003267691237480927,-0.0008822764051950334,-0.011001153484513373,-0.011001153484513372,-1.734723475976807e-18,-0.001170038070795593
241,33.67736510210569,-0.8075254458409006,-0.8075254458409006,-0.44928418337472076,-0.0003158634657793187,-0.0008528311508434399,-0.010637449259466582,-0.01063744925946658,-1.734723475976807e-18,-0.0011841336947847562
242,33.6803353427017,-0.7976218293562206,-0.7976218293562206,-0.4456187627115193,-0.000310308472247589,-0.0008378326790257546,-0.010451293404980242,-0.010451293404980244,1.734723475976807e-18,-0.001203084068738855
243,33.69280464181808,-0.7939024259740525,-0.7939024259740525,-0.44240153056262715,-0.00030963647024665934,-0.0008360182748941346,-0.010432521102002809,-0.010432521102002809,0.0,-0.0012353936664993158
244,33.70337734533945,-0.7389651408731288,-0.7389651408731288,-0.4392185610342939,-0.00026388055621359344,-0.0007124773812198006,-0.008893665960164797,-0.008893665960164799,1.734723475976807e-18,-0.0008553805039290033
245,33.715277127439585,-0.7319681829427918,-0.7319681829427918,-0.4396144410886462,-0.00025719065780798465,-0.0006944146644632391,-0.008671254302584686,-0.008671254302584686,0.0,-0.000947595752551334
246,33.71922572280191,-0.71862705801352,-0.71862705801352,-0.44420857898962546,-0.00024135603672552502,-0.00065166120691358,-0.008138338681908846,-0.008138338681908846,0.0,-0.0008773403283360738
247,33.73281135619556,-0.7153049860041284,-0.7153049860041284,-0.4488026192705228,-0.00023420490966020064,-0.0006323531717960615,-0.007900390036262372,-0.007900390036262372,0.0,-0.0008863612459215297
248,33.73534270450809,-0.7297940007688593,-0.7297940007688593,-0.45310643204069284,-0.00024311927641795678,-0.0006564219520466304,-0.008201712108031804,-0.008201712108031804,0.0,-0.0010066608542270501
249,33.73940033781046,-0.7422316458225315,-0.7422316458225315,-0.4573876291307342,-0.0002502259705278752,-0.0006756100176314288,-0.008442474194557143,-0.008442474194557141,-1.734723475976807e-18,-0.0010525262859751956
250,33.74700429496951,-0.741325032183007,-0.741325032183007,-0.46107713704681363,-0.00024607749994502926,-0.0006644091520860757,-0.008304378447540261,-0.008304378447540261,0.0,-0.0009897041801402505
251,33.75494270040087,-0.773226234746054,-0.773226234746054,-0.46406506246278506,-0.0002713377348723821,-0.0007326117530862816,-0.00915898969307382,-0.00915898969307382,0.0,-0.0012122172833797934
252,33.76998063550694,-0.8056952854066372,-0.8056952854066372,-0.4670529447321085,-0.00029694747318751254,-0.0008017580058119751,-0.010027910419305015,-0.010027910419305015,0.0,-0.0013539312028842856
253,33.76683205901186,-0.8123067417599209,-0.8123067417599209,-0.4610982229038565,-0.00030802389327517224,-0.0008316643200983947,-0.010400991074385734,-0.010400991074385734,0.0,-0.0013432506268333858
254,33.776103153629435,-0.8139017661134169,-0.8139017661134169,-0.45451209496009753,-0.00031502607824381793,-0.0008505702061376655,-0.010640353314846532,-0.010640353314846532,0.0,-0.0013368954556744442
255,33.78364306235327,-0.8473133872797999,-0.8473133872797999,-0.4492053564506826,-0.00034880923811333737,-0.0009417846644646535,-0.01178404679727238,-0.01178404679727238,0.0,-0.0015853876607648536
256,33.80475310607616,-0.8482432636900988,-0.8482432636900988,-0.44555877585382675,-0.0003523784681559084,-0.0009514215769442881,-0.011912067115907804,-0.011912067115907804,0.0,-0.001496228307652577
257,33.801833444174896,-0.9402948626765328,-0.9402948626765328,-0.44191213356298803,-0.0004361967937539371,-0.0011777307986115587,-0.01474425137135369,-0.014744251371353692,1.734723475976807e-18,-0.002169669855073375
258,33.81400313334894,-0.9641397450864034,-0.9641397450864034,-0.44186701424071306,-0.0004567769430573964,-0.0012332971209639922,-0.015445456983784352,-0.015445456983784352,0.0,-0.002065530536270939
259,33.82750746589076,-0.9789032243960524,-0.9789032243960524,-0.44204755401030876,-0.0004691562944764917,-0.0012667213175663059,-0.01587038805407317,-0.01587038805407317,0.0,-0.002022123127285934
260,33.84035526284215,-1.0105147050566716,-1.0105147050566716,-0.444321816033874,-0.000494418352628699,-0.0013349287591337576,-0.01673129270142434,-0.01673129270142434,0.0,-0.002155227611373988
261,33.84922250096917,-1.069638443509231,-1.069638443509231,-0.4493449372112335,-0.0005413770477220755,-0.0014617169878058105,-0.018325192145262337,-0.01832519214526234,3.469446951953614e-18,-0.0024536022484288504
262,33.85407024003522,-1.0751817065116651,-1.0751817065116651,-0.4543679403317648,-0.0005416759537825118,-0.0014625240324436888,-0.018337935786691226,-0.018337935786691226,0.0,-0.0022738144702744737
263,33.8680433115335,-1.0770146164409446,-1.0770146164409446,-0.456186168519779,-0.000541241882866611,-0.001461352043475609,-0.01833080353094232,-0.01833080353094232,0.0,-0.002215073737169993
264,33.87166705479946,-1.0857393147714602,-1.0857393147714602,-0.45785634266148667,-0.0005472749397754965,-0.001477641261953918,-0.018537114547511044,-0.018537114547511044,0.0,-0.0022512275817546295
265,33.88653331315114,-1.085880582504069,-1.085880582504069,-0.45420709767908163,-0.0005500958443858641,-0.0014852576876861366,-0.01864084115620759,-0.01864084115620759,0.0,-0.0022523193303503643
266,33.89699375061888,-1.0823876904387235,-1.0823876904387235,-0.44364048604016204,-0.0005559127640513012,-0.0015009633357685997,-0.018843771488936224,-0.018843771488936224,0.0,-0.002286170438217613
267,33.88843784894902,-1.0735052037660129,-1.0735052037660129,-0.4330733586086748,-0.0005576604174410121,-0.0015056819892567365,-0.0188982403972687,-0.018898240397268704,3.469446951953614e-18,-0.0022762939168794027
268,33.903719267314074,-1.0630308469863674,-1.0630308469863674,-0.4293222492842557,-0.0005513087847880672,-0.0014885326195316648,-0.018691418269058704,-0.0186914182690587,-3.469446951953614e-18,-0.0022102092218874384
269,33.897369995743205,-1.045024024332901,-1.045024024332901,-0.4258768751329177,-0.0005388425342592049,-0.0014548738160089709,-0.0182653447532282,-0.0182653447532282,0.0,-0.0021180138871533215
270,33.90160362609766,-1.0494344165250022,-1.0494344165250022,-0.4241860644103769,-0.0005440165000822763,-0.001468843493877363,-0.018443031751846257,-0.018443031751846257,0.0,-0.0022079639345714414
271,33.91336217423329,-1.0492731355071416,-1.0492731355071416,-0.42478380203322014,-0.0005429793696775069,-0.001466043247814518,-0.018414256017010196,-0.0184142560170102,3.469446951953614e-18,-0.002196589755645526
272,33.92400399148314,-1.016652025183315,-1.016652025183315,-0.4253815380760365,-0.0005137738439775064,-0.0013871884889533896,-0.017429265933812565,-0.017429265933812565,0.0,-0.0019470665373755285
273,33.917397782391184,-1.024100238403093,-1.024100238403093,-0.4290156686591633,-0.000517289472080614,-0.0013966806664407632,-0.017545112793201322,-0.017545112793201322,0.0,-0.0020705454668622602
274,33.92035853194276,-0.9861940376194578,-0.9861940376194578,-0.43287855358704047,-0.00048089687584193644,-0.0012984208351049513,-0.016312194445449648,-0.016312194445449648,0.0,-0.0017738446158712846
275,33.92515617613213,-0.9782490427218004,-0.9782490427218004,-0.43640229125255225,-0.0004707959982767166,-0.0012711485106982503,-0.015971827768635642,-0.015971827768635642,0.0,-0.0018086372736416424
276,33.9261077040217,-0.9781412902876097,-0.9781412902876097,-0.43952236821551377,-0.0004679651733420162,-0.0012635052956505109,-0.015876236872532427,-0.015876236872532427,0.0,-0.0018529275247801133
277,33.921494509926326,-0.9374961998375564,-0.9374961998375564,-0.4426424006292599,-0.0004300579225389764,-0.0011611558689994007,-0.014588207458356208,-0.014588207458356211,3.469446951953614e-18,-0.0015551507069766148
278,33.92752999363683,-0.9447179472778824,-0.9447179472778824,-0.44575534780109566,-0.000433474453170697,-0.001170380489168568,-0.014706717511424145,-0.014706717511424145,0.0,-0.001715594661960278
279,33.93918568908819,-0.932181797650836,-0.932181797650836,-0.4488677502283588,-0.00041959140366364616,-0.0011328963052181498,-0.014240590562485646,-0.014240590562485646,0.0,-0.0016244244981827554
280,33.942390420136874,-0.92889574833471,-0.92889574833471,-0.44840376276188804,-0.00041706265058473636,-0.0011260686806153378,-0.014156103315804249,-0.014156103315804249,0.0,-0.0016552212547276774
281,33.943824269595446,-0.8512335937997657,-0.8512335937997657,-0.44371575655112716,-0.0003536918739229218,-0.000954967769293219,-0.012005654814023567,-0.012005654814023567,0.0,-0.0011319765763408382
282,33.9431954896115,-0.80452914913284,-0.80452914913284,-0.4390276487992261,-0.00031723691162170617,-0.0008565394519090149,-0.010768034507696178,-0.01076803450769618,1.734723475976807e-18,-0.001027587913229627
283,33.94375508618801,-0.8084280264527248,-0.8084280264527248,-0.44191014292849884,-0.00031810859215786105,-0.0008588929876251889,-0.010797800143018505,-0.010797800143018503,-1.734723475976807e-18,-0.0012151914628161294
284,33.95745537182112,-0.8134869174150946,-0.8134869174150946,-0.4453916605918218,-0.00031921989035091537,-0.0008618934905252303,-0.01083989518038884,-0.010839895180388838,-1.734723475976807e-18,-0.0012765786602463448
285,33.94660608020648,-0.811447884586318,-0.811447884586318,-0.4507699945704171,-0.0003129873598721245,-0.000845065670490743,-0.010624858613662835,-0.010624858613662833,-1.734723475976807e-18,-0.0012336900965656537
286,33.95394205555591,-0.8037052632727635,-0.8037052632727635,-0.4586364351293024,-0.0002993128227244204,-0.0008081444454235317,-0.01016285023926985,-0.010162850239269852,1.734723475976807e-18,-0.0011396730148411061
287,33.95039966952196,-0.8129331773963641,-0.8129331773963641,-0.4665025801448892,-0.0003005567321144553,-0.0008115029985740342,-0.010204021178651204,-0.010204021178651202,-1.734723475976807e-18,-0.0012010494786892773
288,33.951720277177465,-0.8241185468925074,-0.8241185468925074,-0.46834819590993254,-0.0003086357172680366,-0.0008333162437342783,-0.01047871354023041,-0.01047871354023041,0.0,-0.001282196328663078
289,33.93860848047189,-0.817899898367146,-0.817899898367146,-0.46981352437577756,-0.00030220313084093685,-0.0008159482721920904,-0.010256353739183375,-0.010256353739183375,0.0,-0.001203570424065284
290,33.9273184558313,-0.7604699418048128,-0.7604699418048128,-0.47154229313889134,-0.00025100942722340873,-0.0006777253497408018,-0.008516076772824397,-0.008516076772824397,0.0,-0.0007755450388858846
291,33.910764761130146,-0.7596487589829534,-0.7596487589829534,-0.47361308112864053,-0.0002487396613224583,-0.0006715969845976895,-0.008434952141869066,-0.008434952141869068,1.734723475976807e-18,-0.0009241307559999688
292,33.9100612204625,-0.7814142504826193,-0.7814142504826193,-0.47568384796568225,-0.0002658774350307102,-0.0007178689512683614,-0.009015920099030924,-0.009015920099030924,0.0,-0.0011302546848504234
293,33.90474495710317,-0.8202016567944,-0.8202016567944,-0.4832279458122973,-0.0002931399821424656,-0.0007914777865142695,-0.009938836331270073,-0.009938836331270073,0.0,-0.0013278457485080535
294,33.89933608736096,-0.8239128253761675,-0.8239128253761675,-0.49103231996668023,-0.0002896716390838174,-0.0007821132660530705,-0.009819676248279051,-0.009819676248279051,0.0,-0.0011992720084968126
295,33.893212592720175,-0.8393854663031624,-0.8393854663031624,-0.49617264555760476,-0.0002987707182734996,-0.0008066807643602421,-0.010126299470923429,-0.010126299470923429,0.0,-0.001259245914422516
296,33.88347219713414,-0.8559886772197567,-0.8559886772197567,-0.4978330135974741,-0.0003119579135009982,-0.0008422861672671247,-0.010570217288787048,-0.01057021728878705,1.734723475976807e-18,-0.001338125586676921
297,33.859231086460106,-0.8670590547877889,-0.8670590547877889,-0.4994933673395004,-0.00032061274319568177,-0.0008656541904002158,-0.010855700961126478,-0.010855700961126478,0.0,-0.001359430482099017
298,33.84250092059592,-0.8829108125446231,-0.8829108125446231,-0.49509957450078096,-0.00033860665629116863,-0.0009142377172701158,-0.01145929607725378,-0.011459296077253777,-3.469446951953614e-18,-0.0014711266755319688
299,33.82373492894554,-0.8825815465790546,-0.8825815465790546,-0.49039315258403204,-0.00034280852477403147,-0.0009255827525731542,-0.0115950646733397,-0.011595064673339702,1.734723475976807e-18,-0.0014366339192193683
