step,target_lataccel,current_lataccel,steer_command,roll_lataccel,v_ego,a_ego,controller,future_plan_ref,future_plan_json,control_start_idx
20,1.0737234709618368,1.0737234709618368,0.3224416333145364,0.3721846564960506,33.6662993138583,-0.1427389358746498,pid,sidecar:trace.csv.future.jsonl:20,,100
21,1.0527911761675326,1.0527911761675326,0.3037519433958606,0.383218731801151,33.6629245725833,-0.0952381240838884,pid,sidecar:trace.csv.future.jsonl:21,,100
22,1.0243747365375606,1.0243747365375606,0.1855302560225258,0.39425232156641193,33.65764991040884,-0.0661868093852008,pid,sidecar:trace.csv.future.jsonl:22,,100
23,0.7800144861106189,0.7800144861106189,0.1823100915216171,0.3913815637145757,33.662165243010804,0.0011238148488627,pid,sidecar:trace.csv.future.jsonl:23,,100
24,0.7701471502025644,0.7701471502025644,0.1788544009828539,0.3878559059749088,33.67285350424658,0.0658829392096585,pid,sidecar:trace.csv.future.jsonl:24,,100
25,0.7606936247013875,0.7606936247013875,0.1829872511575265,0.3852803571308656,33.67554090121588,0.0439748482833553,pid,sidecar:trace.csv.future.jsonl:25,,100
26,0.7675926000293568,0.7675926000293568,0.1849436047777162,0.3839397430315598,33.67382149315373,0.0294165545009753,pid,sidecar:trace.csv.future.jsonl:26,,100
27,0.7701212729106445,0.7701212729106445,0.1862974566353196,0.3825991217509945,33.669148863392884,-0.0181656245146981,pid,sidecar:trace.csv.future.jsonl:27,,100
28,0.7734588263379781,0.7734588263379781,0.1864954802509668,0.3832470100769736,33.66716762759941,-0.0174871773015694,pid,sidecar:trace.csv.future.jsonl:28,,100
29,0.7746073695177639,0.7746073695177639,0.1813171704228903,0.3840557392170013,33.660892131542724,-0.044179291045929,pid,sidecar:trace.csv.future.jsonl:29,,100
30,0.768343857412982,0.768343857412982,0.1871975204817226,0.3881583079628706,33.658822105796624,-0.0399783404686168,pid,sidecar:trace.csv.future.jsonl:30,,100
31,0.7880037662795076,0.7880037662795076,0.1910825986379111,0.3961393614992896,33.65074046226451,-0.0664541166899483,pid,sidecar:trace.csv.future.jsonl:31,,100
32,0.8037960334517689,0.8037960334517689,0.191907042251222,0.40412015241741844,33.6548224105023,0.0206939086188863,pid,sidecar:trace.csv.future.jsonl:32,,100
33,0.8074734025781413,0.8074734025781413,0.1881706260802332,0.4062477338791554,33.64386412609669,-0.0622102717520619,pid,sidecar:trace.csv.future.jsonl:33,,100
34,0.8016847911581142,0.8016847911581142,0.1910793141516949,0.4079060584846122,33.647208299022104,-0.0132308830176661,pid,sidecar:trace.csv.future.jsonl:34,,100
35,0.8093308107381891,0.8093308107381891,0.2008344777981709,0.40979041887248624,33.64080758168798,-0.0352113795292076,pid,sidecar:trace.csv.future.jsonl:35,,100
36,0.8309922778751787,0.8309922778751787,0.2031680192614447,0.4119422401205079,33.63600141754381,-0.0487382558285624,pid,sidecar:trace.csv.future.jsonl:36,,100
37,0.8379868484463135,0.8379868484463135,0.221073146557403,0.4140940415133804,33.65191450252621,0.0696080174283106,pid,sidecar:trace.csv.future.jsonl:37,,100
38,0.8781050023664648,0.8781050023664648,0.2469964845843575,0.4180949486042528,33.653792114943386,0.0365611087746741,pid,sidecar:trace.csv.future.jsonl:38,,100
39,0.9350315270915028,0.9350315270915028,0.2705843566564013,0.42225408161117106,33.66081964695643,0.0697003814791755,pid,sidecar:trace.csv.future.jsonl:39,,100
40,0.9829995984993009,0.9829995984993009,0.2733461859998246,0.4218729724819594,33.65520028481505,-0.0128070008909655,pid,sidecar:trace.csv.future.jsonl:40,,100
41,0.9823740974924196,0.9823740974924196,0.2755280465121247,0.4156794324990337,33.645373681057464,-0.0876459384495089,pid,sidecar:trace.csv.future.jsonl:41,,100
42,0.9805936345655452,0.9805936345655452,0.2774444280098906,0.4094857265228073,33.638457015861704,-0.0759239025904162,pid,sidecar:trace.csv.future.jsonl:42,,100
43,0.9768409063244464,0.9768409063244464,0.277689029852134,0.401738042119206,33.64081556319291,0.0028193685153314,pid,sidecar:trace.csv.future.jsonl:43,,100
44,0.9694934009967991,0.9694934009967991,0.2766767077630289,0.3938856066986994,33.640735811082955,0.0176980742434908,pid,sidecar:trace.csv.future.jsonl:44,,100
45,0.9593378717353104,0.9593378717353104,0.2791917751286722,0.3858876456517803,33.636110075171324,-0.0445532225336679,pid,sidecar:trace.csv.future.jsonl:45,,100
46,0.9563531205207432,0.9563531205207432,0.2828452882560783,0.3776971022207102,33.636283430572995,-0.0008953036001801,pid,sidecar:trace.csv.future.jsonl:46,,100
47,0.9555821536445844,0.9555821536445844,0.2887751319895727,0.36950629510223737,33.6256753170664,-0.0337493303238202,pid,sidecar:trace.csv.future.jsonl:47,,100
48,0.959805023761181,0.959805023761181,0.2832280595533997,0.361461688900007,33.62275226148448,-0.01295097505085,pid,sidecar:trace.csv.future.jsonl:48,,100
49,0.9401465642115588,0.9401465642115588,0.2862563344913217,0.3534233761916704,33.615324920203534,-0.060321615970125,pid,sidecar:trace.csv.future.jsonl:49,,100
50,0.936562059691202,0.936562059691202,0.2895757471420925,0.3436370774016219,33.60975670261897,-0.0484105033311505,pid,sidecar:trace.csv.future.jsonl:50,,100
51,0.9314206330604492,0.9314206330604492,0.2856321351897817,0.33156025138827117,33.61257369259475,0.0090057331139934,pid,sidecar:trace.csv.future.jsonl:51,,100
52,0.9111837330570666,0.9111837330570666,0.2733471136375373,0.31948292228605346,33.61474238948256,-0.003507277885872,pid,sidecar:trace.csv.future.jsonl:52,,100
53,0.8744806771807574,0.8744806771807574,0.2639724072176482,0.30797824203070084,33.6310706438621,0.101786896216282,pid,sidecar:trace.csv.future.jsonl:53,,100
54,0.8436483842390793,0.8436483842390793,0.262629567644574,0.296501724244754,33.627716467924195,0.0392405693261891,pid,sidecar:trace.csv.future.jsonl:54,,100
55,0.8251624395114685,0.8251624395114685,0.2350956384595942,0.2807535348540031,33.62939436216317,0.0579091332893275,pid,sidecar:trace.csv.future.jsonl:55,,100
56,0.7475194362244987,0.7475194362244987,0.2229829446426595,0.25933545919902257,33.631312300972404,0.0218726941785735,pid,sidecar:trace.csv.future.jsonl:56,,100
57,0.7016215909793354,0.7016215909793354,0.2185118213719779,0.23791614641785108,33.638276814195024,0.0401814615966941,pid,sidecar:trace.csv.future.jsonl:57,,100
58,0.6769279213065456,0.6769279213065456,0.2128960400293743,0.22224354701082719,33.639849181648785,0.0391416985204084,pid,sidecar:trace.csv.future.jsonl:58,,100
59,0.6503341737796666,0.6503341737796666,0.1828498312683286,0.207002295785555,33.63784286163287,-0.000707631657863,pid,sidecar:trace.csv.future.jsonl:59,,100
60,0.5703352005306995,0.5703352005306995,0.1734298998531505,0.1873102902262196,33.633581573745865,-0.0374594188331465,pid,sidecar:trace.csv.future.jsonl:60,,100
61,0.5268038680744593,0.5268038680744593,0.1273850292351077,0.16246790254427965,33.64452909847544,0.0454970801738642,pid,sidecar:trace.csv.future.jsonl:61,,100
62,0.410801538627868,0.410801538627868,0.0998412813584251,0.13762447265463332,33.646022276095884,0.0423475245525191,pid,sidecar:trace.csv.future.jsonl:62,,100
63,0.3404856491280307,0.3404856491280307,0.092487573760183,0.12148177315438465,33.63317401926288,-0.095262965240705,pid,sidecar:trace.csv.future.jsonl:63,,100
64,0.3106341333067343,0.3106341333067343,0.038677762982669,0.10601017361418419,33.63780820117474,-0.0275535695997916,pid,sidecar:trace.csv.future.jsonl:64,,100
65,0.1895507567447085,0.1895507567447085,0.0382732157868508,0.08993192241460024,33.63017878050374,-0.0659619005558451,pid,sidecar:trace.csv.future.jsonl:65,,100
66,0.1719635090566191,0.1719635090566191,0.0021336157313992,0.07312717348821914,33.6328493657325,0.0136059350829016,pid,sidecar:trace.csv.future.jsonl:66,,100
67,0.0848772130368339,0.0848772130368339,0.004621780613079,0.056322209959313294,33.63904280127819,0.0399106130553594,pid,sidecar:trace.csv.future.jsonl:67,,100
68,0.070218447495999,0.070218447495999,0.0081241718097686,0.03682564977312266,33.63986132110495,-0.0003443369318292,pid,sidecar:trace.csv.future.jsonl:68,,100
69,0.0573244859855111,0.0573244859855111,0.0001618651579725,0.017119111577626276,33.64711250325824,0.0819410937010741,pid,sidecar:trace.csv.future.jsonl:69,,100
70,0.0235351491597513,0.0235351491597513,-0.0019515803597511,-0.0011863188563766144,33.6406897699555,0.0035113266500535,pid,sidecar:trace.csv.future.jsonl:70,,100
71,0.0029522049090667,0.0029522049090667,0.0038348039957285,-0.01765998866509998,33.641537133559986,-0.0072596200905994,pid,sidecar:trace.csv.future.jsonl:71,,100
72,-0.0022688316913747,-0.0022688316913747,-0.0103056390163333,-0.03413360867334431,33.65155534957935,0.0302752387419727,pid,sidecar:trace.csv.future.jsonl:72,,100
73,-0.0386576771595068,-0.0386576771595068,-0.0293963193895663,-0.043018767819666334,33.656761358715585,0.0540876776799499,pid,sidecar:trace.csv.future.jsonl:73,,100
74,-0.0841322823414378,-0.0841322823414378,-0.0242344716228861,-0.05136542597279242,33.64438219112654,-0.0248987404874813,pid,sidecar:trace.csv.future.jsonl:74,,100
75,-0.0808120813327486,-0.0808120813327486,-0.0196674887339397,-0.05809142309802443,33.641410584877654,-0.0577570436921097,pid,sidecar:trace.csv.future.jsonl:75,,100
76,-0.0765571945884414,-0.0765571945884414,-0.0237650821521391,-0.06271331820839852,33.6483523924739,0.030633569839353,pid,sidecar:trace.csv.future.jsonl:76,,100
77,-0.0891596562869796,-0.0891596562869796,-0.0336069425380152,-0.06733519939751721,33.656582701259424,0.0728434428629105,pid,sidecar:trace.csv.future.jsonl:77,,100
78,-0.1172691492061953,-0.1172691492061953,-0.0325352769519651,-0.07628676566776557,33.65813404660512,0.0333217320944878,pid,sidecar:trace.csv.future.jsonl:78,,100
79,-0.1243220481657977,-0.1243220481657977,-0.0242698033339899,-0.08544214446325182,33.64752255765389,-0.1067355242932389,pid,sidecar:trace.csv.future.jsonl:79,,100
80,-0.1176822504532899,-0.1176822504532899,-0.0191073265969487,-0.0948707804392084,33.66086067647546,0.0272606961004379,pid,sidecar:trace.csv.future.jsonl:80,,100
81,-0.1174223432750768,-0.1174223432750768,-0.0086313332833143,-0.10466846442744089,33.647966053584426,-0.0441577658600931,pid,sidecar:trace.csv.future.jsonl:81,,100
82,-0.1068475340975412,-0.1068475340975412,-0.008593028214652,-0.11446604399905791,33.655371822691684,0.0384482614190668,pid,sidecar:trace.csv.future.jsonl:82,,100
83,-0.1113416198618786,-0.1113416198618786,0.0057903339024859,-0.1190276033983222,33.67287673502032,0.11575665025889,pid,sidecar:trace.csv.future.jsonl:83,,100
84,-0.0876428685811169,-0.0876428685811169,0.0180860544189723,-0.12331925307357891,33.68253196196661,0.1006779700614573,pid,sidecar:trace.csv.future.jsonl:84,,100
85,-0.066367544062446,-0.066367544062446,0.0203761090171511,-0.12596683703448075,33.66979913934625,-0.0086025014202449,pid,sidecar:trace.csv.future.jsonl:85,,100
86,-0.062397650692203,-0.062397650692203,0.0225806387371725,-0.12644104947309648,33.656275790149614,-0.1042641536888259,pid,sidecar:trace.csv.future.jsonl:86,,100
87,-0.0585800066376875,-0.0585800066376875,0.0230696482906781,-0.12691526161620612,33.65854733866879,-0.0375399829123619,pid,sidecar:trace.csv.future.jsonl:87,,100
88,-0.0570944247000833,-0.0570944247000833,0.0231717975113011,-0.12639132830069671,33.66787238896972,0.0497156503253693,pid,sidecar:trace.csv.future.jsonl:88,,100
89,-0.056302818853374,-0.056302818853374,0.0251924993512051,-0.12579225201889946,33.662066025422725,-0.0025212404520531,pid,sidecar:trace.csv.future.jsonl:89,,100
90,-0.0523984111183623,-0.0523984111183623,0.025593342354455,-0.12580140665464382,33.645824098890365,-0.1088884696052548,pid,sidecar:trace.csv.future.jsonl:90,,100
91,-0.0523406692269776,-0.0523406692269776,0.0251860741387889,-0.12653248945377527,33.653315076970905,-0.0163790024062655,pid,sidecar:trace.csv.future.jsonl:91,,100
92,-0.0538537813672364,-0.0538537813672364,0.0292098248051481,-0.12726357155004636,33.66219982163114,0.0473906463878695,pid,sidecar:trace.csv.future.jsonl:92,,100
93,-0.0448356248826344,-0.0448356248826344,0.0288623215363114,-0.12607578918505394,33.66097991938574,0.054201521865407,pid,sidecar:trace.csv.future.jsonl:93,,100
94,-0.0441816359107721,-0.0441816359107721,0.0318894504067564,-0.12474140070867366,33.658043036059006,0.0001378362466506,pid,sidecar:trace.csv.future.jsonl:94,,100
95,-0.0363480599417132,-0.0363480599417132,0.0339690911841056,-0.12280035513776508,33.658115685389305,-0.0303772227556431,pid,sidecar:trace.csv.future.jsonl:95,,100
96,-0.0295986178301143,-0.0295986178301143,0.0359876165024561,-0.1200890598215415,33.65152666923141,-0.0226048352923649,pid,sidecar:trace.csv.future.jsonl:96,,100
97,-0.0229754556059222,-0.0229754556059222,0.0374850358572254,-0.11737775533075054,33.641082441184274,-0.0576536562215887,pid,sidecar:trace.csv.future.jsonl:97,,100
98,-0.0180239473645808,-0.0180239473645808,0.0374990002885833,-0.11532967097535182,33.63472872718886,-0.0707489657809792,pid,sidecar:trace.csv.future.jsonl:98,,100
99,-0.0159983567850293,-0.0159983567850293,0.0368943701489112,-0.11332945541614449,33.63370196567556,-0.0429487536292697,pid,sidecar:trace.csv.future.jsonl:99,,100
100,-0.0176365489509296,0.024437927663734094,-0.10873950820723749,-0.11380118726440701,33.63961519611496,0.0433645300577389,pid,sidecar:trace.csv.future.jsonl:100,,100
101,-0.0173839330634307,0.04398826979472137,-0.11882195570116245,-0.11745177007388868,33.62415080281644,-0.0817006007793591,pid,sidecar:trace.csv.future.jsonl:101,,100
102,-0.0156422164966379,0.014662756598240456,-0.12944356359416104,-0.12110233661641315,33.64021548774281,0.028455778780371,pid,sidecar:trace.csv.future.jsonl:102,,100
103,-0.0108099962790949,0.06353861192570864,-0.12808429789200546,-0.12006703438284518,33.641139996977664,0.0077186422978103,pid,sidecar:trace.csv.future.jsonl:103,,100
104,-0.0082866032027598,-0.11241446725317683,-0.14003850917356994,-0.11867474326566384,33.641143798329786,0.0221770860360803,pid,sidecar:trace.csv.future.jsonl:104,,100
105,-0.0140975532744442,-0.24926686217008776,-0.10850331594178418,-0.11272941937435146,33.64317066991678,0.0234135665338959,pid,sidecar:trace.csv.future.jsonl:105,,100
106,-0.0134748948310591,-0.3372434017595305,-0.05638512878803763,-0.10084202916578835,33.625624072350845,-0.13947571036821,pid,sidecar:trace.csv.future.jsonl:106,,100
107,-0.0028147993487404,-0.3079178885630496,-0.0016496885386727998,-0.08895449086643001,33.6225970675195,-0.1038429850420977,pid,sidecar:trace.csv.future.jsonl:107,,100
108,0.0035162432854759,-0.3176930596285432,0.03145625148514152,-0.08635437346812559,33.606333769426726,-0.1211688398933183,pid,sidecar:trace.csv.future.jsonl:108,,100
109,0.0086441537439037,-0.2590420332355814,0.06498750345898305,-0.0842198003579303,33.60975435517986,-0.0244751310128875,pid,sidecar:trace.csv.future.jsonl:109,,100
110,-0.0013565554993909,-0.12218963831867047,0.08179736809302152,-0.08590730630065047,33.622507055554145,0.0731760984202659,pid,sidecar:trace.csv.future.jsonl:110,,100
111,-0.0058035538579204,0.014662756598240456,0.0697329207052624,-0.09261730077285887,33.61807272156204,-0.0071206435380993,pid,sidecar:trace.csv.future.jsonl:111,,100
112,-0.0191779758159189,0.11241446725317683,0.03752777162401097,-0.09932725191050662,33.614128526398034,0.0193300347047253,pid,sidecar:trace.csv.future.jsonl:112,,100
113,-0.0230208955750812,0.16129032258064502,0.0015957765280129564,-0.10381808601351585,33.61259549576124,-0.0071388966800493,pid,sidecar:trace.csv.future.jsonl:113,,100
114,-0.0307750434348402,0.19061583577712593,-0.031036735938069056,-0.10819674850010685,33.6175203568979,0.0142798156946438,pid,sidecar:trace.csv.future.jsonl:114,,100
115,-0.0377965566276282,0.20039100684261957,-0.062040643094743705,-0.11183215397914621,33.61052082176148,-0.0312377848448767,pid,sidecar:trace.csv.future.jsonl:115,,100
116,-0.0404910237938746,0.09286412512218956,-0.08982592718593145,-0.11447264437981315,33.608872023958966,-0.0116930586623669,pid,sidecar:trace.csv.future.jsonl:116,,100
117,-0.044428966525305,0.024437927663734094,-0.0895064978405252,-0.11711312648597233,33.61431023180126,0.0485260896730091,pid,sidecar:trace.csv.future.jsonl:117,,100
118,-0.0347653724038865,-0.004887585532746819,-0.07884786367652817,-0.1150490417603851,33.61861532559946,0.0396959837461571,pid,sidecar:trace.csv.future.jsonl:118,,100
119,-0.0310322570936764,-0.014662756598240456,-0.0726292466309377,-0.1126509928174784,33.61334665880799,-0.0087278699569512,pid,sidecar:trace.csv.future.jsonl:119,,100
120,-0.0282445143787727,-0.09286412512218956,-0.07045138134131987,-0.10974658767891056,33.610154984409014,-0.0376579517877831,pid,sidecar:trace.csv.future.jsonl:120,,100
121,-0.0275024697448023,-0.06353861192570864,-0.05203941670479552,-0.10618656303377905,33.615816691436905,0.0224406006743492,pid,sidecar:trace.csv.future.jsonl:121,,100
122,-0.0112441606541326,-0.024437927663734094,-0.04448151366329337,-0.10262652440275566,33.61042366898032,-0.0339715874881271,pid,sidecar:trace.csv.future.jsonl:122,,100
123,-0.0127477137756066,-0.03421309872922773,-0.04977085580053831,-0.10656598152901303,33.631293849265575,0.1151209897947178,pid,sidecar:trace.csv.future.jsonl:123,,100
124,-0.0165518233937932,-0.004887585532746819,-0.049308862122800036,-0.11107472103166537,33.62944521249889,0.0358909903410145,pid,sidecar:trace.csv.future.jsonl:124,,100
125,-0.0201917348747283,-0.014662756598240456,-0.05520390110448398,-0.117078536109255,33.628667864067594,0.0068248164726373,pid,sidecar:trace.csv.future.jsonl:125,,100
126,-0.0221664253270645,0.004887585532746819,-0.056593767238201066,-0.1249624358541083,33.646093398331764,0.116037103703534,pid,sidecar:trace.csv.future.jsonl:126,,100
127,-0.0119303690249219,-0.014662756598240456,-0.05918476580916655,-0.1328462548773632,33.65494441591066,0.1096356987900176,pid,sidecar:trace.csv.future.jsonl:127,,100
128,-0.0142153120055861,-0.024437927663734094,-0.057181991819484,-0.13652917902991715,33.6543284414966,0.0633617200392037,pid,sidecar:trace.csv.future.jsonl:128,,100
129,-0.0169046661833232,-0.07331378299120228,-0.054507413518414365,-0.13989954817937858,33.64188205843046,-0.0697121127714786,pid,sidecar:trace.csv.future.jsonl:129,,100
130,-0.0179915508790774,-0.11241446725317683,-0.0418136081824474,-0.14187308777433183,33.639310672746014,-0.0256700744272051,pid,sidecar:trace.csv.future.jsonl:130,,100
131,-0.0170908919146557,-0.1026392961876832,-0.024068244466966177,-0.1422074496568458,33.64160582105296,0.0076972890136698,pid,sidecar:trace.csv.future.jsonl:131,,100
132,-0.006691928457558,-0.15151515151515138,-0.012264857983346875,-0.1425418113741222,33.64423099286055,0.0206334775083905,pid,sidecar:trace.csv.future.jsonl:132,,100
133,-0.0059225342779891,-0.20039100684261957,0.00937709016712363,-0.1429716623377664,33.63146602512495,-0.1033444214765056,pid,sidecar:trace.csv.future.jsonl:133,,100
134,-0.0073945604119056,-0.23949169110459412,0.03803927677955234,-0.14340873751082023,33.64048238624123,0.0170261633667866,pid,sidecar:trace.csv.future.jsonl:134,,100
135,0.0085306351889221,-0.19061583577712593,0.07316758729668012,-0.14322043256726683,33.64944619491993,0.0516464351077939,pid,sidecar:trace.csv.future.jsonl:135,,100
136,0.0106272311172205,-0.19061583577712593,0.08956561078416117,-0.14221216333766348,33.6606525333441,0.0783217946471781,pid,sidecar:trace.csv.future.jsonl:136,,100
137,0.0199566745601445,-0.20039100684261957,0.10946834203862743,-0.1412038926054591,33.66382619835352,0.0531691191818991,pid,sidecar:trace.csv.future.jsonl:137,,100
138,0.031023073496364,-0.19061583577712593,0.13606371351524402,-0.14090010858104565,33.664577483775766,0.0320800642508039,pid,sidecar:trace.csv.future.jsonl:138,,100
139,0.0253235638506517,-0.1808406647116323,0.15656485202712134,-0.14062932664417077,33.676356607798176,0.1067289773716148,pid,sidecar:trace.csv.future.jsonl:139,,100
140,0.0201741700373949,-0.29814271749755594,0.17372688921154758,-0.14120588088955915,33.68939417977814,0.1129154638725034,pid,sidecar:trace.csv.future.jsonl:140,,100
141,0.0255928989320032,-0.2590420332355814,0.2227357999145653,-0.1428761961003142,33.686321448047735,0.0254810017164074,pid,sidecar:trace.csv.future.jsonl:141,,100
142,0.0245575124500098,-0.19061583577712593,0.25190063386654915,-0.1445465071681183,33.68759151295785,0.0107831696397495,pid,sidecar:trace.csv.future.jsonl:142,,100
143,0.03128318995644,-0.15151515151515138,0.2632018508572878,-0.14999465320141678,33.69347629744251,0.0638125497163601,pid,sidecar:trace.csv.future.jsonl:143,,100
144,0.0262772578763678,0.004887585532746819,0.2714478247184118,-0.15566220845138143,33.694228297642944,-0.0007131928818876,pid,sidecar:trace.csv.future.jsonl:144,,100
145,0.0262500278429799,0.053763440860215006,0.24903336295776402,-0.15487254622956195,33.69579465168002,-0.0084248764993705,pid,sidecar:trace.csv.future.jsonl:145,,100
146,0.0586758208583235,0.053763440860215006,0.23889790385394502,-0.14549745502530298,33.68637039841669,-0.053581362819821,pid,sidecar:trace.csv.future.jsonl:146,,100
147,0.0764351112169933,-0.04398826979472137,0.24281503681801134,-0.13612223090720907,33.68565491911126,-0.0415158965516485,pid,sidecar:trace.csv.future.jsonl:147,,100
148,0.0891990488227728,-0.09286412512218956,0.2727682331217919,-0.13138043921633819,33.68308114189493,-0.0350540927824043,pid,sidecar:trace.csv.future.jsonl:148,,100
149,0.0976649619433193,-0.06353861192570864,0.3058210023057788,-0.1269334144005804,33.67087664334209,-0.083535472357618,pid,sidecar:trace.csv.future.jsonl:149,,100
150,0.0889998433958899,0.1026392961876832,0.31871929185804815,-0.1257906670447967,33.66509058679346,-0.0906754413527643,pid,sidecar:trace.csv.future.jsonl:150,,100
151,0.0881486033460093,0.2590420332355814,0.2915385800522689,-0.12879830964911196,33.67984371142952,0.0290185391168422,pid,sidecar:trace.csv.future.jsonl:151,,100
152,0.0772609863964154,0.32746823069403685,0.24075270024805498,-0.1318059401447212,33.68676030584716,0.056648615334199,pid,sidecar:trace.csv.future.jsonl:152,,100
153,0.0529382888940667,0.29814271749755594,0.19126297422175667,-0.134356665857853,33.69371454347548,0.0793723734990411,pid,sidecar:trace.csv.future.jsonl:153,,100
154,0.0537368306515305,0.16129032258064502,0.16618430990769165,-0.13687253434843716,33.69922742774519,0.0606209815014253,pid,sidecar:trace.csv.future.jsonl:154,,100
155,0.0549109101431461,0.07331378299120228,0.17674270294251163,-0.13487687848228253,33.70566429673691,0.0508671966404326,pid,sidecar:trace.csv.future.jsonl:155,,100
156,0.0610454026747445,0.08308895405669592,0.1961950346157056,-0.1275068858150273,33.700909014961326,-0.0097004618339527,pid,sidecar:trace.csv.future.jsonl:156,,100
157,0.0545742582463783,0.17106549364613866,0.1960244729369609,-0.12013682116850508,33.69351991516,-0.0417957904454997,pid,sidecar:trace.csv.future.jsonl:157,,100
158,0.0629128354011195,0.29814271749755594,0.1730395617255568,-0.11478497479545133,33.694377455394964,-0.0038027497153037,pid,sidecar:trace.csv.future.jsonl:158,,100
159,0.0684202075055267,0.29814271749755594,0.12858357976923926,-0.10958766371180934,33.69588839402083,-0.0124642718347127,pid,sidecar:trace.csv.future.jsonl:159,,100
160,0.0322188146426746,0.2590420332355814,0.0904073895546346,-0.10672531582250074,33.69692801036815,-0.0073026376834893,pid,sidecar:trace.csv.future.jsonl:160,,100
161,0.0370216975301418,0.2590420332355814,0.07252098869758021,-0.10661246765223219,33.694063783444385,0.0004457967516858,pid,sidecar:trace.csv.future.jsonl:161,,100
162,0.0250836574420596,0.1026392961876832,0.04975683848464078,-0.1064996194678532,33.700647064254284,0.0384229310651578,pid,sidecar:trace.csv.future.jsonl:162,,100
163,0.0303905975959714,-0.014662756598240456,0.06486202666345826,-0.10047472364788,33.69124666274985,-0.0711761304067996,pid,sidecar:trace.csv.future.jsonl:163,,100
164,0.0415105767148945,-0.08308895405669592,0.09728590141695592,-0.09397707694835174,33.67674057763538,-0.1118266511391075,pid,sidecar:trace.csv.future.jsonl:164,,100
165,0.0045329388550814,-0.08308895405669592,0.11732015386209776,-0.09375266362682436,33.665073961750586,-0.1088978368065464,pid,sidecar:trace.csv.future.jsonl:165,,100
166,-0.0175765674661185,-0.053763440860215006,0.12239861628227315,-0.1017669872456498,33.667742277198215,-0.0181933209834682,pid,sidecar:trace.csv.future.jsonl:166,,100
167,-0.0427336409277055,-0.07331378299120228,0.11459326513505486,-0.10978124293695028,33.66198430743114,-0.0511078188480562,pid,sidecar:trace.csv.future.jsonl:167,,100
168,-0.0492928804865466,-0.06353861192570864,0.11595251485788757,-0.11775130968888953,33.65195280643182,-0.0648807694003082,pid,sidecar:trace.csv.future.jsonl:168,,100
169,-0.0582424709816686,-0.06353861192570864,0.1145117412470079,-0.12571928514031777,33.65163713061274,-0.0087781777517161,pid,sidecar:trace.csv.future.jsonl:169,,100
170,-0.0696861724120364,-0.14173998044965774,0.11127956723255028,-0.13123220622989237,33.65052098579206,-0.0104185077410303,pid,sidecar:trace.csv.future.jsonl:170,,100
171,-0.0654281179170978,-0.20039100684261957,0.13001347537867883,-0.13349459775775924,33.63084049226384,-0.137791917635882,pid,sidecar:trace.csv.future.jsonl:171,,100
172,-0.0638660084124533,-0.20039100684261957,0.1565865899391566,-0.13575698218428753,33.60526470523751,-0.1880787526616705,pid,sidecar:trace.csv.future.jsonl:172,,100
173,-0.0620247376369843,-0.1319648093841641,0.17387597351240988,-0.13127111996353427,33.60882785774765,-0.0287512336541716,pid,sidecar:trace.csv.future.jsonl:173,,100
174,-0.0614633774243741,-0.06353861192570864,0.17138689717057873,-0.12647952847533192,33.60755637393628,-0.0273524124292681,pid,sidecar:trace.csv.future.jsonl:174,,100
175,-0.0564371178574156,-0.12218963831867047,0.15949741902278564,-0.11699606842926587,33.6035903109546,-0.03511876467701,pid,sidecar:trace.csv.future.jsonl:175,,100
176,-0.0338386363274118,-0.06353861192570864,0.1765097526387233,-0.10144960793900211,33.58421387901094,-0.126517680737488,pid,sidecar:trace.csv.future.jsonl:176,,100
177,-0.0193849486068603,-0.04398826979472137,0.17895532079904303,-0.08590289263123718,33.58596358521357,-0.0687226605054039,pid,sidecar:trace.csv.future.jsonl:177,,100
178,-0.0223343553912603,-0.03421309872922773,0.1755832889437664,-0.08746108435021312,33.58325737882174,-0.056898135162707,pid,sidecar:trace.csv.future.jsonl:178,,100
179,-0.0548474821555508,0.04398826979472137,0.16632242561678925,-0.09037717092237676,33.585783089960245,-0.0070453898801014,pid,sidecar:trace.csv.future.jsonl:179,,100
180,-0.0705702373742189,0.06353861192570864,0.139288069543465,-0.09643277279931703,33.57995247426372,-0.0212716865712015,pid,sidecar:trace.csv.future.jsonl:180,,100
181,-0.0817983629603078,0.024437927663734094,0.11540585108067984,-0.10670225924140729,33.58561183029762,0.0137953566209366,pid,sidecar:trace.csv.future.jsonl:181,,100
182,-0.0923472608678614,-0.024437927663734094,0.106150427100843,-0.11697162873905051,33.57666909442456,-0.0578902146859073,pid,sidecar:trace.csv.future.jsonl:182,,100
183,-0.096032410955551,-0.06353861192570864,0.10692130359249417,-0.12291804108829504,33.56062587881912,-0.1033513856180809,pid,sidecar:trace.csv.future.jsonl:183,,100
184,-0.1010512805133658,-0.04398826979472137,0.11040476179942739,-0.12854107034621243,33.55186997543896,-0.0814867496381073,pid,sidecar:trace.csv.future.jsonl:184,,100
185,-0.1075293743747903,-0.07331378299120228,0.1021609496098185,-0.13356232235521542,33.556841768454795,-0.0079517016038779,pid,sidecar:trace.csv.future.jsonl:185,,100
186,-0.1122767713874517,-0.07331378299120228,0.10037523616069811,-0.13787268825557566,33.55564484258417,-0.0220158963634945,pid,sidecar:trace.csv.future.jsonl:186,,100
187,-0.1183690145747766,-0.06353861192570864,0.09630725462748296,-0.14218302753326428,33.541878995055406,-0.0468803786433123,pid,sidecar:trace.csv.future.jsonl:187,,100
188,-0.1282252968344198,-0.1026392961876832,0.08672803087551421,-0.1499134142099151,33.54515886974022,-0.0140636611381801,pid,sidecar:trace.csv.future.jsonl:188,,100
189,-0.1327458648118675,-0.14173998044965774,0.08758728349926632,-0.1579060093667366,33.54211876342962,-0.0416779968310007,pid,sidecar:trace.csv.future.jsonl:189,,100
190,-0.1461773138896548,-0.11241446725317683,0.09262132771450113,-0.16152683738198675,33.537881935742696,-0.0585561921255978,pid,sidecar:trace.csv.future.jsonl:190,,100
191,-0.1328492785031548,-0.15151515151515138,0.08966667420524796,-0.16002080056615778,33.52483446154687,-0.0883449655721743,pid,sidecar:trace.csv.future.jsonl:191,,100
192,-0.1276330086431628,-0.1319648093841641,0.09750002965383708,-0.1585147599778538,33.50801675954586,-0.1658855320220567,pid,sidecar:trace.csv.future.jsonl:192,,100
193,-0.1312490280036448,-0.14173998044965774,0.09663078302856462,-0.16156217232919112,33.50020122245286,-0.1261520310793112,pid,sidecar:trace.csv.future.jsonl:193,,100
194,-0.1306736603122956,-0.15151515151515138,0.09797937438672465,-0.16495684508006167,33.48275692036813,-0.1639880656186217,pid,sidecar:trace.csv.future.jsonl:194,,100
195,-0.1357971671904886,-0.11241446725317683,0.10076028768790027,-0.17290517865375896,33.47415567113188,-0.0738657959422667,pid,sidecar:trace.csv.future.jsonl:195,,100
196,-0.1488204511868489,-0.09286412512218956,0.08996462400377647,-0.18699678650346668,33.48411926556322,0.0185315455447692,pid,sidecar:trace.csv.future.jsonl:196,,100
197,-0.1533959209296475,-0.1808406647116323,0.07772300881926131,-0.20108800837443158,33.484051081295604,-0.0072552459051812,pid,sidecar:trace.csv.future.jsonl:197,,100
198,-0.156055661248099,-0.24926686217008776,0.09103782663278474,-0.21654370262860384,33.48451502984019,0.0204434546675766,pid,sidecar:trace.csv.future.jsonl:198,,100
199,-0.1704324637567915,-0.26881720430107503,0.11111807091834326,-0.23207431595370495,33.483711762666424,0.0181025738587464,pid,sidecar:trace.csv.future.jsonl:199,,100
200,-0.1845140035330653,-0.27859237536656867,0.12318957886185099,-0.24536668843362927,33.4977156896609,0.0754562153234907,pid,sidecar:trace.csv.future.jsonl:200,,100
201,-0.1890778782038661,-0.21994134897360684,0.13317087919096746,-0.2557485134591226,33.497894348054885,0.0187556108279327,pid,sidecar:trace.csv.future.jsonl:201,,100
202,-0.2045870942792645,-0.1808406647116323,0.12445174893881326,-0.26613005186499716,33.49205680513515,-0.0027110869957855,pid,sidecar:trace.csv.future.jsonl:202,,100
203,-0.2367686944226779,-0.2101661779081132,0.10480636873132052,-0.28130362869253317,33.48660403269111,-0.0162637194594147,pid,sidecar:trace.csv.future.jsonl:203,,100
204,-0.2701086775899794,-0.22971652003910048,0.09446410295379182,-0.29669163405627563,33.49624116258849,0.0401665073146126,pid,sidecar:trace.csv.future.jsonl:204,,100
205,-0.2730507571386634,-0.20039100684261957,0.09227628562206909,-0.3116468485350041,33.48510057456849,-0.0578492778704683,pid,sidecar:trace.csv.future.jsonl:205,,100
206,-0.3124589700951056,-0.26881720430107503,0.07218953809996749,-0.32603844024067496,33.48305936712308,-0.0247309805921425,pid,sidecar:trace.csv.future.jsonl:206,,100
207,-0.4509363499839485,-0.2590420332355814,0.040387468140460195,-0.34042932950920257,33.49589245776178,0.0537402110105846,pid,sidecar:trace.csv.future.jsonl:207,,100
208,-0.5176567079172626,-0.32746823069403685,-4.907711434915668e-05,-0.35514662391079654,33.49638048322956,-0.0087089679402449,pid,sidecar:trace.csv.future.jsonl:208,,100
209,-0.5549996467288785,-0.3372434017595305,-0.022442659026918915,-0.369886845804472,33.50179791330279,0.0322597539002752,pid,sidecar:trace.csv.future.jsonl:209,,100
210,-0.6347799749575694,-0.45454545454545414,-0.060489635955614324,-0.38232734732209167,33.500540805195,0.0229896379636862,pid,sidecar:trace.csv.future.jsonl:210,,100
211,-0.7894249393369285,-0.5425219941348978,-0.10299055121067906,-0.39170372077380705,33.50852021598404,0.0400625694631362,pid,sidecar:trace.csv.future.jsonl:211,,100
212,-0.7926840641433966,-0.698924731182796,-0.11795605962679849,-0.40107973582722717,33.51736811843952,0.0570319184492765,pid,sidecar:trace.csv.future.jsonl:212,,100
213,-0.8014589581958288,-0.7380254154447705,-0.1027563056392479,-0.40392721861889286,33.515275394231665,0.0206153882698699,pid,sidecar:trace.csv.future.jsonl:213,,100
214,-0.8392569452371731,-0.7380254154447705,-0.10487019993439897,-0.4063099911844586,33.52153663611166,0.0924171541045983,pid,sidecar:trace.csv.future.jsonl:214,,100
215,-0.9643549939269336,-0.6891495601173023,-0.14519803774386786,-0.4088476164977885,33.53187674055117,0.0868882969846382,pid,sidecar:trace.csv.future.jsonl:215,,100
216,-0.9689523331527996,-0.7184750733137832,-0.18740170525454833,-0.4115649693025527,33.5330704716795,0.0538589488505528,pid,sidecar:trace.csv.future.jsonl:216,,100
217,-1.0274372771369291,-0.8748778103616814,-0.22527264412003575,-0.41428229047343623,33.54016247961793,0.0660268618076622,pid,sidecar:trace.csv.future.jsonl:217,,100
218,-1.052951066102808,-0.9824046920821115,-0.22603918889824706,-0.4139733709378933,33.556289083101355,0.1193655199063212,pid,sidecar:trace.csv.future.jsonl:218,,100
219,-1.0752181732787964,-1.0801564027370478,-0.21627653478425782,-0.4134515506513809,33.55891003814067,0.0531861305698448,pid,sidecar:trace.csv.future.jsonl:219,,100
220,-1.068663595734196,-1.129032258064516,-0.19579699310878299,-0.41186748982687804,33.55936496365238,0.0343627347227689,pid,sidecar:trace.csv.future.jsonl:220,,100
221,-1.0747969280844527,-1.0899315738025415,-0.17877578857343718,-0.4090525111865549,33.564105164947456,0.0492980958998359,pid,sidecar:trace.csv.future.jsonl:221,,100
222,-1.0815874177639655,-1.050830889540567,-0.1821925659514786,-0.40623749880567633,33.57079399928998,0.0482030755559558,pid,sidecar:trace.csv.future.jsonl:222,,100
223,-1.0758693260321297,-1.021505376344086,-0.1918689699588134,-0.40238206955389044,33.57218098891432,0.0281590920029215,pid,sidecar:trace.csv.future.jsonl:223,,100
224,-1.0841135013931915,-0.9824046920821115,-0.20523395564299238,-0.3984391002661457,33.575454209830184,0.0278483503123709,pid,sidecar:trace.csv.future.jsonl:224,,100
225,-1.0917508354552163,-1.0019550342130987,-0.22479656207586055,-0.3961360689740084,33.580614586998536,0.0620741510839687,pid,sidecar:trace.csv.future.jsonl:225,,100
226,-1.0920690267497568,-1.0801564027370478,-0.23355411088192285,-0.3960152247069148,33.590671825534685,0.0742069029613663,pid,sidecar:trace.csv.future.jsonl:226,,100
227,-1.093182432698182,-1.0899315738025415,-0.22289091919798018,-0.3958943803796298,33.59646770399934,0.0465012420722348,pid,sidecar:trace.csv.future.jsonl:227,,100
228,-1.1016642057197734,-1.1192570869990224,-0.21979485785096647,-0.3947829629920746,33.59872817863505,0.0502329559000748,pid,sidecar:trace.csv.future.jsonl:228,,100
229,-1.094810733691724,-1.2072336265884651,-0.21214425652202654,-0.39361046598039995,33.60757581940112,0.062748402043995,pid,sidecar:trace.csv.future.jsonl:229,,100
230,-1.0946975058560462,-1.1192570869990224,-0.1864644112575174,-0.3933711247988369,33.605009129217706,0.0062805303316783,pid,sidecar:trace.csv.future.jsonl:230,,100
231,-1.043593802719396,-1.1192570869990224,-0.1794652679323199,-0.39439056380166315,33.603156264191874,-0.02334925083938,pid,sidecar:trace.csv.future.jsonl:231,,100
232,-1.0499241080900523,-1.099706744868035,-0.1753851337360541,-0.39540999853858055,33.61103718967286,0.052108477531111,pid,sidecar:trace.csv.future.jsonl:232,,100
233,-1.0487645990794834,-1.0117302052785924,-0.17323792364494311,-0.4024627435519026,33.63182706464103,0.1134582327281927,pid,sidecar:trace.csv.future.jsonl:233,,100
234,-0.94045612020118,-1.0117302052785924,-0.16419809391356582,-0.4098063570027288,33.63540166179775,0.0570929741736109,pid,sidecar:trace.csv.future.jsonl:234,,100
235,-0.887435875647956,-0.9824046920821115,-0.14316219344163478,-0.41913928189252475,33.64414963538487,0.0831188567552342,pid,sidecar:trace.csv.future.jsonl:235,,100
236,-0.8856853311196446,-0.9530791788856305,-0.13459582993494726,-0.43107562733540733,33.6562623715273,0.0803744596138566,pid,sidecar:trace.csv.future.jsonl:236,,100
237,-0.8982714946197876,-0.8944281524926687,-0.13652799293869655,-0.4430113333755168,33.656597115148664,0.0474061654047648,pid,sidecar:trace.csv.future.jsonl:237,,100
238,-0.8653995780008098,-0.8357771260997069,-0.13950708794233746,-0.4476956421949697,33.652340816200535,0.0038630381954091,pid,sidecar:trace.csv.future.jsonl:238,,100
239,-0.8511563858489696,-0.8553274682306942,-0.14871721919752418,-0.4519264547301887,33.65630456737668,0.0411454708452341,pid,sidecar:trace.csv.future.jsonl:239,,100
240,-0.8233192278958494,-0.8846529814271751,-0.1411409853668759,-0.4529495411835897,33.6664411812488,0.0682133065783499,pid,sidecar:trace.csv.future.jsonl:240,,100
241,-0.8075254458409006,-0.913978494623656,-0.12450975437808773,-0.44928418337472076,33.67736510210569,0.0978613992118802,pid,sidecar:trace.csv.future.jsonl:241,,100
242,-0.7976218293562206,-0.9042033235581624,-0.10491222878829355,-0.4456187627115193,33.6803353427017,0.0588867193488369,pid,sidecar:trace.csv.future.jsonl:242,,100
243,-0.7939024259740525,-0.9237536656891496,-0.09266291416781328,-0.44240153056262715,33.69280464181808,0.112583625386971,pid,sidecar:trace.csv.future.jsonl:243,,100
244,-0.7389651408731288,-0.8944281524926687,-0.0639277743064961,-0.4392185610342939,33.70337734533945,0.1016150723848144,pid,sidecar:trace.csv.future.jsonl:244,,100
245,-0.7319681829427918,-0.7771260997067451,-0.04690458795600954,-0.4396144410886462,33.715277127439585,0.1068386583750577,pid,sidecar:trace.csv.future.jsonl:245,,100
246,-0.71862705801352,-0.7086999022482896,-0.05700054897143723,-0.44420857898962546,33.71922572280191,0.0761109342074477,pid,sidecar:trace.csv.future.jsonl:246,,100
247,-0.7153049860041284,-0.7282502443792769,-0.07241577233719072,-0.4488026192705228,33.73281135619556,0.1210571509600811,pid,sidecar:trace.csv.future.jsonl:247,,100
248,-0.7297940007688593,-0.7086999022482896,-0.07530195813894093,-0.45310643204069284,33.73534270450809,0.0520900845113013,pid,sidecar:trace.csv.future.jsonl:248,,100
249,-0.7422316458225315,-0.7282502443792769,-0.0829291763261752,-0.4573876291307342,33.73940033781046,0.0277177926883093,pid,sidecar:trace.csv.future.jsonl:249,,100
250,-0.741325032183007,-0.698924731182796,-0.0830271307079225,-0.46107713704681363,33.74700429496951,0.0680704932648872,pid,sidecar:trace.csv.future.jsonl:250,,100
251,-0.773226234746054,-0.7184750733137832,-0.09806725604626414,-0.46406506246278506,33.75494270040087,0.0754684432821042,pid,sidecar:trace.csv.future.jsonl:251,,100
252,-0.8056952854066372,-0.7771260997067451,-0.11186874980200712,-0.4670529447321085,33.76998063550694,0.1040303904806803,pid,sidecar:trace.csv.future.jsonl:252,,100
253,-0.8123067417599209,-0.7966764418377323,-0.108681886613759,-0.4610982229038565,33.76683205901186,0.0174537534079463,pid,sidecar:trace.csv.future.jsonl:253,,100
254,-0.8139017661134169,-0.8260019550342133,-0.10509666670482076,-0.45451209496009753,33.776103153629435,0.0778504008448284,pid,sidecar:trace.csv.future.jsonl:254,,100
255,-0.8473133872797999,-0.8455522971652005,-0.10685640541889849,-0.4492053564506826,33.78364306235327,0.0751728185645249,pid,sidecar:trace.csv.future.jsonl:255,,100
256,-0.8482432636900988,-0.8260019550342133,-0.10469795966145537,-0.44555877585382675,33.80475310607616,0.1550794803354374,pid,sidecar:trace.csv.future.jsonl:256,,100
257,-0.9402948626765328,-0.8260019550342133,-0.13098784138116468,-0.44191213356298803,33.801833444174896,0.0540584932548008,pid,sidecar:trace.csv.future.jsonl:257,,100
258,-0.9641397450864034,-0.7869012707722387,-0.15410249656780864,-0.44186701424071306,33.81400313334894,0.1047850578987807,pid,sidecar:trace.csv.future.jsonl:258,,100
259,-0.9789032243960524,-0.8455522971652005,-0.18221518192508368,-0.44204755401030876,33.82750746589076,0.1277814289948649,pid,sidecar:trace.csv.future.jsonl:259,,100
260,-1.0105147050566716,-0.8748778103616814,-0.1977266078895342,-0.444321816033874,33.84035526284215,0.1137614413671779,pid,sidecar:trace.csv.future.jsonl:260,,100
261,-1.069638443509231,-0.9335288367546433,-0.22000092326683812,-0.4493449372112335,33.84922250096917,0.0975788270582153,pid,sidecar:trace.csv.future.jsonl:261,,100
262,-1.0751817065116651,-0.9628543499511242,-0.22820421377965755,-0.4543679403317648,33.85407024003522,0.0691304900533087,pid,sidecar:trace.csv.future.jsonl:262,,100
263,-1.0770146164409446,-1.021505376344086,-0.232901579304999,-0.456186168519779,33.8680433115335,0.0984457597027587,pid,sidecar:trace.csv.future.jsonl:263,,100
264,-1.0857393147714602,-1.021505376344086,-0.2307783265897074,-0.45785634266148667,33.87166705479946,0.0488350063466767,pid,sidecar:trace.csv.future.jsonl:264,,100
265,-1.085880582504069,-1.0019550342130987,-0.23458981183642647,-0.45420709767908163,33.88653331315114,0.119544589348982,pid,sidecar:trace.csv.future.jsonl:265,,100
266,-1.0823876904387235,-0.9921798631476051,-0.2449207225581384,-0.44364048604016204,33.89699375061888,0.1283556733630035,pid,sidecar:trace.csv.future.jsonl:266,,100
267,-1.0735052037660129,-1.0312805474095796,-0.25403106265723335,-0.4330733586086748,33.88843784894902,0.0099063551510556,pid,sidecar:trace.csv.future.jsonl:267,,100
268,-1.0630308469863674,-1.1094819159335287,-0.25021374905981963,-0.4293222492842557,33.903719267314074,0.0446720551949835,pid,sidecar:trace.csv.future.jsonl:268,,100
269,-1.045024024332901,-1.1094819159335287,-0.22747891957735797,-0.4258768751329177,33.897369995743205,-0.0121020134835147,pid,sidecar:trace.csv.future.jsonl:269,,100
270,-1.0494344165250022,-1.1388074291300097,-0.21700141119538066,-0.4241860644103769,33.90160362609766,0.0348045301994671,pid,sidecar:trace.csv.future.jsonl:270,,100
271,-1.0492731355071416,-1.0899315738025415,-0.20409460784083872,-0.42478380203322014,33.91336217423329,0.0921537442448197,pid,sidecar:trace.csv.future.jsonl:271,,100
272,-1.016652025183315,-1.0899315738025415,-0.19751202667607307,-0.4253815380760365,33.92400399148314,0.0962930668783851,pid,sidecar:trace.csv.future.jsonl:272,,100
273,-1.024100238403093,-1.0410557184750733,-0.19284804089852972,-0.4290156686591633,33.917397782391184,0.0120761200838154,pid,sidecar:trace.csv.future.jsonl:273,,100
274,-0.9861940376194578,-1.0703812316715542,-0.1893143190588407,-0.43287855358704047,33.92035853194276,0.045443085463154,pid,sidecar:trace.csv.future.jsonl:274,,100
275,-0.9782490427218004,-1.0410557184750733,-0.17539007970532078,-0.43640229125255225,33.92515617613213,0.0464731245117837,pid,sidecar:trace.csv.future.jsonl:275,,100
276,-0.9781412902876097,-1.0606060606060606,-0.1712722219858303,-0.43952236821551377,33.9261077040217,0.0114518897665031,pid,sidecar:trace.csv.future.jsonl:276,,100
277,-0.9374961998375564,-1.0703812316715542,-0.15196202580287352,-0.4426424006292599,33.921494509926326,-0.0393193623173775,pid,sidecar:trace.csv.future.jsonl:277,,100
278,-0.9447179472778824,-1.0801564027370478,-0.1358427532819374,-0.44575534780109566,33.92752999363683,0.0283180523734354,pid,sidecar:trace.csv.future.jsonl:278,,100
279,-0.932181797650836,-1.0312805474095796,-0.11774175378284163,-0.4488677502283588,33.93918568908819,0.0719273295403564,pid,sidecar:trace.csv.future.jsonl:279,,100
280,-0.92889574833471,-1.0019550342130987,-0.11279452633226066,-0.44840376276188804,33.942390420136874,0.0361290775044522,pid,sidecar:trace.csv.future.jsonl:280,,100
281,-0.8512335937997657,-0.9921798631476051,-0.09327483893946668,-0.44371575655112716,33.943824269595446,0.0263069089794024,pid,sidecar:trace.csv.future.jsonl:281,,100
282,-0.80452914913284,-0.9726295210166178,-0.06670396869564825,-0.4390276487992261,33.9431954896115,0.0072124113982188,pid,sidecar:trace.csv.future.jsonl:282,,100
283,-0.8084280264527248,-0.9824046920821115,-0.05165635690040688,-0.44191014292849884,33.94375508618801,0.0149209599112622,pid,sidecar:trace.csv.future.jsonl:283,,100
284,-0.8134869174150946,-0.9824046920821115,-0.035337676289957834,-0.4453916605918218,33.95745537182112,0.076003444956637,pid,sidecar:trace.csv.future.jsonl:284,,100
285,-0.811447884586318,-1.0801564027370478,-0.017702490033226645,-0.4507699945704171,33.94660608020648,-0.048669697537615,pid,sidecar:trace.csv.future.jsonl:285,,100
286,-0.8037052632727635,-1.0019550342130987,0.025030887792652657,-0.4586364351293024,33.95394205555591,0.0191545173536131,pid,sidecar:trace.csv.future.jsonl:286,,100
287,-0.8129331773963641,-1.0899315738025415,0.037109314932704085,-0.4665025801448892,33.95039966952196,-0.006589229378434,pid,sidecar:trace.csv.future.jsonl:287,,100
288,-0.8241185468925074,-1.0606060606060606,0.06996121179663588,-0.46834819590993254,33.951720277177465,-0.0076666268371098,pid,sidecar:trace.csv.future.jsonl:288,,100
289,-0.817899898367146,-1.021505376344086,0.09502058525217322,-0.46981352437577756,33.93860848047189,-0.0721763164143239,pid,sidecar:trace.csv.future.jsonl:289,,100
290,-0.7604699418048128,-0.9628543499511242,0.12250222154518214,-0.47154229313889134,33.9273184558313,-0.0893018092414744,pid,sidecar:trace.csv.future.jsonl:290,,100
291,-0.7596487589829534,-0.8553274682306942,0.1355823942868217,-0.47361308112864053,33.910764761130146,-0.1420669667656473,pid,sidecar:trace.csv.future.jsonl:291,,100
292,-0.7814142504826193,-0.7282502443792769,0.12154921735510715,-0.47568384796568225,33.9100612204625,-0.0546781531073699,pid,sidecar:trace.csv.future.jsonl:292,,100
293,-0.8202016567944,-0.7575757575757578,0.08194880284975561,-0.4832279458122973,33.90474495710317,-0.0519971415662745,pid,sidecar:trace.csv.future.jsonl:293,,100
294,-0.8239128253761675,-0.8162267839687196,0.07016150760635446,-0.49103231996668023,33.89933608736096,-0.0420845753520936,pid,sidecar:trace.csv.future.jsonl:294,,100
295,-0.8393854663031624,-0.9335288367546433,0.07533453037365731,-0.49617264555760476,33.893212592720175,-0.0767863675020673,pid,sidecar:trace.csv.future.jsonl:295,,100
296,-0.8559886772197567,-0.9237536656891496,0.09967623630228697,-0.4978330135974741,33.88347219713414,-0.0943322953369367,pid,sidecar:trace.csv.future.jsonl:296,,100
297,-0.8670590547877889,-0.806451612903226,0.10772266810553685,-0.4994933673395004,33.859231086460106,-0.1799750361742443,pid,sidecar:trace.csv.future.jsonl:297,,100
298,-0.8829108125446231,-0.6500488758553278,0.08006409296674863,-0.49509957450078096,33.84250092059592,-0.1667904452246105,pid,sidecar:trace.csv.future.jsonl:298,,100
299,-0.8825815465790546,-0.6598240469208214,0.02759124104191897,-0.49039315258403204,33.82373492894554,-0.1930047879748413,pid,sidecar:trace.csv.future.jsonl:299,,100
300,-0.9104985493992868,-0.7673509286412514,-0.008324243282463912,-0.486140613812285,33.81569971831845,-0.1264568925384595,pid,sidecar:trace.csv.future.jsonl:300,,100
301,-0.9154562492860272,-0.8260019550342133,-0.00953146860955871,-0.4824906138129278,33.79451204018344,-0.1778607074454039,pid,sidecar:trace.csv.future.jsonl:301,,100
302,-0.9102279871068788,-0.7771260997067451,-0.003447046202400067,-0.4788405468565059,33.78167445917356,-0.1496182877256829,pid,sidecar:trace.csv.future.jsonl:302,,100
303,-0.9228839154171368,-0.806451612903226,-0.023374738755674515,-0.47421693738200693,33.76276122589278,-0.1821080537102782,pid,sidecar:trace.csv.future.jsonl:303,,100
304,-0.9443512736993692,-0.806451612903226,-0.03931003137026504,-0.46952394412126014,33.7389792054079,-0.2183699454711291,pid,sidecar:trace.csv.future.jsonl:304,,100
305,-0.9406341376159676,-0.7575757575757578,-0.05178396830724101,-0.4646266506869767,33.720213798217074,-0.2068101710593118,pid,sidecar:trace.csv.future.jsonl:305,,100
306,-0.965103151020304,-0.7380254154447705,-0.08275467079919159,-0.45948224132936966,33.718963728608536,-0.0804592700667491,pid,sidecar:trace.csv.future.jsonl:306,,100
307,-0.9623278684449734,-0.7771260997067451,-0.11145425259890077,-0.45433770533310947,33.70708553722021,-0.099054237854821,pid,sidecar:trace.csv.future.jsonl:307,,100
308,-0.958655321227458,-0.8455522971652005,-0.1244224540373343,-0.45689262493208316,33.69934506239157,-0.0837922931564149,pid,sidecar:trace.csv.future.jsonl:308,,100
309,-0.9522486549907544,-0.9042033235581624,-0.12219884190676414,-0.4600669957855953,33.68853470558877,-0.0955267934484144,pid,sidecar:trace.csv.future.jsonl:309,,100
310,-0.961515783670082,-0.9433040078201369,-0.11695143266677659,-0.4636794328703882,33.67993155094141,-0.0967643030307005,pid,sidecar:trace.csv.future.jsonl:310,,100
311,-0.9626770379253744,-0.9433040078201369,-0.11088399003752886,-0.4678304325713989,33.65866981926689,-0.1685510381151099,pid,sidecar:trace.csv.future.jsonl:311,,100
312,-0.9702396530883552,-0.9335288367546433,-0.11264065612713982,-0.4719813483194693,33.64127907303996,-0.1709308289255306,pid,sidecar:trace.csv.future.jsonl:312,,100
313,-0.9860437301300446,-0.9921798631476051,-0.12192521729953794,-0.46811562551736596,33.62994721294942,-0.1243597309745333,pid,sidecar:trace.csv.future.jsonl:313,,100
314,-0.9856205466115672,-0.9726295210166178,-0.11423644798819045,-0.4636482307969313,33.622347370161336,-0.1115338114994642,pid,sidecar:trace.csv.future.jsonl:314,,100
315,-0.9694260792731334,-1.0019550342130987,-0.1112617049090783,-0.4595383202431029,33.609580963367286,-0.1165593582091591,pid,sidecar:trace.csv.future.jsonl:315,,100
316,-0.9331499270057348,-1.0019550342130987,-0.09524361905647638,-0.4559034214223831,33.5980715028966,-0.1040662964902582,pid,sidecar:trace.csv.future.jsonl:316,,100
317,-0.9112498915312902,-0.9335288367546433,-0.07958641148133878,-0.4522684598730051,33.59101236741969,-0.0755866668717122,pid,sidecar:trace.csv.future.jsonl:317,,100
318,-0.8542510477702524,-0.8846529814271751,-0.07212061492778743,-0.44368307345233526,33.57494704375958,-0.1394703770232207,pid,sidecar:trace.csv.future.jsonl:318,,100
319,-0.6672775886140293,-0.8651026392961878,-0.03137886564875279,-0.4347567125744079,33.56052482396523,-0.147366951748244,pid,sidecar:trace.csv.future.jsonl:319,,100
320,-0.6326528099627108,-0.8553274682306942,0.0013258602734059581,-0.4211868241448358,33.53846489248642,-0.2082766572237511,pid,sidecar:trace.csv.future.jsonl:320,,100
321,-0.598184879999715,-0.8162267839687196,0.031345435995526735,-0.40157354894690916,33.53183507775108,-0.1107254125919716,pid,sidecar:trace.csv.future.jsonl:321,,100
322,-0.5061382869397847,-0.6891495601173023,0.07118132096929755,-0.38195866572797127,33.51674821790967,-0.1482218610640956,pid,sidecar:trace.csv.future.jsonl:322,,100
323,-0.3970527401527259,-0.698924731182796,0.10064231798890795,-0.35519671574047157,33.50954425309649,-0.1052416952237064,pid,sidecar:trace.csv.future.jsonl:323,,100
324,-0.3786337975196171,-0.669599217986315,0.1357214166160164,-0.3280480590254809,33.48206426355346,-0.2042428905093764,pid,sidecar:trace.csv.future.jsonl:324,,100
325,-0.353740148831517,-0.5816226783968723,0.16817228679733204,-0.31019256958800473,33.461042831362505,-0.202263289923076,pid,sidecar:trace.csv.future.jsonl:325,,100
326,-0.3692479203936754,-0.45454545454545414,0.17448010159518018,-0.30449377417382106,33.444847637167406,-0.1822553530081843,pid,sidecar:trace.csv.future.jsonl:326,,100
327,-0.3530296051839549,-0.42521994134897323,0.1634050530131742,-0.2987948759028332,33.42999023341122,-0.2073423399108671,pid,sidecar:trace.csv.future.jsonl:327,,100
328,-0.3632870654672097,-0.5131964809384169,0.15810203620921814,-0.3049179286698745,33.435623263299895,-0.0401257571791213,pid,sidecar:trace.csv.future.jsonl:328,,100
329,-0.362828497602714,-0.5131964809384169,0.1835987222068218,-0.3116325587864191,33.41394874009255,-0.164778558303932,pid,sidecar:trace.csv.future.jsonl:329,,100
330,-0.309722244405188,-0.43499511241446687,0.21617429450925216,-0.31397194616883445,33.39816776128469,-0.1599053007993592,pid,sidecar:trace.csv.future.jsonl:330,,100
331,-0.2611090059767065,-0.3372434017595305,0.23217602209894056,-0.3104452667632835,33.36411080130938,-0.2715094440219734,pid,sidecar:trace.csv.future.jsonl:331,,100
332,-0.1696478660083454,-0.26881720430107503,0.24647414374150553,-0.3069185471953854,33.34792770708663,-0.2061940458645296,pid,sidecar:trace.csv.future.jsonl:332,,100
333,-0.1636143269916513,-0.17106549364613866,0.24780127372732932,-0.3007154063685968,33.32436299965256,-0.2374513247027602,pid,sidecar:trace.csv.future.jsonl:333,,100
334,-0.1538816732649584,-0.20039100684261957,0.23371413878422337,-0.2943110189650837,33.31081688140651,-0.1806065369314036,pid,sidecar:trace.csv.future.jsonl:334,,100
335,-0.1453111821025919,-0.22971652003910048,0.23993834385998558,-0.279465015592743,33.29852714336525,-0.1253102960661863,pid,sidecar:trace.csv.future.jsonl:335,,100
336,-0.084446551348041,-0.26881720430107503,0.26928082940115694,-0.2537273616516677,33.2822185506563,-0.1482251650572965,pid,sidecar:trace.csv.future.jsonl:336,,100
337,-0.0372526116610442,-0.19061583577712593,0.30947120289531865,-0.22798795992537002,33.263400810538585,-0.1700220224837701,pid,sidecar:trace.csv.future.jsonl:337,,100
338,-0.0048314297501941,-0.08308895405669592,0.32612247206824724,-0.21041320880576428,33.24121172456742,-0.1910827470101532,pid,sidecar:trace.csv.future.jsonl:338,,100
339,0.0052502360068257,0.04398826979472137,0.31869282051730097,-0.19338081948940047,33.23138689429119,-0.1215728242930804,pid,sidecar:trace.csv.future.jsonl:339,,100
340,-0.0153673587524683,0.024437927663734094,0.28661999697380025,-0.1838912508632509,33.21380496948331,-0.1675996311295788,pid,sidecar:trace.csv.future.jsonl:340,,100
341,-0.0126860787803509,0.024437927663734094,0.27823666128166497,-0.18336672537167403,33.198536943975775,-0.1716793409062532,pid,sidecar:trace.csv.future.jsonl:341,,100
342,-0.0226754220230471,-0.053763440860215006,0.27328511554398843,-0.1828421993556899,33.16065953817271,-0.2906474536273407,pid,sidecar:trace.csv.future.jsonl:342,,100
343,-0.0208709550266897,-0.07331378299120228,0.28740575757936165,-0.18550824751785666,33.13218279870085,-0.2932514627477296,pid,sidecar:trace.csv.future.jsonl:343,,100
344,-0.0202418056211715,0.053763440860215006,0.29981875239712474,-0.18841069342363115,33.11371949878182,-0.2202767055416737,pid,sidecar:trace.csv.future.jsonl:344,,100
345,-0.0312962242117308,0.09286412512218956,0.2727676057146043,-0.1897570487499682,33.092701788575894,-0.180078406848252,pid,sidecar:trace.csv.future.jsonl:345,,100
346,-0.0582824567241418,-0.004887585532746819,0.24094762829858365,-0.18925325117099787,33.06127488022469,-0.1973300125452555,pid,sidecar:trace.csv.future.jsonl:346,,100
347,-0.0551906860225001,-0.004887585532746819,0.24673448601319994,-0.18874945309270777,33.06595878406257,-0.0801536111734464,pid,sidecar:trace.csv.future.jsonl:347,,100
348,-0.0550163620487485,-0.07331378299120228,0.2470910668777712,-0.19005786153090776,33.0444066009928,-0.1362573682352367,pid,sidecar:trace.csv.future.jsonl:348,,100
349,-0.0668689514991478,-0.08308895405669592,0.25577824153472944,-0.19150312309569106,33.02336390419895,-0.1563370717929247,pid,sidecar:trace.csv.future.jsonl:349,,100
350,-0.0650880060906096,0.03421309872922773,0.2622177060950775,-0.19141064975707678,32.999185407094224,-0.2085712700145275,pid,sidecar:trace.csv.future.jsonl:350,,100
351,-0.0617637443020554,0.04398826979472137,0.23704764964344643,-0.18934763979402502,32.98306556665093,-0.1778244111458547,pid,sidecar:trace.csv.future.jsonl:351,,100
352,-0.0592217548971414,0.04398826979472137,0.2196587124555973,-0.1872846214539798,32.96299913055307,-0.18070308667699,pid,sidecar:trace.csv.future.jsonl:352,,100
353,-0.0768933912110594,0.053763440860215006,0.20467781537043217,-0.19056190477705917,32.93902957534799,-0.2026488730310353,pid,sidecar:trace.csv.future.jsonl:353,,100
354,-0.0989319164739716,0.014662756598240456,0.18395413803374222,-0.19408999007309805,32.92994530354559,-0.1472029521744024,pid,sidecar:trace.csv.future.jsonl:354,,100
355,-0.0985321716851811,-0.04398826979472137,0.17655758022520315,-0.19715932181830195,32.91838115636944,-0.1476242033055695,pid,sidecar:trace.csv.future.jsonl:355,,100
356,-0.0889943577226701,-0.09286412512218956,0.18383330950257598,-0.19961788272706812,32.9087381857843,-0.1100865577473806,pid,sidecar:trace.csv.future.jsonl:356,,100
357,-0.0902812155352674,-0.1026392961876832,0.1944632466472199,-0.20207643109284665,32.8955978282878,-0.1443852153983929,pid,sidecar:trace.csv.future.jsonl:357,,100
358,-0.0681077560422505,-0.03421309872922773,0.2049753230693598,-0.1976762431942014,32.88663771734848,-0.1256133502918074,pid,sidecar:trace.csv.future.jsonl:358,,100
359,-0.0442662092340483,-0.004887585532746819,0.19933226904614287,-0.1928918643715125,32.8798876298621,-0.0404844896757305,pid,sidecar:trace.csv.future.jsonl:359,,100
360,-0.0383352296750697,0.014662756598240456,0.1903024943709218,-0.18917282765531274,32.871268864432714,-0.0575780131932404,pid,sidecar:trace.csv.future.jsonl:360,,100
361,-0.0426896972060233,-0.04398826979472137,0.17993285573571222,-0.1870502241539419,32.879526893784025,0.0249110413273677,pid,sidecar:trace.csv.future.jsonl:361,,100
362,-0.0421097202527116,-0.04398826979472137,0.18726455825300117,-0.1849276118922971,32.88437240980505,0.0491852720121727,pid,sidecar:trace.csv.future.jsonl:362,,100
363,-0.0437161110795141,-0.11241446725317683,0.19020290980446844,-0.18628732243915522,32.90021199767042,0.1319972977421786,pid,sidecar:trace.csv.future.jsonl:363,,100
364,-0.0432959450134476,-0.07331378299120228,0.20680580693510295,-0.18792043213996085,32.90641289951455,0.0923125302778932,pid,sidecar:trace.csv.future.jsonl:364,,100
365,-0.053769888085711,-0.03421309872922773,0.20536945661098996,-0.19208201192558688,32.927413287367855,0.1393757280170463,pid,sidecar:trace.csv.future.jsonl:365,,100
366,-0.0596892876318032,-0.014662756598240456,0.19380153057127236,-0.19950746764183225,32.940074586404094,0.134974199496688,pid,sidecar:trace.csv.future.jsonl:366,,100
367,-0.0555991913274333,-0.04398826979472137,0.18512646774914587,-0.2069328090069632,32.95275761627868,0.1233259601879246,pid,sidecar:trace.csv.future.jsonl:367,,100
368,-0.0481439968296408,-0.053763440860215006,0.18911436250942998,-0.2094168200732972,32.97032335362902,0.1424912206736667,pid,sidecar:trace.csv.future.jsonl:368,,100
369,-0.0483964535490238,-0.06353861192570864,0.19295266418549328,-0.21156353479951026,32.98669251694997,0.1647863807733171,pid,sidecar:trace.csv.future.jsonl:369,,100
370,-0.023700500237231,-0.06353861192570864,0.20233607887625962,-0.20948012089720253,32.99343996124179,0.1447697481604624,pid,sidecar:trace.csv.future.jsonl:370,,100
371,0.0027279943180785,-0.014662756598240456,0.21454255531948846,-0.2019959264752818,33.00957166368648,0.1395926694688403,pid,sidecar:trace.csv.future.jsonl:371,,100
372,0.0506276177416213,-0.024437927663734094,0.22233367803454862,-0.19451161443211315,33.01584251687331,0.0838618198980222,pid,sidecar:trace.csv.future.jsonl:372,,100
373,0.0529331433066172,-0.004887585532746819,0.23173450376220522,-0.19121185138893254,33.03699834545618,0.1688289733806382,pid,sidecar:trace.csv.future.jsonl:373,,100
374,0.0469603946404753,-0.03421309872922773,0.23393529980775105,-0.18824043151018535,33.061929948614484,0.2277600713565359,pid,sidecar:trace.csv.future.jsonl:374,,100
375,0.0470776499582825,-0.004887585532746819,0.24489252399328315,-0.1857964280451042,33.079830824236865,0.2092717849391047,pid,sidecar:trace.csv.future.jsonl:375,,100
376,0.0543061637454898,-0.024437927663734094,0.24923459173624718,-0.183990767289144,33.1106358329921,0.2745170833500155,pid,sidecar:trace.csv.future.jsonl:376,,100
377,0.0616041060913077,-0.04398826979472137,0.2604801105387662,-0.18218510029749113,33.1362823309613,0.255071646229065,pid,sidecar:trace.csv.future.jsonl:377,,100
378,0.0847374508175194,-0.014662756598240456,0.2808367252109832,-0.16596367449133834,33.16616440460128,0.2774611344341473,pid,sidecar:trace.csv.future.jsonl:378,,100
379,0.1033455159071119,0.04398826979472137,0.29337791023377185,-0.14845512134664932,33.19005884847423,0.2668008043250182,pid,sidecar:trace.csv.future.jsonl:379,,100
380,0.1376076235101244,0.11241446725317683,0.2987085943874742,-0.13076427838968324,33.20575756600274,0.176980066340484,pid,sidecar:trace.csv.future.jsonl:380,,100
381,0.1496702967631138,0.11241446725317683,0.2931379442054244,-0.11283615764100248,33.24367514625543,0.3260017387849943,pid,sidecar:trace.csv.future.jsonl:381,,100
382,0.1517303762242136,0.1808406647116323,0.2943747996031146,-0.09490765997441858,33.26673076208996,0.2638459724161475,pid,sidecar:trace.csv.future.jsonl:382,,100
383,0.1598040824323122,0.2101661779081132,0.2838102718290702,-0.07753777255595519,33.298675313410705,0.3400703937263558,pid,sidecar:trace.csv.future.jsonl:383,,100
384,0.1682604072381624,0.1808406647116323,0.27345758797433667,-0.060197002781967164,33.33465457299592,0.3362146100673236,pid,sidecar:trace.csv.future.jsonl:384,,100
385,0.2035287857857839,0.11241446725317683,0.2837926657247109,-0.04075369874977865,33.38056720925458,0.4492829671052742,pid,sidecar:trace.csv.future.jsonl:385,,100
386,0.2398031646009544,0.1319648093841641,0.314822493552781,-0.018550172680786337,33.38908714926463,0.2334119624802293,pid,sidecar:trace.csv.future.jsonl:386,,100
387,0.2551461282230001,0.23949169110459412,0.3320923082308971,0.0036534484175656545,33.432465664083004,0.3041205995317833,pid,sidecar:trace.csv.future.jsonl:387,,100
388,0.2792775707105803,0.3861192570869987,0.32400575275945714,0.021785881730752174,33.47157576599018,0.3870956194941798,pid,sidecar:trace.csv.future.jsonl:388,,100
389,0.2902907986208684,0.4447702834799605,0.29074571262726245,0.039728356915286665,33.49895317210671,0.3466502572199579,pid,sidecar:trace.csv.future.jsonl:389,,100
390,0.3090508164948137,0.48387096774193505,0.26432168280122526,0.05831500382982763,33.53588463564872,0.3571368403432018,pid,sidecar:trace.csv.future.jsonl:390,,100
391,0.3247853704481524,0.37634408602150504,0.24298090911651285,0.0777569706029814,33.562742293309206,0.2743429995404663,pid,sidecar:trace.csv.future.jsonl:391,,100
392,0.3774125832666289,0.3861192570869987,0.2645912353591922,0.0971986319525301,33.60637568012739,0.3596836136041514,pid,sidecar:trace.csv.future.jsonl:392,,100
393,0.4572263633899228,0.42521994134897323,0.2901355954862544,0.12061976521851198,33.625536670568444,0.2591816052709689,pid,sidecar:trace.csv.future.jsonl:393,,100
394,0.5456743365412291,0.5131964809384169,0.31290039630782845,0.14430957993094326,33.66322954853364,0.3302800105184106,pid,sidecar:trace.csv.future.jsonl:394,,100
395,0.5931783979546498,0.5327468230694041,0.3177669024195911,0.16555486198787048,33.687081773482845,0.2742254077899981,pid,sidecar:trace.csv.future.jsonl:395,,100
396,0.6028871600994657,0.6011730205278596,0.3212383904212317,0.18365835591378232,33.707118840977095,0.2223938990761489,pid,sidecar:trace.csv.future.jsonl:396,,100
397,0.6542665630432414,0.669599217986315,0.32360549611241823,0.20176122418445652,33.7210889843562,0.1733280464434601,pid,sidecar:trace.csv.future.jsonl:397,,100
398,0.6910700432796505,0.6402737047898341,0.3203586726869432,0.2228346720188796,33.737439151341576,0.1627000798363768,pid,sidecar:trace.csv.future.jsonl:398,,100
399,0.7658190472736555,0.6793743890518087,0.3460157843636058,0.24412214550279407,33.76521805999509,0.228105287775695,pid,sidecar:trace.csv.future.jsonl:399,,100
400,0.8873102764047206,0.7282502443792769,0.38402477988140366,0.26329334861947273,33.776220052487304,0.185352996978406,pid,sidecar:trace.csv.future.jsonl:400,,100
401,0.9000777756998426,0.8455522971652005,0.40044684533492886,0.2799113316593625,33.802183790997546,0.2379093013178992,pid,sidecar:trace.csv.future.jsonl:401,,100
402,0.9125776199152704,0.8553274682306942,0.3903537211232111,0.2965285108546202,33.83068259361999,0.2616376744261982,pid,sidecar:trace.csv.future.jsonl:402,,100
403,0.9162703433628318,0.8553274682306942,0.3900297840204422,0.31130849864231547,33.85090783028862,0.224385270260963,pid,sidecar:trace.csv.future.jsonl:403,,100
404,0.9200320431610784,0.8748778103616814,0.39671203316108117,0.3259406282543654,33.859330885247,0.1250573833015532,pid,sidecar:trace.csv.future.jsonl:404,,100
405,0.9631387609763036,0.8944281524926687,0.4090825036590123,0.3365579801974273,33.861415822434004,0.0586563798215018,pid,sidecar:trace.csv.future.jsonl:405,,100
406,0.9745417318906922,0.9628543499511242,0.4171854227973222,0.3425442679561335,33.85664867874812,-0.0061258135333948,pid,sidecar:trace.csv.future.jsonl:406,,100
407,0.9706620301763488,1.0312805474095796,0.40726694246282746,0.348530428007904,33.86118920364372,0.0198863914148308,pid,sidecar:trace.csv.future.jsonl:407,,100
408,0.9603211869025328,1.0410557184750733,0.38515387397198186,0.3464868359550712,33.87699100986468,0.1080106200016809,pid,sidecar:trace.csv.future.jsonl:408,,100
409,0.947303880449797,0.8944281524926687,0.3683675052030553,0.34388352544277084,33.88599851350786,0.1161325228124824,pid,sidecar:trace.csv.future.jsonl:409,,100
410,0.945847622062064,0.7966764418377323,0.392915776529972,0.34295626815804464,33.895919262899696,0.0966905767827828,pid,sidecar:trace.csv.future.jsonl:410,,100
411,0.9461325743111296,0.806451612903226,0.4294766752121976,0.3442447893305266,33.8961100849581,0.0363439544226835,pid,sidecar:trace.csv.future.jsonl:411,,100
412,0.9501918336900744,0.8944281524926687,0.4482349809653047,0.34553330455672526,33.899697419361495,0.0295230030615839,pid,sidecar:trace.csv.future.jsonl:412,,100
413,0.955036569078305,0.913978494623656,0.4421881631079091,0.35203352089710443,33.89876922000308,0.0133894687259005,pid,sidecar:trace.csv.future.jsonl:413,,100
414,0.9607734057540048,0.913978494623656,0.4405001508236289,0.35877067445096883,33.89543551822663,-0.0316891147972437,pid,sidecar:trace.csv.future.jsonl:414,,100
415,0.9660234645973416,0.9335288367546433,0.4457180403876211,0.3631965570661798,33.890369912636416,-0.0638612826497959,pid,sidecar:trace.csv.future.jsonl:415,,100
416,0.9684514240496,0.8944281524926687,0.4470571738954341,0.3645128508132541,33.88870491956584,-0.0230237135145715,pid,sidecar:trace.csv.future.jsonl:416,,100
417,0.9715992745244534,0.8944281524926687,0.45986609174926957,0.36582913798861927,33.88214405351649,-0.0414227296074293,pid,sidecar:trace.csv.future.jsonl:417,,100
418,0.970222006348313,0.9237536656891496,0.46948907739487383,0.36294569930375675,33.880803533304174,-0.0293785259005117,pid,sidecar:trace.csv.future.jsonl:418,,100
419,0.9656087094503384,0.9726295210166178,0.46878227552424456,0.35983595419920744,33.8781315177803,-0.0325272017438451,pid,sidecar:trace.csv.future.jsonl:419,,100
420,0.9718383039523488,1.021505376344086,0.4608486278455965,0.35971372950659647,33.8722443821004,-0.0466619232688162,pid,sidecar:trace.csv.future.jsonl:420,,100
421,0.9701210672757749,0.9530791788856305,0.4462657260504422,0.3636245113539255,33.86234793750266,-0.0807088233579675,pid,sidecar:trace.csv.future.jsonl:421,,100
422,0.9929621534535495,0.8944281524926687,0.4605325439073645,0.36753523533398086,33.84742701419747,-0.1335826188657717,pid,sidecar:trace.csv.future.jsonl:422,,100
423,0.9958599670372142,0.9530791788856305,0.4842528266712202,0.37379788551833254,33.83832469527153,-0.1211330070874267,pid,sidecar:trace.csv.future.jsonl:423,,100
424,0.9966345202795084,1.021505376344086,0.4836519901419744,0.3802309327786457,33.835434180474095,-0.0722712818382112,pid,sidecar:trace.csv.future.jsonl:424,,100
425,0.9926411515010396,1.0312805474095796,0.4674145361750411,0.3841958221831207,33.81690233376409,-0.1440831875355007,pid,sidecar:trace.csv.future.jsonl:425,,100
426,0.987434574080585,1.1094819159335287,0.45706429354658007,0.3850458203778483,33.806581400843555,-0.1355713356686444,pid,sidecar:trace.csv.future.jsonl:426,,100
427,0.985110335328182,1.0801564027370478,0.4323984665830481,0.3858958156773763,33.79545667822943,-0.1023397300347009,pid,sidecar:trace.csv.future.jsonl:427,,100
428,0.989757848476072,1.0899315738025415,0.42391492371220446,0.38675809937063954,33.77677982296721,-0.1418519611185891,pid,sidecar:trace.csv.future.jsonl:428,,100
429,0.990135195845081,1.0117302052785924,0.4144013653478093,0.38762132364642937,33.76697090783047,-0.1005929355963579,pid,sidecar:trace.csv.future.jsonl:429,,100
430,0.9919272842418254,0.9824046920821115,0.4232820594709574,0.3901159053504604,33.76393558533195,-0.0695579393031722,pid,sidecar:trace.csv.future.jsonl:430,,100
431,0.9847052380983284,1.0410557184750733,0.4308904596108995,0.39453720098082207,33.76414831553322,-0.0308732059474626,pid,sidecar:trace.csv.future.jsonl:431,,100
432,0.986508461678091,1.0899315738025415,0.4185348296855352,0.39895841634285584,33.76757734256588,0.0116285851917557,pid,sidecar:trace.csv.future.jsonl:432,,100
433,0.9869274139874074,1.129032258064516,0.39834059992634463,0.41001486812026744,33.77307273775743,0.0338808663041618,pid,sidecar:trace.csv.future.jsonl:433,,100
434,0.991143078338762,1.1192570869990224,0.37702979326649916,0.42158002085349683,33.75848713415803,-0.0381873070317215,pid,sidecar:trace.csv.future.jsonl:434,,100
435,1.0069168336926992,1.0899315738025415,0.36757480943216325,0.43175591226548077,33.74982777710272,-0.1819253798095409,pid,sidecar:trace.csv.future.jsonl:435,,100
436,1.007031589872207,1.0606060606060606,0.36481942239075,0.44027847672015147,33.73480130372314,-0.2232583019045304,pid,sidecar:trace.csv.future.jsonl:436,,100
437,1.0128197977411508,1.129032258064516,0.36658727877247677,0.44880070821731405,33.79291066860866,0.2471551391619225,pid,sidecar:trace.csv.future.jsonl:437,,100
438,1.006435968147566,1.1388074291300097,0.3455656531558596,0.457214115077644,33.7981782752166,0.1239952628263776,pid,sidecar:trace.csv.future.jsonl:438,,100
439,1.0026387024721408,1.1681329423264906,0.326056563039104,0.4656182690440278,33.76406798206998,-0.1523647009355097,pid,sidecar:trace.csv.future.jsonl:439,,100
440,1.007517754959196,1.099706744868035,0.30580430773436745,0.47093539033896903,33.72916697283546,-0.2593923392210297,pid,sidecar:trace.csv.future.jsonl:440,,100
441,0.989063380009529,1.050830889540567,0.30054030762716527,0.47222290329567745,33.72794494271839,-0.0910738252879115,pid,sidecar:trace.csv.future.jsonl:441,,100
442,0.990932698561669,1.050830889540567,0.30440480981314555,0.4735104080993933,33.7470312428988,0.086911530206689,pid,sidecar:trace.csv.future.jsonl:442,,100
443,0.954595706955306,1.0801564027370478,0.2923109329621352,0.4608350126326475,33.76246809217157,0.265762958442243,pid,sidecar:trace.csv.future.jsonl:443,,100
444,0.9273792744290752,0.9921798631476051,0.2670784032835756,0.44734936395241404,33.754780271965295,-0.0078402797808602,pid,sidecar:trace.csv.future.jsonl:444,,100
445,0.8907525276857388,0.9335288367546433,0.2612306171982323,0.42867139923314873,33.747133990825844,0.0144249825539883,pid,sidecar:trace.csv.future.jsonl:445,,100
446,0.867181414917866,0.9628543499511242,0.2622987617701609,0.40319955668117824,33.750678516116096,0.007639392245246,pid,sidecar:trace.csv.future.jsonl:446,,100
447,0.8582947932106019,0.8651026392961878,0.24827591836190663,0.37772499090007994,33.72309557077104,-0.174553557196792,pid,sidecar:trace.csv.future.jsonl:447,,100
448,0.8350712046863158,0.8455522971652005,0.2538305250935733,0.36049839419396246,33.709115507826674,-0.1126068166745752,pid,sidecar:trace.csv.future.jsonl:448,,100
449,0.8346661134961686,0.7966764418377323,0.2594105228331939,0.34365051700652205,33.71427381809535,0.0193859403420449,pid,sidecar:trace.csv.future.jsonl:449,,100
450,0.8033656224980579,0.7966764418377323,0.2635898409338597,0.33151082549940036,33.72220441136631,0.0388203681347348,pid,sidecar:trace.csv.future.jsonl:450,,100
451,0.797319755496796,0.8162267839687196,0.2637271534950428,0.32543621911421555,33.7299412305926,0.0625525242344065,pid,sidecar:trace.csv.future.jsonl:451,,100
452,0.7868021709838108,0.806451612903226,0.25619461566204094,0.31936148780346046,33.72768005388617,0.001088940106437,pid,sidecar:trace.csv.future.jsonl:452,,100
453,0.804014644017308,0.7673509286412514,0.25818956412337535,0.32335103444870494,33.73139785559986,0.0109060799585404,pid,sidecar:trace.csv.future.jsonl:453,,100
454,0.8008462899583415,0.6891495601173023,0.268071836281158,0.3281277652979228,33.720012431117546,-0.0839873470145311,pid,sidecar:trace.csv.future.jsonl:454,,100
455,0.8011869627420719,0.6891495601173023,0.29233295991008484,0.3347108127892907,33.718790805854354,-0.0463323125920504,pid,sidecar:trace.csv.future.jsonl:455,,100
456,0.847063966194045,0.669599217986315,0.31880166319724634,0.3436418596085261,33.711569850696755,-0.0589340710743084,pid,sidecar:trace.csv.future.jsonl:456,,100
457,0.8881305153009085,0.7282502443792769,0.35169387266743507,0.35257262126537375,33.70418257381366,-0.0572281162233202,pid,sidecar:trace.csv.future.jsonl:457,,100
458,0.8990989420920295,0.7869012707722387,0.365220508530855,0.3661823147600628,33.67908905954975,-0.2069160347264008,pid,sidecar:trace.csv.future.jsonl:458,,100
459,0.9395032597413,0.9042033235581624,0.37536249700725943,0.38016173136816045,33.68281995765675,-0.076848885026269,pid,sidecar:trace.csv.future.jsonl:459,,100
460,0.9651437343404522,0.9921798631476051,0.3674735184195512,0.38877094334397394,33.68202015621608,-0.0255413125185874,pid,sidecar:trace.csv.future.jsonl:460,,100
461,0.9612327222019682,1.0801564027370478,0.346472708335723,0.39118273754226063,33.66734700559255,-0.1054926082747177,pid,sidecar:trace.csv.future.jsonl:461,,100
462,0.9635923551234762,1.1094819159335287,0.317788662585939,0.3935945080590576,33.65911273369865,-0.1311999221090284,pid,sidecar:trace.csv.future.jsonl:462,,100
463,0.9893042728861604,1.0606060606060606,0.3007200716762025,0.39519544594821465,33.655167788223615,-0.0670932606034648,pid,sidecar:trace.csv.future.jsonl:463,,100
464,0.9991869679918336,1.0117302052785924,0.3027303560182947,0.3967377095055184,33.65261863489165,-0.0224102529880164,pid,sidecar:trace.csv.future.jsonl:464,,100
465,1.0373845452249664,0.9921798631476051,0.3207744206094939,0.39552894450660897,33.64487041244963,-0.0552328458710239,pid,sidecar:trace.csv.future.jsonl:465,,100
466,1.0382175655899453,0.9921798631476051,0.332887520253867,0.3909128109559401,33.64114978965094,-0.0624259689982259,pid,sidecar:trace.csv.future.jsonl:466,,100
467,1.037162188032383,1.0117302052785924,0.33831620734145706,0.38629659070968925,33.63316359649233,-0.0526056817000564,pid,sidecar:trace.csv.future.jsonl:467,,100
468,1.0405068602895706,0.9237536656891496,0.33883673270992465,0.38594386964041977,33.61204112695411,-0.1566352794149091,pid,sidecar:trace.csv.future.jsonl:468,,100
469,1.044351012451599,0.8651026392961878,0.36307610511156707,0.3859148906293198,33.60334332623114,-0.1084534245762263,pid,sidecar:trace.csv.future.jsonl:469,,100
470,1.0827347558464824,0.8455522971652005,0.4034847507392985,0.38656485849969136,33.59872069576042,-0.0801400927422546,pid,sidecar:trace.csv.future.jsonl:470,,100
471,1.0843361069140822,0.9042033235581624,0.43550951494714185,0.38812649570723284,33.58423703811213,-0.1015029501980351,pid,sidecar:trace.csv.future.jsonl:471,,100
472,1.0864563369773153,0.9726295210166178,0.44682848294976085,0.38968812306393524,33.58124008887233,-0.0356789449202106,pid,sidecar:trace.csv.future.jsonl:472,,100
473,1.08366045691458,1.0410557184750733,0.44482190932607235,0.3822569706462105,33.57602972994812,-0.0893847531275587,pid,sidecar:trace.csv.future.jsonl:473,,100
474,1.0881176831799582,1.0703812316715542,0.43666974177852075,0.3742722688913539,33.58643545507476,0.0216753402202182,pid,sidecar:trace.csv.future.jsonl:474,,100
475,1.082502714946079,1.0312805474095796,0.429529986269629,0.36727364450526967,33.595980684482406,0.0661124757882849,pid,sidecar:trace.csv.future.jsonl:475,,100
476,1.0841532508949048,0.9921798631476051,0.438752084372286,0.3615481101808756,33.59460686826095,0.0301450990338888,pid,sidecar:trace.csv.future.jsonl:476,,100
477,1.0882037548844576,1.0801564027370478,0.45664175694886067,0.3558224525290125,33.59483196145344,0.0059372806148304,pid,sidecar:trace.csv.future.jsonl:477,,100
478,1.0906745985282604,1.158357771260997,0.44783878068103206,0.3557484671514371,33.59744598371752,0.0012586115059601,pid,sidecar:trace.csv.future.jsonl:478,,100
479,1.094525589962482,1.129032258064516,0.4263660071193203,0.3559220174108627,33.596913112400614,0.0416823106068954,pid,sidecar:trace.csv.future.jsonl:479,,100
480,1.1034647901182215,1.0801564027370478,0.42530227963495065,0.35498927505551603,33.58952024629836,-0.0353742623203451,pid,sidecar:trace.csv.future.jsonl:480,,100
481,1.105169954513511,1.050830889540567,0.43701416942089627,0.3526043094959486,33.59012122923366,-0.0222434322570586,pid,sidecar:trace.csv.future.jsonl:481,,100
482,1.1057137034072748,1.0703812316715542,0.44942468006968794,0.3502193230684658,33.599668142260626,0.0546342625855945,pid,sidecar:trace.csv.future.jsonl:482,,100
483,1.085190177763424,1.1974584555229715,0.44679815634563097,0.35149903864574894,33.60468334241696,0.043252685358668,pid,sidecar:trace.csv.future.jsonl:483,,100
484,1.0893484496200732,1.2756598240469206,0.41640874958001756,0.35295170685329846,33.605691060030445,0.0299571927946889,pid,sidecar:trace.csv.future.jsonl:484,,100
485,1.0963835037588308,1.2952101661779079,0.3818607964527887,0.35431769495494636,33.604211530777974,-0.0031850921763783,pid,sidecar:trace.csv.future.jsonl:485,,100
486,1.1039524387078297,1.2756598240469206,0.3572618492235234,0.35557018747768365,33.61269904567695,0.0590596635543232,pid,sidecar:trace.csv.future.jsonl:486,,100
487,1.0298634791069443,1.158357771260997,0.3243027164681548,0.3568226741966989,33.6251668597119,0.1107088726330356,pid,sidecar:trace.csv.future.jsonl:487,,100
488,0.9362397250097042,1.099706744868035,0.302562683530914,0.352094332379508,33.63662075261148,0.1032699330605843,pid,sidecar:trace.csv.future.jsonl:488,,100
489,0.9321696019335688,1.050830889540567,0.294814407338957,0.3469172840854633,33.63289348514681,-0.0310845206646959,pid,sidecar:trace.csv.future.jsonl:489,,100
490,0.909557715164764,0.9726295210166178,0.28730936131249873,0.34567785319372313,33.65151457036325,0.097827597996421,pid,sidecar:trace.csv.future.jsonl:490,,100
491,0.8905739471767803,0.9628543499511242,0.2889046935382312,0.34905261905087837,33.64738639532733,0.0222177907690268,pid,sidecar:trace.csv.future.jsonl:491,,100
492,0.8971604717688325,0.9237536656891496,0.2877971993317797,0.35242734354760336,33.6383077501368,-0.0578422458927657,pid,sidecar:trace.csv.future.jsonl:492,,100
493,0.9084613410415324,0.8651026392961878,0.29429215733879166,0.3563924618555557,33.6356163891467,-0.0470394675110106,pid,sidecar:trace.csv.future.jsonl:493,,100
494,0.8680757228471027,0.8162267839687196,0.29985443599541245,0.3604035457924073,33.63542403218132,-0.0068660970778034,pid,sidecar:trace.csv.future.jsonl:494,,100
495,0.8554704903724377,0.8260019550342133,0.3098973017154045,0.36465595867134315,33.648176973057865,0.0843490698512861,pid,sidecar:trace.csv.future.jsonl:495,,100
496,0.8272783297596099,0.8455522971652005,0.30655592110082114,0.36919758108293543,33.659369250242435,0.0825478964691386,pid,sidecar:trace.csv.future.jsonl:496,,100
497,0.8259684370151046,0.7869012707722387,0.29962311315454054,0.3737391242533551,33.67008954459104,0.0856230891056289,pid,sidecar:trace.csv.future.jsonl:497,,100
498,0.7833480908955823,0.7478005865102642,0.30043855931730223,0.38110711749597803,33.678742796275586,0.1046458265670385,pid,sidecar:trace.csv.future.jsonl:498,,100
499,0.792691803834911,0.7086999022482896,0.31265641150684426,0.3886635719243343,33.646722292825274,-0.1965970990510085,pid,sidecar:trace.csv.future.jsonl:499,,100
500,0.7991377496735905,0.7380254154447705,0.33073537077533627,0.39159885174778497,33.66517219376388,0.0121100013094939,pid,sidecar:trace.csv.future.jsonl:500,,100
501,0.7606725632785644,0.7478005865102642,0.3257877776120563,0.3885042438647205,33.66213772894212,0.0075708601491473,pid,sidecar:trace.csv.future.jsonl:501,,100
502,0.7577499616693333,0.7966764418377323,0.3213867243298025,0.3854095972598022,33.67483280853585,0.0996406415254905,pid,sidecar:trace.csv.future.jsonl:502,,100
503,0.7505722885018427,0.8162267839687196,0.30814372599816897,0.3846222405744944,33.67993037503651,0.0626162827682046,pid,sidecar:trace.csv.future.jsonl:503,,100
504,0.7555100845768821,0.7673509286412514,0.2970262375088078,0.38398798897925746,33.68736849794754,0.0468466309310534,pid,sidecar:trace.csv.future.jsonl:504,,100
505,0.7530481534589526,0.8162267839687196,0.3014122722873671,0.38390018459448055,33.68362369431246,-0.0145969725655691,pid,sidecar:trace.csv.future.jsonl:505,,100
506,0.763947300638844,0.8748778103616814,0.2932515693805292,0.38449691913084705,33.68887197920714,0.0198888825831875,pid,sidecar:trace.csv.future.jsonl:506,,100
507,0.7845502445959904,0.8846529814271751,0.27680321956625276,0.3850936522423155,33.68377547129158,-0.0322094851294244,pid,sidecar:trace.csv.future.jsonl:507,,100
508,0.8051102026057725,0.8260019550342133,0.2683638330611033,0.3862161854905048,33.68917939386613,-0.0011606436849764,pid,sidecar:trace.csv.future.jsonl:508,,100
509,0.8366083307841136,0.7380254154447705,0.2827972442932656,0.3873649073868015,33.68971554757764,-0.0111481100489647,pid,sidecar:trace.csv.future.jsonl:509,,100
510,0.8705946602353081,0.7575757575757578,0.3181508013683688,0.38790041232644273,33.687028690780494,-0.00830234670449,pid,sidecar:trace.csv.future.jsonl:510,,100
511,0.873539614222662,0.806451612903226,0.33385325397581717,0.38764617344389346,33.67525832836849,-0.0881531798907228,pid,sidecar:trace.csv.future.jsonl:511,,100
512,0.8886756156981477,0.7869012707722387,0.3364045094367153,0.38739193430057234,33.677428135574345,-0.0191299011011428,pid,sidecar:trace.csv.future.jsonl:512,,100
513,0.9310572793849912,0.7771260997067451,0.3578262428699674,0.38233427737692716,33.67555669284243,0.0020791107781117,pid,sidecar:trace.csv.future.jsonl:513,,100
514,0.9282222870013388,0.8748778103616814,0.3772037632805932,0.3770220374372652,33.6710323419547,-0.0154573567725484,pid,sidecar:trace.csv.future.jsonl:514,,100
515,0.9275021975053592,0.8748778103616814,0.3688510358436685,0.3713389334520349,33.66086699964916,-0.0647217301325963,pid,sidecar:trace.csv.future.jsonl:515,,100
516,0.927197169425868,0.8553274682306942,0.3688206523548009,0.36516138774468637,33.66013672588994,-0.0489172988959198,pid,sidecar:trace.csv.future.jsonl:516,,100
517,0.9272851957594364,0.8748778103616814,0.3787889069414289,0.35898369702960137,33.645372782122045,-0.1185229452420662,pid,sidecar:trace.csv.future.jsonl:517,,100
518,0.9385894400401128,0.8357771260997069,0.38502995754314934,0.3586752374289589,33.6351436135719,-0.0851028293350541,pid,sidecar:trace.csv.future.jsonl:518,,100
519,0.9402730559341956,0.8162267839687196,0.40083387796269193,0.3588242156513591,33.62418110668546,-0.1293060515176763,pid,sidecar:trace.csv.future.jsonl:519,,100
520,1.0355471799287643,0.8553274682306942,0.4412325596567965,0.3585136116736127,33.60612765309254,-0.1633893480445523,pid,sidecar:trace.csv.future.jsonl:520,,100
521,1.0619504836288989,0.9824046920821115,0.4661775298614901,0.3576507966028544,33.61412004003585,0.0242814456798525,pid,sidecar:trace.csv.future.jsonl:521,,100
522,1.0672196224742845,1.1094819159335287,0.45668931366007337,0.35678797876174073,33.61987903798626,0.0423654300189083,pid,sidecar:trace.csv.future.jsonl:522,,100
523,1.060113401871723,1.1192570869990224,0.4262425846361081,0.3510846191557384,33.6322194467042,0.075002574251564,pid,sidecar:trace.csv.future.jsonl:523,,100
524,1.0504923193099382,1.1094819159335287,0.4095001172960652,0.34503207262495783,33.64037678614985,0.074453482507067,pid,sidecar:trace.csv.future.jsonl:524,,100
525,1.0465083060116402,1.0117302052785924,0.4029970992645724,0.3438412135815773,33.62022101470146,-0.1145101041618879,pid,sidecar:trace.csv.future.jsonl:525,,100
526,1.054249373596434,0.9433040078201369,0.42253592196805967,0.348477006277877,33.61106980479305,-0.100070360528866,pid,sidecar:trace.csv.future.jsonl:526,,100
527,1.0556985868988469,0.8846529814271751,0.44928880545067973,0.35311272105843305,33.59415486196302,-0.1553899919434843,pid,sidecar:trace.csv.future.jsonl:527,,100
528,1.067263445212116,0.9042033235581624,0.48122390422778455,0.3538145006378991,33.59992851650009,-0.0179717776223545,pid,sidecar:trace.csv.future.jsonl:528,,100
529,1.0423140898340817,0.9530791788856305,0.49243746569852576,0.3542560494088282,33.59126566259922,-0.0392610956106507,pid,sidecar:trace.csv.future.jsonl:529,,100
530,1.0233608693282472,0.9042033235581624,0.4874754220064802,0.35413787518671164,33.57265662699106,-0.1480270498904515,pid,sidecar:trace.csv.future.jsonl:530,,100
531,0.9956436639574222,0.913978494623656,0.4960290433210845,0.35329955264853724,33.55592852980228,-0.1734529610006795,pid,sidecar:trace.csv.future.jsonl:531,,100
532,1.0039730121132182,0.8944281524926687,0.5059445966645657,0.35246122752695874,33.55330248876701,-0.0838213390092254,pid,sidecar:trace.csv.future.jsonl:532,,100
533,0.992831939854014,0.9335288367546433,0.5169024631082795,0.3514354417193667,33.54749105111796,-0.0344252941635125,pid,sidecar:trace.csv.future.jsonl:533,,100
534,0.9435382759984624,0.9335288367546433,0.5057971009031771,0.3503962856176821,33.553006945515946,0.0110188823017273,pid,sidecar:trace.csv.future.jsonl:534,,100
535,0.9121637639560376,0.9433040078201369,0.4945205124630634,0.3509030772782766,33.56212296981497,0.0488585199931272,pid,sidecar:trace.csv.future.jsonl:535,,100
536,0.8710563371560625,0.9335288367546433,0.47840756736151085,0.3534280484637083,33.55920021669422,-0.0046513534981908,pid,sidecar:trace.csv.future.jsonl:536,,100
537,0.8410066442153392,0.8651026392961878,0.46357958831442797,0.3559529962049134,33.548608836146975,-0.049400518158614,pid,sidecar:trace.csv.future.jsonl:537,,100
538,0.6593740162225851,0.913978494623656,0.4258568632118101,0.35891800385338746,33.53679827554985,-0.1179279429848874,pid,sidecar:trace.csv.future.jsonl:538,,100
539,0.6507115815905864,0.8260019550342133,0.38535979391594105,0.3619032543882792,33.54107440485671,-0.0131360893544307,pid,sidecar:trace.csv.future.jsonl:539,,100
540,0.6481594479037053,0.6891495601173023,0.3766562794732022,0.3666422198063164,33.541731619417455,0.0187888781272701,pid,sidecar:trace.csv.future.jsonl:540,,100
541,0.6606010750007884,0.6402737047898341,0.3995286756003737,0.3736762211607019,33.54699712875677,0.0470540610731159,pid,sidecar:trace.csv.future.jsonl:541,,100
542,0.6624492110268961,0.6598240469208214,0.4168616161630294,0.3807100301256973,33.553527125169815,0.0822670853717737,pid,sidecar:trace.csv.future.jsonl:542,,100
543,0.6651569121030895,0.6891495601173023,0.417691619193215,0.3819205105226954,33.56787841446459,0.1271617301162592,pid,sidecar:trace.csv.future.jsonl:543,,100
544,0.6851431596545754,0.7086999022482896,0.4150721434494489,0.38284548869868024,33.57398104916698,0.1064473218602335,pid,sidecar:trace.csv.future.jsonl:544,,100
545,0.6772766888567989,0.7380254154447705,0.4075416535952307,0.38253406517519795,33.5756591319331,0.0399439773906429,pid,sidecar:trace.csv.future.jsonl:545,,100
546,0.7050188373643642,0.7380254154447705,0.4025630669161396,0.3805862891137942,33.586534573525995,0.0634055793793879,pid,sidecar:trace.csv.future.jsonl:546,,100
547,0.721621605299617,0.7184750733137832,0.4031963606199177,0.3786384980261381,33.598348767237475,0.1218352215508771,pid,sidecar:trace.csv.future.jsonl:547,,100
548,0.7816699159576166,0.698924731182796,0.42169880028090556,0.38120965660973066,33.60079725735284,0.0753080652641849,pid,sidecar:trace.csv.future.jsonl:548,,100
549,0.7997423428813045,0.6598240469208214,0.4413417232543366,0.3841336480589419,33.59638995638119,-0.0191760844656807,pid,sidecar:trace.csv.future.jsonl:549,,100
550,0.8786341706651603,0.7673509286412514,0.48197167909917615,0.3845597344649178,33.60242711067007,0.0115353613093722,pid,sidecar:trace.csv.future.jsonl:550,,100
551,0.8914861761298699,0.7282502443792769,0.4871949745581548,0.38190428596641884,33.60609222410667,0.0460040474722939,pid,sidecar:trace.csv.future.jsonl:551,,100
552,0.8925956968485035,0.698924731182796,0.5043216004707706,0.37924880944227696,33.59907848555827,-0.0485095093422622,pid,sidecar:trace.csv.future.jsonl:552,,100
553,0.889568709270206,0.7282502443792769,0.5292515297812659,0.37695603199806665,33.60946831732615,0.0515903433607973,pid,sidecar:trace.csv.future.jsonl:553,,100
554,0.9183394090604396,0.7086999022482896,0.5495754846034587,0.3746908059345174,33.61619710144976,0.0684368429840029,pid,sidecar:trace.csv.future.jsonl:554,,100
555,0.9248781243175658,0.7380254154447705,0.5748685478489672,0.3703544002692361,33.621741456752474,0.0873084607318871,pid,sidecar:trace.csv.future.jsonl:555,,100
556,0.9305566595937932,0.7380254154447705,0.5921465214407635,0.36353866916318994,33.61645441933916,0.0253347668180979,pid,sidecar:trace.csv.future.jsonl:556,,100
557,0.9207577179953732,0.8357771260997069,0.6077750121590748,0.3567227623272827,33.6149294033516,-0.0212917447894003,pid,sidecar:trace.csv.future.jsonl:557,,100
558,0.9113804605619188,0.9042033235581624,0.5996036882320283,0.3388014968696752,33.61373601193371,0.0031760421768497,pid,sidecar:trace.csv.future.jsonl:558,,100
559,0.9003175608569776,0.9042033235581624,0.5822498248560228,0.3199888264743564,33.609654978415854,-0.0090682157208725,pid,sidecar:trace.csv.future.jsonl:559,,100
560,0.8863057401949301,0.8944281524926687,0.5742574658360288,0.30006883136939205,33.59707456030063,-0.0948784538071579,pid,sidecar:trace.csv.future.jsonl:560,,100
561,0.8712307162866442,0.913978494623656,0.5704425166166612,0.2787112241665397,33.59590511419735,-0.0428969250220873,pid,sidecar:trace.csv.future.jsonl:561,,100
562,0.8137611314845854,0.9042033235581624,0.5492030584775938,0.25735229475583987,33.58020298446092,-0.1004304613986372,pid,sidecar:trace.csv.future.jsonl:562,,100
563,0.803064215352512,0.8944281524926687,0.5348762037301229,0.23559541843572068,33.564454964817095,-0.1250197400566749,pid,sidecar:trace.csv.future.jsonl:563,,100
564,0.7823033293149423,0.8553274682306942,0.5220548973977867,0.213809007082822,33.55323351843786,-0.1400848294404943,pid,sidecar:trace.csv.future.jsonl:564,,100
565,0.7084974170573058,0.7966764418377323,0.5018615070115439,0.18951012193837308,33.55674636176806,-0.0612745158172419,pid,sidecar:trace.csv.future.jsonl:565,,100
566,0.6858562083470258,0.7673509286412514,0.4940535006896439,0.161951931734639,33.57328449877188,0.0900400222920978,pid,sidecar:trace.csv.future.jsonl:566,,100
567,0.6491634245581275,0.6598240469208214,0.4830971181943904,0.1343924630657698,33.57320826368646,0.0423074863933312,pid,sidecar:trace.csv.future.jsonl:567,,100
568,0.4754981050428726,0.5816226783968723,0.4548824004983323,0.10897807125492055,33.57336073897682,-0.0078138715336684,pid,sidecar:trace.csv.future.jsonl:568,,100
569,0.417659632941555,0.5522971652003914,0.4378722900416885,0.08366982046682721,33.57186482669357,-0.0056998781794053,pid,sidecar:trace.csv.future.jsonl:569,,100
570,0.3487872878830541,0.4447702834799605,0.4129848856959473,0.06122438703827288,33.565436556858835,-0.0416970353392442,pid,sidecar:trace.csv.future.jsonl:570,,100
571,0.3237907666344696,0.35679374389051777,0.4105102631097134,0.04258605056884368,33.56025734387723,-0.0474010886644386,pid,sidecar:trace.csv.future.jsonl:571,,100
572,0.2348147669441911,0.3176930596285432,0.4025445511857698,0.023947560370413724,33.56788771435078,0.0139156428161347,pid,sidecar:trace.csv.future.jsonl:572,,100
573,0.2035873091846645,0.3372434017595305,0.39219900291938525,0.006906331421105772,33.57449398653973,0.0537330896402519,pid,sidecar:trace.csv.future.jsonl:573,,100
574,0.1704003959330346,0.3861192570869987,0.3684432930770338,-0.010061971058536078,33.576278834203464,0.0434252012765838,pid,sidecar:trace.csv.future.jsonl:574,,100
575,0.1626783262479726,0.29814271749755594,0.3352672201060732,-0.024532946543537427,33.57336809371367,-0.0084824742318026,pid,sidecar:trace.csv.future.jsonl:575,,100
576,0.1426656610864348,0.19061583577712593,0.32637069460805945,-0.0356624070029498,33.579180657791234,0.0433185748170441,pid,sidecar:trace.csv.future.jsonl:576,,100
577,0.1102206467363459,0.1026392961876832,0.3325948862152489,-0.046791821561065254,33.58324473296909,0.0556941996768264,pid,sidecar:trace.csv.future.jsonl:577,,100
578,0.0612989283882432,0.07331378299120228,0.3379859730222033,-0.05022756284010456,33.58970251356627,0.0694227037455104,pid,sidecar:trace.csv.future.jsonl:578,,100
579,0.0577849956098794,0.08308895405669592,0.3421682442292346,-0.053077459782097304,33.58848323579935,0.0027433078964194,pid,sidecar:trace.csv.future.jsonl:579,,100
580,0.0242443865739157,0.1319648093841641,0.33150096046870986,-0.05958146588804795,33.58500923599286,-0.0446554794709303,pid,sidecar:trace.csv.future.jsonl:580,,100
581,-0.0061575045383918,0.11241446725317683,0.3041355527366289,-0.07092347517462544,33.589112328644504,0.0124966350129817,pid,sidecar:trace.csv.future.jsonl:581,,100
582,-0.0650408923125361,0.08308895405669592,0.27660300373742114,-0.08226538965184504,33.59602355856811,0.0457514449140071,pid,sidecar:trace.csv.future.jsonl:582,,100
583,-0.0813003258056816,0.024437927663734094,0.2599348076499697,-0.09856139478753305,33.59601976559024,-0.0009728362207279,pid,sidecar:trace.csv.future.jsonl:583,,100
584,-0.0993208875391126,-0.014662756598240456,0.25402095433561517,-0.11523303535609321,33.61332535707759,0.10968932167986,pid,sidecar:trace.csv.future.jsonl:584,,100
585,-0.1070447296232771,-0.06353861192570864,0.2513916832493157,-0.12845483954433204,33.61607431167936,0.0704877051355349,pid,sidecar:trace.csv.future.jsonl:585,,100
586,-0.1228441956265212,-0.06353861192570864,0.2518209447986982,-0.13767831883865347,33.60360468261652,-0.0702203021124162,pid,sidecar:trace.csv.future.jsonl:586,,100
587,-0.1351782627837211,-0.004887585532746819,0.24465859081075841,-0.146901676403146,33.60883200895444,0.0012405988492278,pid,sidecar:trace.csv.future.jsonl:587,,100
588,-0.1230195526583041,-0.06353861192570864,0.22558977962887972,-0.14735580820435917,33.608143049679306,0.0164363216912715,pid,sidecar:trace.csv.future.jsonl:588,,100
589,-0.120302874341952,-0.053763440860215006,0.2261634746937981,-0.14710771202948497,33.60862959703372,0.0269282799930393,pid,sidecar:trace.csv.future.jsonl:589,,100
590,-0.1172626030409855,-0.014662756598240456,0.22210969105875183,-0.14664908195358484,33.60585488935858,-0.0290378303056069,pid,sidecar:trace.csv.future.jsonl:590,,100
591,-0.1059996753706135,0.024437927663734094,0.20866608805798706,-0.1459375939024505,33.616222863228394,0.0466422318151902,pid,sidecar:trace.csv.future.jsonl:591,,100
592,-0.104323868195667,0.04398826979472137,0.18900017482633405,-0.1452261050834934,33.6068430715418,-0.0294289085724217,pid,sidecar:trace.csv.future.jsonl:592,,100
593,-0.1010366316501477,0.04398826979472137,0.17020480520309822,-0.14580152209847516,33.60751963059336,-0.0180914697852422,pid,sidecar:trace.csv.future.jsonl:593,,100
594,-0.0907965743393215,-0.06353861192570864,0.1573184643318014,-0.14648198001009072,33.60045467365087,-0.0637857276279737,pid,sidecar:trace.csv.future.jsonl:594,,100
595,-0.0843445621699874,-0.1026392961876832,0.17196559527719385,-0.1489306447576832,33.60844251280096,0.0146984833883799,pid,sidecar:trace.csv.future.jsonl:595,,100
596,-0.0780381443305064,-0.1026392961876832,0.1869144003374757,-0.15368119456209997,33.60966428302471,0.0401463472446607,pid,sidecar:trace.csv.future.jsonl:596,,100
597,-0.0737710686737255,-0.07331378299120228,0.1928137242435115,-0.1584317083191287,33.59398710452802,-0.0631408218462625,pid,sidecar:trace.csv.future.jsonl:597,,100
598,-0.0686594329638674,-0.12218963831867047,0.19006694365295396,-0.16318218491449313,33.594516054136754,-0.0355015712128873,pid,sidecar:trace.csv.future.jsonl:598,,100
599,-0.0629770739841099,-0.12218963831867047,0.202452131011245,-0.16793262323392175,33.584256613276445,-0.0956168389316679,pid,sidecar:trace.csv.future.jsonl:599,,100
