t,vEgo,aEgo,roll,rollLateralAcceleration,targetLateralAcceleration,currentLateralAcceleration,steerCommand
20,13.018509279589662,0.7071579837602149,-0.0160938147347064,-0.1578735071823785,-0.0500396379143017,-0.0500396379143017,0.1187142523022185
21,13.10121124426613,0.8049053120581146,-0.0161724486805481,-0.1586448058039923,-0.0512166280757856,-0.0512166280757856,0.118358983076239
22,13.172934098093656,0.767778690917081,-0.0162510826263898,-0.1594161034446581,-0.0526361740183956,-0.0526361740183956,0.1178374563547651
23,13.259522679605002,0.818721247465812,-0.0163819010033148,-0.16069926089626782,-0.0545829240761567,-0.0545829240761567,0.1172942121669876
24,13.351451755353668,0.8914985313953678,-0.0165476050370778,-0.1623245971360861,-0.0602984328905378,-0.0602984328905378,0.1142792527390125
25,13.443769751891804,0.9235295015972242,-0.0167082952177165,-0.1639007498871181,-0.0620665295276466,-0.0620665295276466,0.1140738861466468
26,13.537960225742188,0.9184842232712708,-0.0168269509358018,-0.16506459885176258,-0.0635252558105516,-0.0635252558105516,0.1137904393619421
27,13.639316030912363,0.9682167516770246,-0.0169456066538872,-0.16622844549243393,-0.0651730562477538,-0.0651730562477538,0.113361394001946
28,13.731439595998951,0.93598817632187,-0.0171413223049306,-0.16814813717664095,-0.0672125616462405,-0.0672125616462405,0.1132019544637686
29,13.829696180489274,0.9602893560572128,-0.0173827593746361,-0.1705162819533017,-0.0694548418327956,-0.0694548418327956,0.1132142844874234
30,13.92945638438659,0.9768984870904136,-0.0176171945985354,-0.17281573934606476,-0.0710236981539351,-0.0710236981539351,0.1136593639161871
31,14.028313936677293,1.0036361286610325,-0.0177940093385017,-0.17455002006896916,-0.0723123886037709,-0.0723123886037709,0.1138979942067368
32,14.126770629223213,0.9984970958516756,-0.0179708240784681,-0.17628429533483833,-0.0739647855092438,-0.0739647855092438,0.1138706559888532
33,14.220226828039165,0.9481642877801674,-0.0180011176047927,-0.17658142676130517,-0.0741692225987925,-0.0741692225987925,0.1138554657739399
34,14.326753541584775,1.0242995252691454,-0.0179454390275197,-0.17603530813893606,-0.075044154416382,-0.075044154416382,0.1127459061165514
35,14.421261115499323,0.9889761229032968,-0.0178861890984951,-0.1754541596152436,-0.075064031041304,-0.075064031041304,0.1122346524526333
36,14.515445643143208,0.9557533506195244,-0.0177965658865518,-0.17457509583441702,-0.0757790573175411,-0.0757790573175411,0.1110136883060866
37,14.61607903313234,0.9747307224416504,-0.0177069426746085,-0.1736960306513474,-0.085533979253865,-0.085533979253865,0.1033263227506153
38,14.719432321048124,1.0137869067769527,-0.0176272824514663,-0.1729146858177468,-0.0943507975600456,-0.0943507975600456,0.0963846043667852
39,14.8181497163026,1.006156177688886,-0.0175535798652902,-0.17219177530461102,-0.0992207373729682,-0.0992207373729682,0.0923139682678872
40,14.912755502960202,0.9761033071039792,-0.0174942012871276,-0.17160936089023743,-0.1042718681931546,-0.1042718681931546,0.088222763578617
41,15.001748857459267,0.9223496889344314,-0.0175565372785156,-0.17222078305797228,-0.1091122253234755,-0.1091122253234755,0.085142293282611
42,15.107680432971245,1.0107586455127562,-0.0176188732699036,-0.17283220455649578,-0.1104566104896011,-0.1104566104896011,0.0845395365591568
43,15.201396862932896,0.9683251318778974,-0.0177236245388951,-0.17385965406156764,-0.1198527443809326,-0.1198527443809326,0.0785102581157467
44,15.294981089662077,0.9516587535679008,-0.0178528702518964,-0.1751273539148816,-0.1262202503001406,-0.1262202503001406,0.074815538507707
45,15.383428300293586,0.9262905344818946,-0.0179823001685864,-0.1763968575888209,-0.1359141900094081,-0.1359141900094081,0.0687644237125372
46,15.480609271122535,0.9397820281392454,-0.0181130091417388,-0.1776789037935336,-0.1373829602021672,-0.1373829602021672,0.0685722120234099
47,15.574631136901822,0.923509248828962,-0.0182437181148912,-0.17896094696263137,-0.1564329745065026,-0.1564329745065026,0.0558890465184509
48,15.66486220458216,0.9109499690183582,-0.0183436337039117,-0.1799409548836168,-0.1703037602938567,-0.1703037602938567,0.04668644575705
49,15.75833505838868,0.934213076993307,-0.0184229338276081,-0.18071875765104015,-0.1757177722193386,-0.1757177722193386,0.0433545100704766
50,15.846292404673273,0.9294744613059194,-0.0185339766076951,-0.1818079013508162,-0.1774486142872741,-0.1774486142872741,0.0428631119284717
51,15.928943670719852,0.8551571470972587,-0.0188610501516064,-0.18501593196164004,-0.1805853357116565,-0.1805853357116565,0.0428799122108594
52,16.02687771834064,0.9180272158330758,-0.0191881236955176,-0.18822394277999469,-0.1844433435712325,-0.1844433435712325,0.0423790571893657
53,16.10858637421055,0.8453292399218212,-0.0191875373053728,-0.1882181913515965,-0.1866893397860371,-0.1866893397860371,0.0407510555939062
54,16.204477398654042,0.905366464812548,-0.0189706688928857,-0.18609109943167282,-0.1890586289637526,-0.1890586289637526,0.0375336242447763
55,16.29729558887183,0.9356837870589712,-0.0187496250310265,-0.18392304480249744,-0.1907808507375888,-0.1907808507375888,0.0347512183090978
56,16.390529412009673,0.9533382008577984,-0.0185009946974689,-0.18148440428256873,-0.186375582398851,-0.186375582398851,0.0361058276967585
57,16.473826491377917,0.8820749631708901,-0.0182523643639114,-0.17904575254381194,-0.1866815537146882,-0.1866815537146882,0.0341407054835694
58,16.559732515204804,0.849443546883313,-0.0181026744758203,-0.1775775373418667,-0.1875802424326824,-0.1875802424326824,0.0324427169389206
59,16.64355662488512,0.8293018258564431,-0.0180155974947246,-0.17672345144905363,-0.1827682456644662,-0.1827682456644662,0.0351984474802695
60,16.7294799098504,0.8287780891678715,-0.0180259354319714,-0.1768248501467028,-0.1859635046172099,-0.1859635046172099,0.0329909866948322
61,16.829785344018873,0.9152243263612246,-0.0187118018416148,-0.18355206440121793,-0.1898201475381866,-0.1898201475381866,0.0349712904284428
62,16.905496266386077,0.8210045420739578,-0.0193976682512582,-0.1902791923105084,-0.1876463802298884,-0.1876463802298884,0.0411875707835354
63,16.99883084847185,0.9206589019228688,-0.0197444662525915,-0.19368062916203924,-0.1863114406536442,-0.1863114406536442,0.0444654592382893
64,17.074067881347034,0.823651899304804,-0.019870068644484,-0.19491254692836413,-0.1877851382280759,-0.1877851382280759,0.0442582325319426
65,17.152807763128465,0.8004559716427014,-0.0198587946528814,-0.1948019708907422,-0.1889729037878005,-0.1889729037878005,0.0433104932117807
66,17.230970455484677,0.7678456080181479,-0.0188443625046977,-0.18485225523713783,-0.187301249906401,-0.187301249906401,0.0374859549524215
67,17.292537944245538,0.6459761364316343,-0.017829930356514,-0.17490234935716195,-0.1839682271278075,-0.1839682271278075,0.032837218823592
68,17.329788218743627,0.4480620361528031,-0.0169726732104261,-0.1664939302291419,-0.1758310490994858,-0.1758310490994858,0.0326339465808211
69,17.363559445060726,0.3621452012012657,-0.0162080330733114,-0.1589938429464966,-0.1744465497362997,-0.1744465497362997,0.0283519646133877
70,17.38789524528048,0.2726645803504356,-0.0155029660297369,-0.15207800479338593,-0.173194050035824,-0.173194050035824,0.0243910735705247
71,17.419784125286164,0.3125890776469836,-0.015338218015260698,-0.15046201892864436,-0.1737465259298284,-0.1737465259298284,0.0228691187308382
72,17.44401433817525,0.2909106693056404,-0.015173470000784502,-0.14884602898007654,-0.16939697757496,-0.16939697757496,0.0247698071809662
73,17.471877182693213,0.3155515872110834,-0.0149599878492524,-0.14675200677814415,-0.158606195732704,-0.158606195732704,0.030826488132683
74,17.497057557328798,0.293368397126148,-0.014718476070357898,-0.14438303708376643,-0.1596263854989998,-0.1596263854989998,0.0284551433008652
75,17.52134912378571,0.2591621931040149,-0.0144958344400789,-0.14219915570223213,-0.1545680959465124,-0.1545680959465124,0.0304501164669488
76,17.549926772629693,0.254159703406317,-0.0144404133090321,-0.14165553130922082,-0.1560261588836954,-0.1560261588836954,0.0290452397097256
77,17.57880488182882,0.2555375086628054,-0.0143849921779852,-0.14111190648111333,-0.1514181448925538,-0.1514181448925538,0.0318656838980488
78,17.606447506097144,0.252194748003704,-0.0144397881631825,-0.14164939926780773,-0.1533765561430784,-0.1533765561430784,0.0308659933375886
79,17.635772927461215,0.2676986993697644,-0.0145597113805168,-0.14282572236162164,-0.156851366283446,-0.156851366283446,0.0292555962725512
80,17.67292503551425,0.3253064748993588,-0.0146701119714204,-0.14390863649467173,-0.1589102215294784,-0.1589102215294784,0.0285637273324601
81,17.700712413582107,0.2980734604505821,-0.0147082376869593,-0.14428260941404233,-0.1604715965010852,-0.1604715965010852,0.0277285122428072
82,17.73315825972532,0.327478883789175,-0.014746363402498302,-0.14465658212368906,-0.1620137047909079,-0.1620137047909079,0.0269057351697559
83,17.76580586290366,0.3548427848501471,-0.014799177088410198,-0.14517462784949664,-0.1643713553598237,-0.1643713553598237,0.0256168923011755
84,17.795407300139964,0.3527055830068153,-0.0148607297772779,-0.14577839332878706,-0.161730773188976,-0.161730773188976,0.0278616176233453
85,17.82298743413276,0.3186168889076319,-0.0149207654679409,-0.1463672781600682,-0.1647290435855846,-0.1647290435855846,0.0261793061630166
86,17.854479112381792,0.3229741678830629,-0.014966876269476301,-0.14681957461547007,-0.1602935162104945,-0.1602935162104945,0.0295624463985015
87,17.88423871482744,0.3077624688668551,-0.015012987071011702,-0.1472718707587033,-0.161458428684309,-0.161458428684309,0.0290575061316332
88,17.910124170937358,0.2643651816704006,-0.01511558361875,-0.14827822869301846,-0.1624832553390097,-0.1624832553390097,0.0290357537609832
89,17.943297567363214,0.2890673050854327,-0.015254225226569202,-0.14963814606379808,-0.1632327833819386,-0.1632327833819386,0.0294475567311822
90,17.97014579283464,0.247469055709644,-0.015446868661313198,-0.15152775550073908,-0.1638171527843489,-0.1638171527843489,0.0303429236819103
91,17.993947573730622,0.2207792452276112,-0.0159875021392529,-0.15683071479251595,-0.1596523546330851,-0.1596523546330851,0.0368946095290476
92,18.01712106306514,0.2081160089076047,-0.0165281356171926,-0.1621336282450978,-0.1612773578371188,-0.1612773578371188,0.03943141191274
93,18.0339429728528,0.1600264540505245,-0.0166893826710236,-0.16371524367138648,-0.1571073094264495,-0.1571073094264495,0.0434054849339507
94,18.03953119706966,0.0841449798837203,-0.0166038908179648,-0.16287668479329304,-0.1513942078342046,-0.1513942078342046,0.0467768140501533
95,18.048720411067546,0.0938786992271711,-0.0165204689995819,-0.16205842899417947,-0.1456019615001875,-0.1456019615001875,0.0502137701157514
96,18.055179851990044,0.088463729596995,-0.0164510016543841,-0.16137704694123894,-0.1450917467283398,-0.1450917467283398,0.0500912720992106
97,18.058053300989645,0.077760173504157,-0.0163815343091862,-0.16069566410953828,-0.1443968998132281,-0.1443968998132281,0.0500987882310259
98,18.05576939582044,0.0373325406359328,-0.0164395020585443,-0.16126425116037135,-0.1326686201293277,-0.1326686201293277,0.0586074708337922
99,18.058451428299115,0.0524092189126361,-0.0165805382029401,-0.16264762717348571,-0.132644569653567,-0.132644569653567,0.0595789368251838
100,18.05412898202188,0.0073290128729103,-0.0167823694000795,-0.16462731573726205,-0.1314769234342818,-0.1319648093841641,-0.008068471969669736
101,18.054870176697992,0.025139953560498,-0.0173806315719685,-0.1704954113622758,-0.1315140964851973,-0.12218963831867047,-0.008064594636851467
102,18.056100865447853,0.0192795521601405,-0.0179788937438576,-0.1763634459639794,-0.1344574235993323,-0.17106549364613866,-0.011135397372401792
103,18.051376750961044,-0.0267982200359575,-0.0185026890377073,-0.18150102291547185,-0.1455323506239479,-0.22971652003910048,-0.003888431654697966
104,18.050297018833177,-0.0337900066399866,-0.0189778362889505,-0.18616139893047748,-0.1437145078016876,-0.23949169110459412,0.015301798197656053
105,18.052333304185257,-0.0204758448803804,-0.0193538350712519,-0.18984926952805883,-0.1458799041584166,-0.22971652003910048,0.02894841496932516
106,18.050460043516587,-0.0384894674408915,-0.0190788327299883,-0.18715199465335908,-0.1463964347654801,-0.2101661779081132,0.03622231991874861
107,18.050009484823526,-0.0373168986902718,-0.0188038303887247,-0.18445470562504881,-0.1464091525200057,-0.19061583577712593,0.039274607765171006
108,18.046713116059447,-0.0579859658535042,-0.018414093398288197,-0.18063204774929628,-0.1522005187102588,-0.19061583577712593,0.0384807747163094
109,18.04080986861119,-0.0586038423870164,-0.0179483591291281,-0.17606394972249453,-0.1446522822623511,-0.17106549364613866,0.04280586910236404
110,18.041208908475543,-0.0234305212847278,-0.0175105815092827,-0.17177002625782714,-0.1441958298108688,-0.15151515151515138,0.04318155968314043
111,18.026005241975017,-0.0910663850262541,-0.0173142395288332,-0.16984420341667564,-0.1427232527788636,-0.16129032258064502,0.040481730759699984
112,18.01165273818997,-0.0973696691579658,-0.0171178975483838,-0.16791837402800164,-0.1480103322448193,-0.17106549364613866,0.0414889172501709
113,17.997487206623024,-0.1157853485170851,-0.0170853541851847,-0.1675991703187748,-0.147353756087979,-0.21994134897360684,0.0455792679663338
114,17.978340492789883,-0.1422959965758791,-0.0171501205932215,-0.16823443569838353,-0.1487535296547807,-0.2101661779081132,0.05999253611101474
115,17.961107135428982,-0.1376162725975576,-0.0172012643892797,-0.16873608233457785,-0.1451917549144842,-0.2101661779081132,0.06812390846551497
116,17.950724520899335,-0.0948041055879424,-0.0171503052139966,-0.16823624656184016,-0.1471654470032793,-0.20039100684261957,0.07381440727415402
117,17.920878523340697,-0.2387554044479636,-0.0170993460387135,-0.16773641035222026,-0.1489381100470559,-0.19061583577712593,0.07721529882948786
118,17.88502307910304,-0.3421520567975419,-0.017274295948751295,-0.169452415493658,-0.1460530485575355,-0.19061583577712593,0.08008114678386738
119,17.86119780872952,-0.2926147425014804,-0.0175860229264652,-0.17250999261189487,-0.1465105023474043,-0.16129032258064502,0.0840615458811516
120,17.825571651131142,-0.3952930392701847,-0.0178964263406957,-0.17555457088831872,-0.1463419320383158,-0.1808406647116323,0.08139185399451175
121,17.779362558790975,-0.4645492349557034,-0.0181966244478335,-0.178499034771012,-0.1463693621014879,-0.2101661779081132,0.08606591979612414
122,17.733784055986863,-0.4694170456360373,-0.0184968225549713,-0.18144348256756815,-0.1478825820765758,-0.24926686217008776,0.09727833935630992
123,17.676829062507487,-0.546195607399278,-0.0185505987165048,-0.1819709362071906,-0.1460139674935813,-0.2590420332355814,0.11489532080067999
124,17.620455925191656,-0.5545903212207386,-0.0184470743344353,-0.180955535782861,-0.1319116646569985,-0.23949169110459412,0.1331703317914165
125,17.559453648884354,-0.5722912962557117,-0.0183619975011123,-0.18012107339560973,-0.1309899434032612,-0.21994134897360684,0.14264074851379036
126,17.496207481623568,-0.5879773699967733,-0.0184384891222346,-0.18087132917406015,-0.1231479834675297,-0.23949169110459412,0.14967017788617745
127,17.433560413205736,-0.5755310958492689,-0.0185149807433568,-0.18162158389423724,-0.1233029146045692,-0.22971652003910048,0.163422659640972
128,17.363757022102053,-0.6329951074942524,-0.0188734825718089,-0.1851378722968276,-0.1246954661630638,-0.22971652003910048,0.17336690519864856
129,17.29600565720655,-0.670505054968135,-0.0193965553902601,-0.1902682771978334,-0.1253838857758697,-0.24926686217008776,0.18311052374088185
130,17.21911606609027,-0.7798454066235785,-0.0198720535007884,-0.19493201452459943,-0.125791263042256,-0.22971652003910048,0.19813989842495963
131,17.13760907169398,-0.8521278706251757,-0.0199271401367959,-0.19547230742974922,-0.1262516404214359,-0.22971652003910048,0.20665944135410622
132,17.10496649700487,-0.5606873949275054,-0.0199822267728033,-0.19601259974172996,-0.1197992536224616,-0.21994134897360684,0.21750683878718555
133,17.041882847149296,-0.6722247812723549,-0.0189474478040251,-0.1858633414894154,-0.1111722624908851,-0.21994134897360684,0.2285626823851871
134,16.978425482466143,-0.6177298082126332,-0.0172197563786369,-0.16891746188439113,-0.1116037061433532,-0.20039100684261957,0.2392743281330644
135,16.932449092361537,-0.5059351822728361,-0.0156430483532332,-0.15345204575371027,-0.1061729268850997,-0.15151515151515138,0.2466682916873074
136,16.86208076042924,-0.5969302342024516,-0.0151172062377177,-0.14829414476646413,-0.1025735564941013,-0.09286412512218956,0.24438485349617875
137,16.79460426854977,-0.6216778710423485,-0.014591364122202199,-0.14313620277441524,-0.1183676825446841,-0.053763440860215006,0.2288636324053131
138,16.717084189955536,-0.7484101336949515,-0.0152494652677932,-0.14959145629919005,-0.1255047206542029,-0.04398826979472137,0.21117815476965437
139,16.653308635212564,-0.6711311407548759,-0.0166952350183705,-0.1637726472006671,-0.1344798401699461,-0.04398826979472137,0.19701585718390713
140,16.607776447074038,-0.5576874137699168,-0.018004711405815,-0.1766166762362981,-0.1383893690379624,-0.06353861192570864,0.18602682875951915
141,16.55423595090623,-0.5381212891664322,-0.0183671774400153,-0.1801718800275706,-0.1395184396585437,-0.09286412512218956,0.18083746151070842
142,16.49998703210204,-0.5325212334741415,-0.0187296434742155,-0.18372706014756782,-0.1585733997973931,-0.09286412512218956,0.17670127996742327
143,16.44492423772735,-0.5139248118398476,-0.0188517026732183,-0.18492424950051056,-0.1669255100341981,-0.1026392961876832,0.16865348113465056
144,16.384334006768228,-0.5539321373819251,-0.0188119741723123,-0.18453458201233605,-0.1823605381823062,-0.1319648093841641,0.1594349953869064
145,16.3170630102355,-0.654621839893627,-0.0188105568061473,-0.18452068011030948,-0.1878397718696291,-0.1319648093841641,0.15693369840328175
146,16.24503736654757,-0.7245170361046619,-0.0190770633633539,-0.1871346403253656,-0.1937747856663829,-0.1319648093841641,0.15117378162990622
147,16.195152977907032,-0.5872658180566284,-0.0193435699205605,-0.18974858724904453,-0.2494433245074849,-0.11241446725317683,0.13120644187090966
148,16.14395189211369,-0.5353295252934855,-0.019508275854906,-0.1913640476049189,-0.2803192394047693,-0.1319648093841641,0.10430500359915743
149,16.08977836240857,-0.5065638907499019,-0.0196058915506326,-0.19232147445235048,-0.2832285140998077,-0.19061583577712593,0.08886907308099941
150,16.03736073596219,-0.4912113642679704,-0.0196250693282891,-0.19250957225843432,-0.2812445591314306,-0.21994134897360684,0.08929834467298438
151,15.983610628829554,-0.5256128031046798,-0.0190883087226357,-0.18724493721462612,-0.283746369722686,-0.23949169110459412,0.08994046238016942
152,15.929249675903442,-0.5623791003425163,-0.0185515481169824,-0.1819802482233166,-0.2789687858648385,-0.20039100684261957,0.0908689746326365
153,15.874720684911866,-0.554586831925673,-0.0175462864702476,-0.1721202381173896,-0.2677565058471514,-0.1808406647116323,0.08146165140690273
154,15.80548788606357,-0.6249230246656742,-0.0162276140709614,-0.15918590727250334,-0.2613979123691998,-0.1808406647116323,0.07005461290746769
155,15.754079944458192,-0.5048279840396245,-0.0150062552587705,-0.14720583911940752,-0.2562651634868712,-0.19061583577712593,0.06254185069262358
156,15.692539247839738,-0.5570942278915144,-0.0146036767340979,-0.14325697662826323,-0.2527106070007964,-0.19061583577712593,0.058497230573342655
157,15.644936189472023,-0.5177134911347481,-0.0142010982094252,-0.13930809091953622,-0.2548013307983484,-0.2101661779081132,0.052488273852201145
158,15.606284780416578,-0.4404260359329506,-0.0139571231799074,-0.1369149330929911,-0.2538105244400615,-0.2101661779081132,0.050929873923213
159,15.56315608986875,-0.4276281152183963,-0.0138044051699845,-0.13541691374458908,-0.2519722608803151,-0.22971652003910048,0.048098979921408325
160,15.529727236520165,-0.3403319529742961,-0.0136707224587021,-0.13410561009266078,-0.2512539093861268,-0.23949169110459412,0.04892082345014719
161,15.48581744822006,-0.377812941092534,-0.013690939875323401,-0.13430392438950323,-0.2456882847596297,-0.22971652003910048,0.051553797835040625
162,15.4491296083707,-0.3814577141816386,-0.0137111572919448,-0.13450223863145072,-0.2448842988804999,-0.20039100684261957,0.04957617382611253
163,15.41412568028862,-0.3734977129462867,-0.014024970261157602,-0.13758044781756465,-0.2444067384643714,-0.1808406647116323,0.04060271855425002
164,15.38008466645031,-0.3439489197172202,-0.014526845729142602,-0.1425033444172481,-0.2400343674723649,-0.1808406647116323,0.030999134879082818
165,15.35256644838333,-0.2853173428884487,-0.0150412250504639,-0.1475488540608353,-0.2363155801759325,-0.19061583577712593,0.025175278658380214
166,15.308966792641302,-0.3651428417303164,-0.0156549692574893,-0.15356897550545107,-0.2225182891647891,-0.19061583577712593,0.025529418661207275
167,15.26413783066242,-0.4500371019349156,-0.0162687134645147,-0.15958903910340733,-0.2046225572808607,-0.2101661779081132,0.027919280928413386
168,15.237680027821254,-0.3326718544043903,-0.0166027479933445,-0.1628654752290169,-0.1740331666676757,-0.19061583577712593,0.039600897891977814
169,15.202485573086026,-0.3304576866879722,-0.0167735574406248,-0.16454088258190785,-0.1688478631435578,-0.2101661779081132,0.042395265508600295
170,15.171635149174309,-0.2872098138367843,-0.016937019413280095,-0.1661442167506892,-0.162543070196725,-0.2101661779081132,0.050067658414625495
171,15.133493456453374,-0.3345046576713452,-0.017038578791371,-0.16714037049437452,-0.1610210936078413,-0.2101661779081132,0.05656860967939863
172,15.106260659148768,-0.3058732056963703,-0.0171401381694618,-0.16813652251412178,-0.1431017234399202,-0.20039100684261957,0.06590027044927356
173,15.07758535672406,-0.286502477557104,-0.0174234063473445,-0.17091496837338535,-0.1352044484070548,-0.20039100684261957,0.07310199167509665
174,15.054326490870848,-0.2273955615762287,-0.0178136563465179,-0.17474272667184193,-0.1097712562855424,-0.16129032258064502,0.08567595152232982
175,15.042892877169018,-0.1334933179397043,-0.0181975825579185,-0.17850843227481195,-0.0934146390340564,-0.17106549364613866,0.09058182154393947
176,15.014933183260831,-0.2285780830807516,-0.0185401354326448,-0.18186830904336695,-0.0806921353240781,-0.15151515151515138,0.10160839164270664
177,15.005627516172597,-0.1432679808293902,-0.0188826883073712,-0.18522816447104617,-0.0804585242393073,-0.15151515151515138,0.10716345532482832
178,14.99963167047656,-0.0908204787130057,-0.019212635668806,-0.1884643609155163,-0.0714306814894673,-0.14173998044965774,0.11543006925242454
179,14.993900067998885,-0.0368106446525046,-0.0195344534750535,-0.19162080112850063,-0.0709791541001825,-0.14173998044965774,0.12166067015109192
180,14.978999129312202,-0.0976509179320675,-0.019849147625268,-0.19470735220132399,-0.0703064688921006,-0.15151515151515138,0.1284053894915562
181,14.970602343222213,-0.1029974937307375,-0.0201022849314829,-0.19719013373507513,-0.065598026224853,-0.16129032258064502,0.1390894274866636
182,14.964931761552508,-0.083505830760555,-0.0203554222376978,-0.19967290263317922,-0.065040448399572,-0.1026392961876832,0.15094929677509625
183,14.962056436521204,-0.0372224380446364,-0.0205351996876207,-0.2014361508220095,-0.0647254946625763,-0.1319648093841641,0.1470045903016708
184,14.957126802125789,-0.0294468545662946,-0.0206670418111524,-0.20272924760525618,-0.0645119132298246,-0.1026392961876832,0.15485261950368956
185,14.94298108425326,-0.1125699711995213,-0.0208171001191103,-0.20420100294894508,-0.0646792008268903,-0.08308895405669592,0.15602622334243454
186,14.942294421514772,-0.0568220423477364,-0.0211240161042599,-0.2072111867444469,-0.065987083587832,-0.06353861192570864,0.15321142401260904
187,14.937366365228884,-0.0571100285933017,-0.0214309320894094,-0.2102213510211882,-0.0623575156080161,-0.053763440860215006,0.14996329779563972
188,14.934496489010725,-0.0222996373752875,-0.0214330979207284,-0.2102425929469534,-0.0613207864419807,-0.06353861192570864,0.147122903457728
189,14.913667252215484,-0.1289786636020146,-0.0212360564893565,-0.20831005640245853,-0.0599994194769316,-0.07331378299120228,0.14858939368227148
190,14.911299230308472,-0.0882745240936986,-0.0210361235502601,-0.20634915235628323,-0.0555808274355249,-0.09286412512218956,0.15296632011463784
191,14.899602046400084,-0.1066165069001292,-0.0208116213023097,-0.2041472673983637,-0.0542737018930929,-0.1026392961876832,0.16053939229183875
192,14.88941460033501,-0.0960060071509522,-0.0205871190543593,-0.20194537215116481,-0.0538721131194807,-0.09286412512218956,0.16796665628250326
193,14.877701857925304,-0.0981375273134437,-0.0203469117699074,-0.19958943223260694,-0.0536575194861696,-0.04398826979472137,0.17106908312220795
194,14.866937437397992,-0.1252622832307729,-0.0200960665724844,-0.1971291439546041,-0.0520831009982343,-0.04398826979472137,0.1630360853667373
195,14.856972035959869,-0.1150099731588317,-0.0198507389753844,-0.1947229602705133,-0.0518108461990063,-0.024437927663734094,0.15978551175530395
196,14.847053443818153,-0.1029216964091433,-0.019652747370734,-0.19278104149535594,-0.0517136914888239,-0.024437927663734094,0.15431001226339977
197,14.840252537439625,-0.0487059259481021,-0.0194547557660835,-0.19083911516305055,-0.0508151889055981,-0.07331378299120228,0.15076885457272876
198,14.833707043840713,-0.0548404917563312,-0.0193348584630263,-0.18966314383126612,-0.0498041919532203,-0.06353861192570864,0.16025136733717607
199,14.829408436156593,-0.0526491116761197,-0.0192639535404904,-0.1889676960771322,-0.0492962329717129,-0.053763440860215006,0.16300366428748142
200,14.817783893778026,-0.081109084615362,-0.0191967869658075,-0.18830891380958223,-0.0501736273190663,-0.06353861192570864,0.16135881911252073
201,14.814115839370356,-0.036259399729944,-0.019161472254305,-0.1879625402043884,-0.0510032288119808,-0.053763440860215006,0.16331804233631889
202,14.804433302375362,-0.0855177321972741,-0.0191261575428025,-0.18761616636478112,-0.0509727031973343,-0.08308895405669592,0.16268749163593332
203,14.802582426063031,-0.0662218262309449,-0.0189985597172764,-0.18636465911394662,-0.0506132480389898,-0.1026392961876832,0.16963386153519425
204,14.801739098202251,-0.0381204278546758,-0.0188114959254643,-0.18452989124086794,-0.0505463350455512,-0.14173998044965774,0.17920211119988166
205,14.802936715197536,0.008961753495915,-0.0185990695233698,-0.1824463527955211,-0.0502271414680082,-0.17106549364613866,0.19499073227285268
206,14.785831160431067,-0.0933423271553343,-0.0181865974194164,-0.17840068589801272,-0.053685745598296,-0.15151515151515138,0.2124910616905308
207,14.782355173572402,-0.0705193959721812,-0.017774125315463,-0.17435498864861876,-0.0571857193765821,-0.1319648093841641,0.2200218062257792
208,14.768536136192212,-0.1280727038001159,-0.0175669819320457,-0.17232322930907093,-0.056213695513178,-0.1026392961876832,0.22373712967568946
209,14.761009623067828,-0.0751785715106654,-0.0174786937332007,-0.1714572550443262,-0.0565497435926413,-0.11241446725317683,0.22314949236582768
210,14.75292010608782,-0.0577982227176878,-0.0173486525279123,-0.17018174423618873,-0.0645024665657762,-0.1319648093841641,0.22662741731605762
211,14.745457032992851,-0.0671638833493925,-0.0168569771847761,-0.16535911457930086,-0.0635044887243772,-0.11241446725317683,0.23648790056701013
212,14.744014869956304,-0.0470218630787014,-0.0163653018416398,-0.16053644494773267,-0.0704290976025309,-0.1026392961876832,0.23801605544731322
213,14.73643307070695,-0.0755581394073107,-0.0159579708184669,-0.1565410494904538,-0.0734056504286045,-0.11241446725317683,0.23772550282713406
214,14.737037022828762,-0.0211721484371141,-0.015600963306719,-0.15303924182435302,-0.0973605801183917,-0.09286412512218956,0.23654152444970983
215,14.719697436380342,-0.1409513328174386,-0.015281756212075,-0.1499081935529508,-0.1248485455486736,-0.09286412512218956,0.22591211552627366
216,14.72030894481036,-0.0646342909569187,-0.0152601299696824,-0.14969606485187428,-0.1409007127535295,-0.12218963831867047,0.21633601871930289
217,14.71013974258135,-0.0966241575284652,-0.015238503727289899,-0.14948393608078675,-0.1456372275339993,-0.15151515151515138,0.2166321327109862
218,14.703263637865422,-0.0577672738627554,-0.015240633953845102,-0.14950483117667335,-0.1580818616633566,-0.16129032258064502,0.2196757634397458
219,14.68801642339274,-0.1170614645206482,-0.015256662383001302,-0.14966205178635492,-0.1664691208255773,-0.19061583577712593,0.22024965369607488
220,14.678335825321106,-0.1191029209008596,-0.0152822928530369,-0.1499134573860687,-0.1756198968114464,-0.21994134897360684,0.22468761960742314
221,14.662752230029907,-0.1558683795039784,-0.015369037024743298,-0.15076431777711666,-0.1809153032131788,-0.23949169110459412,0.2330717604204827
222,14.643408193873674,-0.164260954387028,-0.0154557811964497,-0.1516151770337308,-0.1938045202385009,-0.2590420332355814,0.23985995293221812
223,14.613922342542269,-0.2540272570970429,-0.0156664875994094,-0.1536819565834906,-0.1988032225836234,-0.26881720430107503,0.248303206477607
224,14.589954819239953,-0.2708844675013117,-0.015958542185308,-0.15654665388546496,-0.1995561183646595,-0.24926686217008776,0.2572817150702923
225,14.552412783717992,-0.3503204017096307,-0.0162551911589556,-0.15945640282571052,-0.1994825221386499,-0.27859237536656867,0.2599726317450055
226,14.514020066953446,-0.3648297685719867,-0.0165830077703425,-0.16267185029918454,-0.1983596107452296,-0.29814271749755594,0.2712873169659416
227,14.46566608879291,-0.4160379437171983,-0.0169108243817294,-0.16588728029133482,-0.1978157167794894,-0.3176930596285432,0.28578716506674834
228,14.414959462618263,-0.4814737639307669,-0.0173557844321146,-0.1702516976836182,-0.1932512538116879,-0.2883675464320623,0.30272064248558844
229,14.355416162044596,-0.5711719747504275,-0.0178777392455058,-0.17537127981020015,-0.1930753274193329,-0.27859237536656867,0.3093887077309113
230,14.30681341149968,-0.5144158259422731,-0.0183729606774416,-0.18022860401435425,-0.1918984018860893,-0.27859237536656867,0.31529222611276103
231,14.237685504435207,-0.6212387710130061,-0.0186872424728853,-0.18331117911555986,-0.1906539866636631,-0.3176930596285432,0.3238070649314269
232,14.16527939360014,-0.6925291917443316,-0.0190015242683291,-0.18639373611056295,-0.1877876499155558,-0.3176930596285432,0.3428228768929459
233,14.09307474739016,-0.7274205936517963,-0.0191830006992092,-0.1881736954352948,-0.18163948697873,-0.2883675464320623,0.3595255254084908
234,14.020086131468462,-0.7123666856860732,-0.0192766032460837,-0.18909176664902852,-0.1798564568831125,-0.2590420332355814,0.3667914543987149
235,13.942282187085732,-0.7542002499130083,-0.0193448979998683,-0.18976161326950952,-0.1736067439621363,-0.2590420332355814,0.370598468082592
236,13.858267688243105,-0.8294067478400582,-0.0192523515076836,-0.18885390124047144,-0.1636366799698195,-0.29814271749755594,0.3803317350814755
237,13.77292573810958,-0.8415631828743941,-0.0191598050154988,-0.18794618759392637,-0.1576807914532306,-0.23949169110459412,0.40130437441205674
238,13.681344886715168,-0.8723198700521113,-0.0191097920496366,-0.18745565021537577,-0.1512344742611606,-0.21994134897360684,0.40510502574713736
239,13.593848635725696,-0.8677837114035472,-0.0190873000367415,-0.1872350438085806,-0.1490520014569816,-0.19061583577712593,0.40696087346674586
240,13.49501337278632,-0.951127707845928,-0.0190663461948733,-0.18702952402244147,-0.1431717290616701,-0.15151515151515138,0.40745556287020446
241,13.390607705767405,-0.9887239118275044,-0.0190563020912737,-0.18693100926572376,-0.13773792483063,-0.16129032258064502,0.4028099908118019
242,13.279113959308145,-1.052739372470161,-0.0190462579876741,-0.1868324944901477,-0.1346813222934659,-0.15151515151515138,0.4055086580504577
243,13.169296153872065,-1.098310983430285,-0.018753023736484,-0.1839563802416038,-0.1281435504082016,-0.14173998044965774,0.40806619147850104
244,13.065263758050213,-1.0505507059364791,-0.0182936417138174,-0.17945061574451013,-0.1248512332201406,-0.1319648093841641,0.40866291879430516
245,12.962121340797584,-1.024705975724052,-0.0177891107406092,-0.17450197242913743,-0.1144991590559517,-0.07331378299120228,0.4101478128116372
246,12.853736038644264,-1.0887576018375722,-0.0168807306278129,-0.16559210270221136,-0.098392242395736,-0.053763440860215006,0.4016292791533647
247,12.746655453877544,-1.066607154827674,-0.0159723505150166,-0.15668209633623767,-0.075709334225217,-0.04398826979472137,0.39762467637864246
248,12.636195221348745,-1.0769496076522758,-0.015250473154375702,-0.14960134251687587,-0.0730793946298085,-0.053763440860215006,0.39386696702647683
249,12.531115635396509,-1.0808326159758328,-0.014635322018026697,-0.14356738368902386,-0.0710341858308381,-0.03421309872922773,0.3934396892022539
250,12.426557226132282,-1.0439997233402996,-0.014065821234025,-0.13798115633360297,-0.06657064509529,-0.03421309872922773,0.38868808890031187
251,12.321771398514386,-1.0449801224286346,-0.0138630925028725,-0.1359925813922359,-0.0622208447558279,0.004887585532746819,0.3857053854718972
252,12.221065035810684,-1.026906110740876,-0.0136603637717201,-0.13400400086171912,-0.0619004055299286,0.024437927663734094,0.3737503309884985
253,12.131542800766503,-0.9150026845924224,-0.0136650653135971,-0.13405011868279615,-0.0517779999345056,0.004887585532746819,0.3627346182537124
254,12.04503058899274,-0.8879208488722347,-0.013795627629744702,-0.13533081427389862,-0.0483416695127114,-0.004887585532746819,0.36017611961527674
255,11.955165121272524,-0.8944004744099917,-0.0139850401607403,-0.13718877194732246,-0.048753994032499,-0.004887585532746819,0.3583372966200892
256,11.865638861684534,-0.8999590760356456,-0.0146492316895948,-0.14370382293976583,-0.0487177566780898,-0.004887585532746819,0.35445565607680335
257,11.776511702479963,-0.9282959838805376,-0.015313423218449399,-0.1502188105372154,-0.0495372333987041,-0.014662756598240456,0.3498762461756641
258,11.70409109105384,-0.7898043627675445,-0.015951400518657,-0.1564766030526735,-0.0503621258993564,-0.03421309872922773,0.34753381653556736
259,11.632494128078454,-0.7303652685202269,-0.0165739268876526,-0.162582779081814,-0.0480525621900149,-0.03421309872922773,0.34972834158275196
260,11.565234631496828,-0.6948365878359881,-0.017124953796607,-0.16798758567736907,-0.048551553774954,-0.07331378299120228,0.34938221428265537
261,11.485573520879948,-0.7561210546218937,-0.0171029505653538,-0.16777176558812504,-0.045765572089473,-0.09286412512218956,0.3580584953833652
262,11.416861162823327,-0.7274249930367934,-0.0170809473341007,-0.1675559454176566,-0.0459136933928205,-0.053763440860215006,0.36772864720904214
263,11.343921731501768,-0.7216338304894845,-0.0168069861864257,-0.16486877235453778,-0.044429136064162,-0.03421309872922773,0.3643489053679814
264,11.27059194950936,-0.7248345946125454,-0.0163861749939672,-0.16074118311720706,-0.0399489763590759,-0.004887585532746819,0.3596416969730529
265,11.205135214329342,-0.6698099608875517,-0.0159760341699999,-0.1567182283811396,-0.0397836101897304,-0.004887585532746819,0.3512126339609286
266,11.140541546021764,-0.6514643540059243,-0.0156330601944286,-0.15335407389650554,-0.0390424406630416,-0.014662756598240456,0.3463569067282508
267,11.079133308957994,-0.6165188116123997,-0.0152900862188573,-0.14998990137265591,-0.0386274980637955,-0.024437927663734094,0.3454467107070028
268,11.02012305254111,-0.5755410164165093,-0.015123576588441,-0.14835663076340994,-0.0381208168494741,-0.014662756598240456,0.3460785208363938
269,10.973484089305233,-0.5081135350460343,-0.0150734189263522,-0.14786464018192402,-0.0379570067783757,0.014662756598240456,0.34292922072800636
270,10.94269992468076,-0.388644772807129,-0.015044850650677198,-0.14758441717470663,-0.0379614919634979,0.014662756598240456,0.33299253396894185
271,10.911791395315026,-0.3117294013306275,-0.01515370811544,-0.14865218717243847,-0.0380223836319075,0.014662756598240456,0.326160883414788
272,10.906007716423783,-0.1193350590544162,-0.0152625655802028,-0.14971995540864969,-0.0380456669906137,0.014662756598240456,0.32088350756054057
273,10.90097385167132,-0.0750071396525143,-0.0152433982042386,-0.14953194532316222,-0.0377764455535429,0.024437927663734094,0.3156765827714148
274,10.897377928225591,-0.0416097953798475,-0.015141560571190402,-0.1485330334346195,-0.0372228264313075,0.03421309872922773,0.30821531572213273
275,10.895184872303217,-0.0231826327473063,-0.0150587996785359,-0.1477212416372361,-0.0376356005258882,0.014662756598240456,0.29909501533089794
276,10.900299437820742,0.0175169315193454,-0.0150988520724697,-0.148114110953926,-0.0378984661489185,0.004887585532746819,0.29603775362682805
277,10.901638731487669,0.0108496693218009,-0.0151389044664034,-0.1485069800330111,-0.040966079408305,0.014662756598240456,0.29342709659611177
278,10.902358645274507,0.0057351286383418,-0.0152606919120073,-0.14970157686420016,-0.0414956709393174,0.024437927663734094,0.2867034781173758
279,10.90238100450308,-0.0018909054654619,-0.015435526340226798,-0.15141650059548567,-0.0421793025766541,0.024437927663734094,0.27801045269192026
280,10.9039103662919,0.007720554722905,-0.0155855196472158,-0.1528877579430849,-0.0427225846439037,0.014662756598240456,0.270662938864357
281,10.902273738578756,-0.0046560709544993,-0.0155720290612273,-0.15275543135387587,-0.0428577071518222,-0.004887585532746819,0.2662509854349622
282,10.891237374751,-0.0785748916010806,-0.015558538475238798,-0.152623104736866,-0.0427692041526113,0.004887585532746819,0.26576246215501537
283,10.88438562632556,-0.084459205928746,-0.015507851173076,-0.15212592228885846,-0.0452184579532857,-0.004887585532746819,0.2600568482673168
284,10.872548425245933,-0.1287921846207733,-0.0154329432676987,-0.15139116367210984,-0.0451755439714267,-0.014662756598240456,0.256774325982266
285,10.866866937929435,-0.1112696122866576,-0.015362507680168898,-0.15070027246835738,-0.0448853693122037,-0.004887585532746819,0.2557017023112891
286,10.841001306301855,-0.2201966690259596,-0.015322317754474,-0.15030605569913733,-0.044297786302561,-0.014662756598240456,0.25098950805378684
287,10.805034090976786,-0.3158918134236728,-0.015282127828779201,-0.14991183868713936,-0.0439611218545206,-0.024437927663734094,0.24900861000412053
288,10.769227252990689,-0.3456750277632228,-0.0153468068177568,-0.1505462651646843,-0.043580487251246,-0.014662756598240456,0.24907240573255177
289,10.714943077253215,-0.4645888787474461,-0.0154746514284798,-0.1518002718729011,-0.0431604449470483,-0.004887585532746819,0.24543246631401164
290,10.663293193533857,-0.4915919060230548,-0.0156021612237616,-0.15305099196035293,-0.0429128496856269,-0.014662756598240456,0.2397812023101967
291,10.609423793946796,-0.5165500679620165,-0.0157269585512322,-0.15427510354139556,-0.042910698299024,-0.014662756598240456,0.23783982641070023
292,10.548739442478574,-0.5998152301174802,-0.0158517558787027,-0.15549921271969913,-0.0475244985396913,-0.014662756598240456,0.2344166906723415
293,10.48685612030585,-0.6114043172724407,-0.01584853454195,-0.1554676153756253,-0.0471197461328828,-0.03421309872922773,0.23098393514788867
294,10.41290346968817,-0.7061224660944283,-0.0157683142769493,-0.15468075290735545,-0.0463350944094935,-0.053763440860215006,0.23268075658474444
295,10.342857345733218,-0.7136003711558012,-0.0156904622849895,-0.15391711934284805,-0.0479698148533603,-0.053763440860215006,0.23688189213928293
296,10.265797121689891,-0.753145125446953,-0.0156319265389242,-0.1533429540948457,-0.0467019515586008,-0.04398826979472137,0.2387176056067176
297,10.196876132860613,-0.7113183962302971,-0.0155733907928588,-0.15276878832142285,-0.0464632351340468,-0.053763440860215006,0.23718312926839386
298,10.12189695623926,-0.7247159088570281,-0.0155472641084948,-0.15251251657569273,-0.0458132675595448,-0.053763440860215006,0.2389530841893705
299,10.059658183678604,-0.6471787051507597,-0.015539687034511099,-0.15243819445891477,-0.045760241088925,-0.04398826979472137,0.2403134662732473
300,9.987893553135477,-0.6798759095893144,-0.0155193597498488,-0.15223880784144336,-0.0472159061018069,-0.024437927663734094,0.23839873432235228
301,9.917419033793657,-0.7039419190892117,-0.0153970231979594,-0.15103882965323698,-0.0485677988283001,-0.014662756598240456,0.2324223955439795
302,9.842132835471896,-0.7207490216902711,-0.015274686646069898,-0.14983884920454746,-0.0475926313792944,-0.024437927663734094,0.22677198910488636
303,9.767724597849249,-0.7529938997499828,-0.015115251569663798,-0.14827497166359455,-0.0489773908651084,-0.024437927663734094,0.22504308103738954
304,9.704587572545847,-0.6680420283404521,-0.014933527215246298,-0.14649245695368793,-0.0501972958628442,-0.04398826979472137,0.2227386095215231
305,9.637489780564565,-0.680924940781281,-0.014765248453914102,-0.14484182430950227,-0.0532465693580698,-0.024437927663734094,0.22409127634658643
306,9.5698394857512,-0.6697266986540448,-0.0147086211690131,-0.1442863709660703,-0.0517242755229145,-0.014662756598240456,0.2196772153403556
307,9.500231494924966,-0.6692939281457501,-0.014651993884112102,-0.14373091715996258,-0.0510691151506367,-0.03421309872922773,0.21378605140700027
308,9.433887836199794,-0.65859144861626,-0.014643999627829998,-0.1436525019191239,-0.0503281408850271,-0.04398826979472137,0.21457255355299662
309,9.36746091490244,-0.6552982949395143,-0.0146644097488418,-0.14385270370808445,-0.0499167426746064,-0.053763440860215006,0.2165016388712076
310,9.30095468111194,-0.6501650488747092,-0.0146913979867043,-0.1441174298025385,-0.05105609564158,-0.06353861192570864,0.2185385477346844
311,9.237308277613623,-0.6379267579427429,-0.014763809044628099,-0.14482770524346322,-0.0504423079157752,-0.07331378299120228,0.2217811086432637
312,9.171114463966545,-0.650967366743532,-0.0148362201025518,-0.14553797992500297,-0.04961671087417,-0.07331378299120228,0.22620673974211375
313,9.112490631618565,-0.6172563878032425,-0.014786467666163003,-0.1450499620586538,-0.0491326180640931,-0.08308895405669592,0.22925543812353183
314,9.053666545368989,-0.6027429612490884,-0.0146557837746514,-0.1437680919943998,-0.0502678054335742,-0.08308895405669592,0.23379008758961187
315,9.00081160706191,-0.5593445262738844,-0.0145325562536957,-0.14255935874993897,-0.0490366154115749,-0.08308895405669592,0.2378280695731365
316,8.945439946210401,-0.5505281820973461,-0.0144547423164123,-0.14179608420136489,-0.0483433609639271,-0.08308895405669592,0.24146632408514532
317,8.888437187846932,-0.5714198722526478,-0.0143769283791289,-0.14103280879421426,-0.0477585324806228,-0.053763440860215006,0.2451191543731072
318,8.82735224803702,-0.5976947838103445,-0.0142902844986758,-0.1401829196405391,-0.0469073939976486,-0.04398826979472137,0.24179239375966097
319,8.775048143145554,-0.5534444417893861,-0.014197996667343898,-0.1392776678590338,-0.0460083902605106,-0.04398826979472137,0.2388208240926397
320,8.723587057174718,-0.5313398158984097,-0.014113093371404,-0.13844484997287762,-0.0455538116231726,-0.03421309872922773,0.23825838320789372
321,8.673424125683113,-0.5079017623390648,-0.0140797922831917,-0.1381181987546002,-0.0451212642461143,-0.053763440860215006,0.23586500676022618
322,8.63694326811558,-0.3981759091881535,-0.0140464911949794,-0.1377915473831549,-0.0445530914062398,-0.053763440860215006,0.23914771177599897
323,8.593742190438082,-0.4048511844761504,-0.0141085075579739,-0.1383998676218234,-0.0442986455791793,-0.053763440860215006,0.24119660390500078
324,8.557361871318035,-0.3832531292121321,-0.014230999853568902,-0.13960139640813873,-0.0437784237199181,-0.053763440860215006,0.24228246275187978
325,8.539147970022814,-0.2448577195800273,-0.0143519448053876,-0.1407877452208383,-0.0438440353420668,-0.04398826979472137,0.24329265821189036
326,8.526026597505693,-0.1898325965621554,-0.0144633147753402,-0.14188017123291674,-0.0437940622287485,-0.024437927663734094,0.24192762344330487
327,8.515229467023534,-0.1247249234998964,-0.014574684745292901,-0.14297259548521807,-0.0437772038434498,-0.014662756598240456,0.23670450564198026
328,8.499725226323518,-0.1516262625188542,-0.014632893345284302,-0.1435435609605519,-0.0436748125321823,0.004887585532746819,0.23139449068496445
329,8.486456821760362,-0.1389759462249642,-0.014656852050404698,-0.14377857065399077,-0.0435009104636738,-0.004887585532746819,0.22329152926947646
330,8.47311679167598,-0.1331790546227051,-0.014674648424234599,-0.14395313430663284,-0.0431536982016522,-0.014662756598240456,0.2198753451117817
331,8.46535897720884,-0.0910232320207181,-0.0146537174217118,-0.1437478232487324,-0.0430577322829982,-0.04398826979472137,0.21897403531141318
332,8.455205205687523,-0.0891465072466558,-0.014632786419189,-0.14354251212785504,-0.0431347544766735,-0.053763440860215006,0.22373584282577622
333,8.447793325780124,-0.0705303848711419,-0.0145875133751479,-0.1430984309660664,-0.043283061326556,-0.03421309872922773,0.22770106552090758
334,8.432323374609688,-0.1364353162764778,-0.0145280687439483,-0.14251534092646695,-0.0430464273525577,-0.03421309872922773,0.22458540990370954
335,8.425743095320449,-0.0926125231002707,-0.014483457013465399,-0.14207774589325406,-0.0427221123480904,-0.03421309872922773,0.22275693474013722
336,8.416730291361292,-0.0951603537203829,-0.0145665071376169,-0.14289238166945742,-0.0427687429740251,-0.03421309872922773,0.22191193746201152
337,8.410423725293123,-0.068453819573605,-0.0146495572617684,-0.14370701646008585,-0.0430345982503623,-0.03421309872922773,0.22098956463748365
338,8.402052637041214,-0.0744447206568277,-0.0146377456868886,-0.14359115733384012,-0.0432221248638149,-0.04398826979472137,0.22004794291526877
339,8.395510025654406,-0.0620670384995266,-0.0145705582634408,-0.14293211899644914,-0.0430165199367482,-0.053763440860215006,0.22155244918149672
340,8.386264860765824,-0.0728870257081038,-0.014511273522240298,-0.14235059716874846,-0.0424872190419524,-0.04398826979472137,0.22467228750928975
341,8.37859313131417,-0.0754052320703982,-0.014519387159380701,-0.14243018356413906,-0.0424889925837464,-0.04398826979472137,0.22398002611004775
342,8.376230255599282,-0.0408402239473811,-0.014527500796520999,-0.1425097699501523,-0.0426972431778815,-0.03421309872922773,0.22356137912317833
343,8.370831828533946,-0.0496453462937679,-0.014469048816960898,-0.1419364162954887,-0.0427649737019419,-0.04398826979472137,0.2212974623187011
344,8.369429220801948,-0.0262707148267985,-0.014371649339701502,-0.14098102676749796,-0.0427095631981757,-0.03421309872922773,0.22229960177694422
345,8.363913609396834,-0.0401892628453728,-0.0142853255845979,-0.14013427765877776,-0.0425957252343337,-0.024437927663734094,0.22061045064916981
346,8.357169586214962,-0.0458979439206956,-0.014285568199430602,-0.1401366574674374,-0.0431687348153924,-0.03421309872922773,0.21675587762780604
347,8.356647236980931,-0.0331153405615896,-0.014285810814263398,-0.1401390372760897,-0.0431308647100442,-0.024437927663734094,0.2167090993017167
348,8.346714649292483,-0.0772154883691654,-0.0143274234975258,-0.14054721592244293,-0.0430182670607087,-0.03421309872922773,0.2139990711189794
349,8.338566140552164,-0.087983358381208,-0.0143937564734139,-0.14119787531840086,-0.0433263998630397,-0.04398826979472137,0.21391994404791093
350,8.324515009037894,-0.1190178813931835,-0.014456746211091,-0.14181574035422528,-0.0436178832831232,-0.04398826979472137,0.2158054193726666
351,8.32127491294257,-0.0735336066492583,-0.0144893883995041,-0.14213592668495278,-0.0437326345131635,-0.024437927663734094,0.21631732367136336
352,8.309592631699902,-0.0947611471078313,-0.014522030587917099,-0.14245611286423168,-0.0437847934316253,-0.014662756598240456,0.21159300013036034
353,8.299530678712378,-0.1000719549849415,-0.0144993491188754,-0.14223363107788836,-0.0436419559645749,-0.014662756598240456,0.20628835626712713
354,8.287528341238968,-0.1200524050967299,-0.014443157520981999,-0.141682449221136,-0.0434828442221945,-0.024437927663734094,0.20291842769143226
355,8.271613360862474,-0.1400832143265055,-0.014377071321544,-0.1410342109143861,-0.0433943794600753,-0.024437927663734094,0.2024318517216653
356,8.26362511184432,-0.1180168637200911,-0.014248243663983001,-0.13977054103838996,-0.0430652321920545,-0.024437927663734094,0.20113863287975572
357,8.249580571987673,-0.1356998308521959,-0.014119416006421899,-0.1385068688426819,-0.0429402754785532,-0.024437927663734094,0.1993235867567961
358,8.240506610024905,-0.0977382499626773,-0.014116075166304799,-0.1384740984671483,-0.0426703049919735,-0.014662756598240456,0.19754530753888203
359,8.224903490411867,-0.1256663202746696,-0.014193770594495,-0.13923621426166588,-0.0426872740400927,-0.014662756598240456,0.1933666803343525
360,8.20977693613094,-0.1295999619976373,-0.014270740943912,-0.1399912169172303,-0.0430138001533379,-0.024437927663734094,0.18996622584474046
361,8.198987589481378,-0.1168400305191791,-0.0143430107913386,-0.14070011156349102,-0.0428849388446094,-0.004887585532746819,0.1895105914397905
362,8.187590451724502,-0.1102806704626203,-0.0144152806387653,-0.14140900547488575,-0.0429977236293411,-0.014662756598240456,0.18343232732393272
363,8.174058413239807,-0.1345276988110513,-0.0145152481826766,-0.14238958448122693,-0.0433207833755124,-0.024437927663734094,0.1808665787270162
364,8.156885521738934,-0.1597237795683578,-0.0146330256139207,-0.1435448583769589,-0.0433664595985106,-0.024437927663734094,0.18085627570109697
365,8.143319722123392,-0.1456184235854898,-0.014738560171992298,-0.14458004075093653,-0.0432049181720042,-0.024437927663734094,0.1795181787594861
366,8.114445500389918,-0.235340847254929,-0.0147673628240253,-0.14486256401900532,-0.043003672548992,-0.03421309872922773,0.17769874284503293
367,8.086498213151593,-0.2624108307276646,-0.0147961654760584,-0.14514508716689814,-0.0424749191672507,-0.03421309872922773,0.17834638409075762
368,8.056345244196212,-0.2987346758040924,-0.0147295633311764,-0.14449179132254727,-0.0419369219494527,-0.053763440860215006,0.1781965053693659
369,8.025277066870952,-0.3160730528974782,-0.014599907515709401,-0.1432200045376751,-0.0413067076873495,-0.06353861192570864,0.18233633154701456
370,7.992742350406884,-0.3248973627238729,-0.014471164805509197,-0.14195717197000493,-0.0406059120053296,-0.07331378299120228,0.1871867583060332
371,7.951300072426802,-0.3757050285407066,-0.014349572120981502,-0.14076447158355626,-0.0398931960344528,-0.07331378299120228,0.192573323198491
372,7.923797469893364,-0.2999402702481369,-0.0142279794364539,-0.13957176911593666,-0.038051170777941,-0.053763440860215006,0.19691701001916942
373,7.882806869143058,-0.3849600965061879,-0.014185912992036398,-0.1391591389418181,-0.0373413551150825,-0.04398826979472137,0.19598149117380348
374,7.826015051012479,-0.5175801861829624,-0.014194949566181602,-0.13924777880880196,-0.0368161638192278,-0.053763440860215006,0.1943866567412533
375,7.743438290362566,-0.7212240001026348,-0.014204929968327201,-0.13934567668304063,-0.0362431974710405,-0.04398826979472137,0.19711786766512263
376,7.620758347690448,-1.038406519228112,-0.0142208991753427,-0.13950231878113373,-0.0349589739059915,-0.04398826979472137,0.19736353399185755
377,7.495928748322467,-1.1910729054727076,-0.0142368683823581,-0.13965896084365056,-0.0339349367751065,-0.04398826979472137,0.1980642603488811
378,7.34410705907438,-1.4118433731488502,-0.014267089274692099,-0.13995539768892462,-0.0312177102491812,-0.07331378299120228,0.19978143643805343
379,7.189776746091799,-1.495342709194921,-0.014305937870934702,-0.1403364635261127,-0.0297318145526848,-0.04398826979472137,0.208658866350582
380,7.041112058502887,-1.4923395132135882,-0.0143529397364007,-0.14079750448882206,-0.0289420136263271,-0.04398826979472137,0.20774442549639174
381,6.874955593152966,-1.602645860128904,-0.0144670453066964,-0.14191676391683444,-0.0273345022696002,-0.04398826979472137,0.20812567611124255
382,6.714595703733403,-1.60262212682007,-0.0145811508769922,-0.14303602149708,-0.0261638367840007,-0.04398826979472137,0.21015955201317624
383,6.563368216381826,-1.534976918956937,-0.0146451958367378,-0.14366423547018342,-0.0253325125534732,-0.03421309872922773,0.21220522104877276
384,6.401877118344039,-1.5929033167636475,-0.014680724668954802,-0.14401273584664812,-0.0237689642954765,-0.03421309872922773,0.21212764423770128
385,6.242238951655918,-1.5887674839788484,-0.0147044554769668,-0.14424550994625143,-0.0227835524650567,-0.03421309872922773,0.21297531133524064
386,6.09017103588211,-1.541204702219126,-0.014630365729033501,-0.1435187676992958,-0.0220580497775969,-0.03421309872922773,0.21434606443903526
387,5.934162764952909,-1.5667573017958267,-0.0145562759811001,-0.14279202466452293,-0.02063613197247,-0.024437927663734094,0.21594412508547442
388,5.775610769245644,-1.5620285492484645,-0.0144742275282859,-0.14198721413386994,-0.0193588418899263,-0.014662756598240456,0.21532069620694808
389,5.621871601059413,-1.535006096237412,-0.0143872315341259,-0.14113387229163313,-0.0184895045141854,-0.024437927663734094,0.21322300533931235
390,5.469028096438243,-1.5373808270664588,-0.0142968598357301,-0.14024741710786434,-0.0173571668709358,-0.024437927663734094,0.2150079384696768
391,5.332420388110375,-1.419922051360399,-0.0141773188462394,-0.13907483884940294,-0.0163744016075501,-0.03421309872922773,0.21653194170425935
392,5.206525473094013,-1.3224265300166207,-0.014057777856748598,-0.13790225860355443,-0.0156379666524149,-0.024437927663734094,0.2199341895258294
393,5.0883780071496165,-1.2311785964864606,-0.0139703578993905,-0.13704475303355232,-0.0149223267839826,-0.024437927663734094,0.22015641130291513
394,4.965026594334093,-1.2368356490312409,-0.013901988250193198,-0.13637411190525517,-0.0140902543628433,-0.024437927663734094,0.2208291777633618
395,4.854473683773234,-1.1552860282120694,-0.0138296073254281,-0.1356641232902617,-0.0134453221536949,-0.024437927663734094,0.2220641185263852
396,4.755895702141722,-1.0366375820488836,-0.0137236875297492,-0.13462514869955333,-0.0129643733016913,-0.014662756598240456,0.22331395010665883
397,4.662481852223969,-0.9763743962806424,-0.0136177677340703,-0.13358617259848504,-0.0124085535995543,-0.004887585532746819,0.222255712802087
398,4.565871726395206,-0.9641192759305034,-0.013589976638901201,-0.13331356718173706,-0.0118404186903821,-0.014662756598240456,0.2197644047298679
399,4.493638789211759,-0.8009532859231345,-0.013608528365411703,-0.13349554279025133,-0.0114812154728546,-0.014662756598240456,0.2210336670743105
400,4.450511076225826,-0.5542639736824834,-0.013600800586472499,-0.1334197402944233,-0.0113289585336196,-0.014662756598240456,0.221925789203144
401,4.424303801988826,-0.3639271423305437,-0.0133824650009404,-0.13127806313787993,-0.0110903142662228,-0.014662756598240456,0.22232499054009563
402,4.39838466359852,-0.3003635784893616,-0.0131641294154084,-0.12913637972325612,-0.0108928639427616,-0.014662756598240456,0.222742665897747
403,4.390988945013437,-0.1436516956403206,-0.013072116934762599,-0.12823381495300742,-0.0107439756898448,-0.004887585532746819,0.22316615098764425
404,4.393069175151826,-0.038474900624447,-0.013059599397627901,-0.12811102839531727,-0.0107550597744648,-0.004887585532746819,0.22119764640956086
405,4.410085103143568,0.1011749647130441,-0.013047668173898,-0.1279939930624912,-0.0108178040447106,0.004887585532746819,0.22007704334903358
406,4.418266716938567,0.0853597076217776,-0.0130392603119051,-0.12791151895257943,-0.0109452013859601,0.004887585532746819,0.21708427449708234
407,4.434105463843375,0.1421345811245383,-0.0130308524499121,-0.12782904483362434,-0.0109538890023775,0.004887585532746819,0.21497405727648125
408,4.451108750334956,0.1522842311635647,-0.0130782549858199,-0.12829402408682136,-0.0110092440039038,-0.004887585532746819,0.21337605346892932
409,4.4736148703783325,0.2097744244745584,-0.013161746884313201,-0.1291130091179883,-0.0111581304306186,-0.004887585532746819,0.2141129975827678
410,4.502535401421938,0.258520480535862,-0.0132528543425856,-0.13000669533357626,-0.011355930816454,-0.004887585532746819,0.21394826848546375
411,4.529836149307543,0.2684948646655709,-0.0133916283186898,-0.1313679472302,-0.0115578052683911,0.004887585532746819,0.21324209691927498
412,4.568033715732434,0.3417038436319093,-0.0135304022947939,-0.13272919659691046,-0.0117250410303935,-0.004887585532746819,0.21015831314750386
413,4.610228190734639,0.3979845194073307,-0.0137349938235265,-0.13473605298824648,-0.0120333873832399,0.004887585532746819,0.21026107450979317
414,4.654399337758209,0.4275691607041828,-0.013982356260564302,-0.13716244546079648,-0.012320112290019,0.004887585532746819,0.20761325720922416
415,4.702456811573328,0.4652497205810929,-0.014225862477704602,-0.13955100385228278,-0.0127512626700018,-0.004887585532746819,0.20525486854846128
416,4.765844114048541,0.5815927297819059,-0.0144471732234082,-0.14172183915197298,-0.0130937338377733,-0.014662756598240456,0.2057508461332961
417,4.837961500849839,0.6817646703288182,-0.0146684839691119,-0.1438926675103487,-0.0137044014508487,-0.014662756598240456,0.2076479742328579
418,4.911563833294343,0.7215822418294877,-0.0148088238226514,-0.14526925194262172,-0.0141974225666844,-0.014662756598240456,0.20811021732054302
419,4.98193986586476,0.7157886852691191,-0.0148978641202854,-0.14614264090893062,-0.0147099675884535,-0.004887585532746819,0.20800658470929118
420,5.058050798490828,0.7422287383837951,-0.0149878157070471,-0.14702496745892946,-0.0151542527596103,-0.014662756598240456,0.20550159031484672
421,5.138210456279702,0.7834483442720124,-0.0150838793316779,-0.14796724509264694,-0.015748789580972,-0.014662756598240456,0.20615500589869779
422,5.222722615324686,0.8265465396867993,-0.0151799429563087,-0.14890952136089014,-0.016326223630726,-0.014662756598240456,0.2063932371753232
423,5.304390695265037,0.8148700012869461,-0.015218498186262502,-0.1492877044792748,-0.0169644001325024,-0.014662756598240456,0.2060418477540078
424,5.38883420948452,0.8252596579650966,-0.0152201194072456,-0.1493036068152332,-0.0167796866479841,-0.014662756598240456,0.20582256070924088
425,5.470605971730479,0.816476742131424,-0.015221989535247398,-0.14932195064577178,-0.0175571670683269,-0.024437927663734094,0.20543250725722306
426,5.538701948893527,0.714093892438902,-0.0152258379374886,-0.14935969909690244,-0.0181334151082151,-0.014662756598240456,0.20732799912013275
427,5.60823837675765,0.6964336482349828,-0.0152296863397298,-0.14939744754582107,-0.0186651095648279,-0.014662756598240456,0.205951731839692
428,5.677924531519827,0.6891883020371602,-0.015211777678391498,-0.1492217839281142,-0.019053507129196,-0.014662756598240456,0.20491124045978454
429,5.743460483936423,0.6560087914500841,-0.0151812639709047,-0.14892247902088246,-0.0195612953477988,-0.014662756598240456,0.2043286955868756
430,5.802796670075677,0.6145610031141723,-0.0151606124325505,-0.1487199107431577,-0.0198823834945118,-0.03421309872922773,0.2037342256048293
431,5.864695820686436,0.6019668442439504,-0.015224502348920898,-0.14934659849159815,-0.0202992530733736,-0.024437927663734094,0.20782554560104075
432,5.932423827867831,0.6517506376435915,-0.015288392265291202,-0.14997328563041656,-0.019970178782537,-0.024437927663734094,0.20794504879242182
433,5.995951662696681,0.6437112920427341,-0.015286166267235697,-0.14995145114111053,-0.0206089129242739,-0.024437927663734094,0.20773660688918438
434,6.070841073055983,0.7084015085290846,-0.015244299518394698,-0.14954078618773645,-0.0210434067153147,-0.014662756598240456,0.20798050795618647
435,6.149732422410238,0.7685007316900032,-0.015204300798365,-0.14914844421703943,-0.0206736026272262,-0.024437927663734094,0.20602083307157118
436,6.233327210679773,0.805419339308378,-0.0151800238278653,-0.14891031461945556,-0.0212072485969193,-0.014662756598240456,0.20715771309205386
437,6.342271344774104,1.018821488371007,-0.015155746857365699,-0.1486721849341092,-0.0218793790874913,-0.004887585532746819,0.20544233485224486
438,6.47003514791844,1.2074348520192633,-0.015090129881098799,-0.14802855600407946,-0.0228330275605188,0.004887585532746819,0.20157059129252622
439,6.5970470909851295,1.2383010121370843,-0.015000156200180501,-0.1471460140884643,-0.0236992404452061,0.004887585532746819,0.1966322047382636
440,6.729805098569682,1.3093769688483956,-0.014926273186667201,-0.14642130286425528,-0.0232480495809626,-0.004887585532746819,0.19331871698025563
441,6.858212564060262,1.2924244783726926,-0.01498652965685,-0.1470123527233601,-0.0228771173200403,-0.014662756598240456,0.19298442358968226
442,6.9815623188891225,1.2432792756793738,-0.0150467861270329,-0.14760340204868724,-0.0236007621462441,-0.024437927663734094,0.19391368323716107
443,7.106998065292025,1.239755215386489,-0.015157678064114102,-0.1486911278962579,-0.0232944787964879,-0.024437927663734094,0.19593932554153354
444,7.238404193095112,1.2915939371416256,-0.0152984830960523,-0.15007226510393765,-0.0247195435411494,-0.024437927663734094,0.19624312184405832
445,7.360044934083032,1.2432951465161144,-0.015449010729126002,-0.15154876667869177,-0.0249874969930088,-0.024437927663734094,0.19607458708949974
446,7.481050401261894,1.215324962850488,-0.0156818056639555,-0.153832208337956,-0.0257889556378059,-0.024437927663734094,0.19581147563158283
447,7.603027028729299,1.1997025951285747,-0.0159146005987851,-0.1561156416605183,-0.0267562890842696,-0.024437927663734094,0.19539980083195718
448,7.710504051652919,1.1315074290492315,-0.0161413879327146,-0.15834013963802707,-0.0275362462468263,-0.004887585532746819,0.19492794638390235
449,7.827609069336188,1.1738806863316975,-0.0163643163085802,-0.16052677816297867,-0.0271686395240337,0.004887585532746819,0.18993455482719449
450,7.933408545273554,1.1019055620760871,-0.0165868668571601,-0.1627097027344203,-0.0280250458218241,0.014662756598240456,0.18411692272951674
451,8.049578563713865,1.1355290802920863,-0.0168069265360609,-0.16486818726710478,-0.0289039364358963,0.004887585532746819,0.17768390306735068
452,8.168193956255747,1.156954726999474,-0.0170269862149617,-0.16702666381583917,-0.0300062486101852,0.014662756598240456,0.17486140034659153
453,8.285174037610938,1.1622689335809628,-0.0172802221501609,-0.16951054285279163,-0.0311888488216402,0.004887585532746819,0.16917989780451062
454,8.39388049900049,1.114478231827549,-0.0175543774142747,-0.17219959805473464,-0.0323219937298938,-0.004887585532746819,0.16610534571489638
455,8.505591273376389,1.1247928697942855,-0.0178268612514761,-0.1748722462215402,-0.0338662907262887,-0.004887585532746819,0.16483428669968792
456,8.625131583096904,1.175205012294797,-0.0180875752210657,-0.177429437902396,-0.0349245038100403,-0.024437927663734094,0.16211656493972806
457,8.732142263011978,1.0966667204523326,-0.0183482891906552,-0.17998661752305717,-0.0357601961178923,-0.014662756598240456,0.1635857330757586
458,8.843060936178183,1.097459649991268,-0.0186086243214036,-0.18254006914413284,-0.0365892784804031,-0.04398826979472137,0.16087915334139188
459,8.945145810113496,1.0287626277883049,-0.0188687208950368,-0.1850911685649585,-0.037467791275369,-0.024437927663734094,0.16500864981865804
460,9.054152381938332,1.0580434637926253,-0.0191176664302705,-0.1875328837791979,-0.0387012664772295,-0.014662756598240456,0.16213870489732438
461,9.157260237187131,1.0270746799400048,-0.0192936569869353,-0.1892590327374722,-0.0397348183224517,-0.004887585532746819,0.1569951177529407
462,9.258462612198214,1.0079245478816394,-0.019469647543600095,-0.19098517583388783,-0.0405621037470892,-0.03421309872922773,0.1513492547956399
463,9.35746309802398,0.9949846922850628,-0.019607815095674396,-0.1923403408022464,-0.0417170375299755,-0.03421309872922773,0.15403715299831858
464,9.455778825279795,1.000423910058437,-0.0197214602824664,-0.19345498453410861,-0.0431329937060911,-0.03421309872922773,0.15443713843254436
465,9.554607448823404,0.9866375611115964,-0.0198002734063362,-0.1942279903282763,-0.043732728371197,-0.03421309872922773,0.15332496746856825
466,9.649297511897164,0.978421148157266,-0.0196749751937531,-0.1929990542831537,-0.0441433894652242,-0.053763440860215006,0.15224183858236615
467,9.752689090462017,1.0102313860543473,-0.0195496769811699,-0.19177011520801404,-0.0448182311539386,-0.07331378299120228,0.15579491557781308
468,9.849948824308154,0.9932312796740608,-0.0193528935568554,-0.1898400350015076,-0.0451905935643081,-0.08308895405669592,0.1623309091642707
469,9.952543567315068,1.0140509262455943,-0.0191087761981744,-0.18744568653200133,-0.0457582145467025,-0.08308895405669592,0.16838788815226283
470,10.042841621977889,0.952176714954294,-0.018867037985119198,-0.1850746621572175,-0.0464433737977833,-0.07331378299120228,0.1724431537189049
471,10.136535205731596,0.9260953999151494,-0.0186427163000269,-0.18287445344446188,-0.0471292478015042,-0.06353861192570864,0.17353982539773896
472,10.22989018221278,0.9353047527092948,-0.0184183946149347,-0.18067423552942483,-0.0478259559460372,-0.06353861192570864,0.17306964875921393
473,10.325168976938064,0.9359840421000242,-0.0182697697490209,-0.17921647090334555,-0.0482831685251372,-0.03421309872922773,0.17397525931490745
474,10.419337479583822,0.932044609735904,-0.0181658724476684,-0.17819740750889285,-0.049040456795334,-0.04398826979472137,0.1681965334333363
475,10.507875825594216,0.8892893728889668,-0.0180574317988135,-0.17713377922002174,-0.0500876895044024,-0.024437927663734094,0.16723157023124666
476,10.601314008134793,0.9087508194741694,-0.0179101540829013,-0.1756892184573277,-0.0506260733918854,0.004887585532746819,0.16222273729669928
477,10.682225653605297,0.8332631656473708,-0.0177628763669891,-0.174244653883807,-0.0516007881698664,0.03421309872922773,0.15120656507508545
478,10.771587439676058,0.8726710023467289,-0.0175778480490519,-0.1724298094593538,-0.0517188231070146,0.014662756598240456,0.13682647697383943
479,10.85847447524084,0.9113557728823408,-0.0173712335396277,-0.170403230582514,-0.052178928481527,-0.004887585532746819,0.13129261403419973
480,10.951841753568226,0.9161428786388628,-0.0171850497519908,-0.16857704025246065,-0.0529947110446229,-0.004887585532746819,0.13015399148974588
481,11.046984618123062,0.9663676019771004,-0.0171666128392814,-0.16839620081671014,-0.0539037984272345,0.014662756598240456,0.1261162114490645
482,11.12351057821778,0.844456483162423,-0.0171481759265719,-0.16821536132371745,-0.0547401035144258,0.024437927663734094,0.11623283990153811
483,11.211795326912307,0.8645556967500626,-0.0172957381259091,-0.16966273182936376,-0.0560407460895582,0.024437927663734094,0.1055317146866765
484,11.295176964400891,0.8349006995731468,-0.017537104695807,-0.17203017876803445,-0.0573384166087899,0.004887585532746819,0.09658279292274004
485,11.384942835235377,0.8596432322971437,-0.0178171555706422,-0.17477704861308294,-0.0587918629545313,-0.004887585532746819,0.09271583073799786
486,11.46779998948118,0.8432261106565037,-0.018405547943552,-0.18054823104398215,-0.0606208766698555,-0.04398826979472137,0.08922999144462909
487,11.55036338574276,0.8292426609747019,-0.0189939403164618,-0.18631935096807722,-0.0659657171592497,-0.06353861192570864,0.09224672286344164
488,11.634197268889354,0.8509993510451204,-0.0195536465608593,-0.19180904934195495,-0.0675631108288391,-0.053763440860215006,0.09618265137459385
489,11.713989563014092,0.8123519077163486,-0.0200965172080137,-0.19713356379649558,-0.0693379288082135,-0.08308895405669592,0.09393661040387682
490,11.798794512524552,0.8280664565988569,-0.02057794918015,-0.20185543473910986,-0.0676154772894364,-0.06353861192570864,0.09928061965079141
491,11.878872683636356,0.8241471859960743,-0.0205908721636226,-0.20198218234961388,-0.0686067047353852,-0.07331378299120228,0.0975024496198075
492,11.955373298617165,0.7751252336798943,-0.0206037951470953,-0.20210892992638715,-0.0685413507447372,-0.06353861192570864,0.09828834421484851
493,12.028240346545754,0.7602196335676692,-0.0202998207603154,-0.1991275648296456,-0.0710533961599824,-0.08308895405669592,0.09631362887913172
494,12.09355030245581,0.6508788529224583,-0.0198146708847981,-0.1943692018862716,-0.0706139245648743,-0.12218963831867047,0.09974846290394028
495,12.172312583043222,0.7142078585484927,-0.0193607053030768,-0.18991665387570042,-0.0705549443415813,-0.12218963831867047,0.11153206478604023
496,12.249234168384952,0.7646085320453596,-0.0190997970119144,-0.18735761678880838,-0.0705593072443075,-0.1319648093841641,0.11876994057900858
497,12.322653416855056,0.7490714310212712,-0.0188388887207519,-0.18479856694789482,-0.0711200455418377,-0.11241446725317683,0.12616263518244752
498,12.403534545572926,0.784890079087041,-0.0186372408835146,-0.1828207489396101,-0.0715394069682714,-0.1026392961876832,0.12790280824248637
499,12.47704986974082,0.7693740524935615,-0.0184730929991492,-0.18121073539473803,-0.0722244292686014,-0.1026392961876832,0.12840055318790428
500,12.551322317813073,0.7421292796278997,-0.0183230360475823,-0.17973892583189469,-0.0731307840558508,-0.1026392961876832,0.13066831177290947
501,12.632230118714766,0.7841667960479985,-0.0182649875509525,-0.17916956536750406,-0.0739348603945459,-0.1026392961876832,0.13337653970840424
502,12.704124254188493,0.7442572976236885,-0.0182069390543227,-0.17860020429937867,-0.0742741951918122,-0.09286412512218956,0.13612224822082866
503,12.776460052534464,0.7285012774068043,-0.0182301746979838,-0.17882810813601369,-0.0756079141221305,-0.08308895405669592,0.13625242219717423
504,12.852305774901067,0.7479337057844662,-0.0183045278077915,-0.1795573904467992,-0.0771064036726538,-0.08308895405669592,0.13466104625832598
505,12.928656696115096,0.7535221574709196,-0.0183749895143335,-0.18024850354472102,-0.0780182453681739,-0.1026392961876832,0.13444113159376542
506,13.005215296544929,0.7631225763155478,-0.0184215221785747,-0.1807049117238597,-0.0785566631348672,-0.07331378299120228,0.13950076054891417
507,13.080853305548874,0.7572926057435532,-0.018468054842816,-0.18116131951172104,-0.0801244533026654,-0.07331378299120228,0.1354404764313478
508,13.15176300645348,0.728772887473994,-0.0184711745704143,-0.18119191881959848,-0.0808450776346942,-0.09286412512218956,0.13294767323354373
509,13.2224380536414,0.7187904797058765,-0.0184465872070246,-0.18095075787600368,-0.0783118744754136,-0.12218963831867047,0.13750056863984184
510,13.294078538529757,0.7200667136128214,-0.018436853511627,-0.18085528656121075,-0.0791403797979569,-0.12218963831867047,0.1470224975103965
511,13.364885524698057,0.7246170126144393,-0.0185266509900272,-0.18173604937925608,-0.0836284778809098,-0.09286412512218956,0.15175164504371197
512,13.425734507551486,0.6581159952390763,-0.0186164484684274,-0.18261681073185687,-0.0815135226999607,-0.09286412512218956,0.14878493684933283
513,13.499538321792118,0.6977335322824876,-0.018710036308978,-0.1835347475577936,-0.0869220993727585,-0.09286412512218956,0.14716896196191548
514,13.566457606204194,0.6874777428699672,-0.0188061013240897,-0.18447697956206924,-0.0841920594818484,-0.11241446725317683,0.14813717962680054
515,13.63151312216003,0.6628098841084614,-0.0188655621746385,-0.18506018703290214,-0.0851961274054403,-0.11241446725317683,0.15363727666324256
516,13.698364713203878,0.6565203095664919,-0.0186865230587423,-0.183304122895011,-0.0784979493471501,-0.1026392961876832,0.15896302227111442
517,13.766914530421792,0.6882011188589233,-0.0185074839428462,-0.18154805288130624,-0.0792981875837545,-0.11241446725317683,0.16015042844769875
518,13.831630459624336,0.6711420473277521,-0.0182301431706564,-0.1788277989043238,-0.0798298401642881,-0.16129032258064502,0.16416097408844077
519,13.896735598063415,0.6407101371087258,-0.0178898007454763,-0.17548958420378707,-0.0801413159533834,-0.17106549364613866,0.17966192312531876
520,13.965543570944488,0.6680834134966742,-0.0175598693536578,-0.17225346567659955,-0.079960161252825,-0.21994134897360684,0.19276016673896326
521,14.040022480861724,0.7184598905107175,-0.0173114420476654,-0.16981676423916658,-0.0803315540288143,-0.2101661779081132,0.2141364651813533
522,14.096453348210854,0.6189810056488644,-0.0170630147416731,-0.16738005232130182,-0.0808788637798825,-0.1808406647116323,0.228170140833453
523,14.17090468364045,0.7016937639820269,-0.0168142144686304,-0.1649396717838284,-0.0812093229795347,-0.11241446725317683,0.2333750354431341
524,14.232280670324757,0.6514344720646346,-0.0165651866385018,-0.16249704900759637,-0.0818332741564804,-0.11241446725317683,0.22505626710958174
525,14.297192093259168,0.6620865849926648,-0.0163068285603164,-0.15996289859684706,-0.0832603952708382,-0.09286412512218956,0.2241093652319005
526,14.362217770282813,0.6420366503082185,-0.0159694127016608,-0.15665328006267784,-0.083833807669598,-0.053763440860215006,0.22207918641487462
527,14.42704824457963,0.6572110615864991,-0.0156319968430053,-0.1533436436936181,-0.0849765579993309,0.024437927663734094,0.21217674799886393
528,14.496651917495356,0.6890159359045064,-0.0152746903280718,-0.14983888532077244,-0.0852412691655492,0.053763440860215006,0.18793374296657134
529,14.556124701215117,0.6417759804276137,-0.014905994625428598,-0.14622239230846884,-0.0852789981967943,0.1026392961876832,0.16570121644095445
530,14.625830044177512,0.6730500082383272,-0.014556184852344799,-0.142791130786141,-0.0858572764299528,0.053763440860215006,0.13827282037551236
531,14.68859196555834,0.6389216465770391,-0.014362347960425,-0.1408897896537617,-0.0863344265908444,0.12218963831867047,0.12851458068534713
532,14.757928271883932,0.6667805993767596,-0.014168511068505198,-0.13898844322776688,-0.087519208109336,0.1319648093841641,0.10022406840164852
533,14.815638557265665,0.6096960662450177,-0.014080634196896398,-0.13812645710935634,-0.0883956132022454,0.21994134897360684,0.07298612044273614
534,14.876729059248804,0.6088771206434093,-0.0140528083007505,-0.1378535120745787,-0.0895036875713064,0.1808406647116323,0.02882706806974193
535,14.941140324626751,0.626452455211738,-0.014040092664877,-0.13772878399227026,-0.095732395438037,0.1319648093841641,0.001116098163098929
536,14.998692260653586,0.5927696266300996,-0.0141498735134705,-0.13880562714014394,-0.1013507075320221,0.014662756598240456,-0.014330667640417167
537,15.06350589784901,0.649099278223336,-0.014259654362064,-0.1398824686151551,-0.102408095650054,-0.03421309872922773,-0.007238360691031376
538,15.111665084119688,0.5573056104254348,-0.014353251568724,-0.14080056324881693,-0.1081584286071161,-0.04398826979472137,-0.002348102274824288
539,15.16947321473913,0.5706492498881136,-0.0144374839493056,-0.1416267972858452,-0.1099751842467948,-0.1319648093841641,-0.005531046043934389
540,15.22617556017036,0.5563457022286508,-0.0145091446696333,-0.14232971532316296,-0.111860311191159,-0.17106549364613866,0.009126180388535469
541,15.279472951521925,0.5359030288554174,-0.014486394562303601,-0.1421065602242808,-0.1162226509277493,-0.22971652003910048,0.02410615445316813
542,15.340193500035452,0.5890218151026012,-0.014463644454974,-0.14188340505184993,-0.1211454224199656,-0.16129032258064502,0.044433808670832846
543,15.39238872175492,0.5442351578156864,-0.0144609777778469,-0.14185724768498856,-0.1345228734125619,-0.16129032258064502,0.038342033017331315
544,15.452897488899485,0.5784278795920087,-0.0144712825607802,-0.1419583270282589,-0.1400701682247905,-0.1808406647116323,0.03534073922167457
545,15.494690783708874,0.457185464754687,-0.0145174667780862,-0.14241134660908553,-0.1487800898174611,-0.3176930596285432,0.03979212980248455
546,15.525981836903478,0.3579334673091944,-0.014786735708852299,-0.14505259126997952,-0.1494770176650879,-0.23949169110459412,0.07652235261119922
547,15.553380547938408,0.3070164035147163,-0.015056004639618401,-0.14769382541372564,-0.1534316437697052,-0.2101661779081132,0.08067844586210374
548,15.576028787644086,0.2618974044844077,-0.0153718820678319,-0.1507922243530127,-0.1545883484953468,-0.16129032258064502,0.07755348614312496
549,15.60313079795804,0.2709631396561638,-0.0157173735028058,-0.1541810858374836,-0.1544862364493038,-0.1319648093841641,0.06969246566042421
550,15.62744739277831,0.2541096094400614,-0.016038013338239,-0.15732616612878525,-0.1541297120391738,-0.1026392961876832,0.06077737059334587
551,15.654810406019266,0.2610835572266533,-0.0161985737326575,-0.1589010589960906,-0.1589541504572912,-0.21994134897360684,0.0487612356314355
552,15.680699263732135,0.2604896153717997,-0.016359134127076,-0.16047594776698382,-0.1674125049967905,-0.15151515151515138,0.0676599777445357
553,15.702847456992442,0.22986446888309,-0.0165793860969398,-0.16263632656704163,-0.1805065640869499,-0.014662756598240456,0.058953676064513016
554,15.731706338953732,0.2474939956527082,-0.0168381838953471,-0.1651747785741547,-0.1841227498089549,-0.08308895405669592,0.01774056469563891
555,15.756004122272577,0.2439424969794124,-0.0170821082501964,-0.16756733234312285,-0.1836923629567095,-0.004887585532746819,0.010013024003894535
556,15.778607067975278,0.2269135133295838,-0.0172369670472189,-0.16908627348704966,-0.1885771405587999,-0.12218963831867047,-0.016504765280141234
557,15.80924640344343,0.2799110003442771,-0.0173918258442413,-0.17060521057607575,-0.1874189295384754,-0.2590420332355814,-0.010609902686314579
558,15.827878638401865,0.2181190472681579,-0.0170748179386211,-0.16749582481627653,-0.1952672318947437,-0.32746823069403685,0.020364552573111587
559,15.843020718609615,0.1612112363895558,-0.0164614670835786,-0.16147969890060004,-0.1928625813414006,-0.34701857282502413,0.05072031483176466
560,15.85036312863497,0.1088694821497016,-0.0158297536366071,-0.1552833978047425,-0.1900006908249703,-0.3176930596285432,0.07335867501232868
561,15.844202532939596,-0.0139674570211233,-0.015081699296087402,-0.14794586137603127,-0.1912205002061718,-0.23949169110459412,0.08285634347884804
562,15.84594496847495,0.0024935581634697,-0.0143336449555676,-0.14060824215899417,-0.1891346146017435,-0.17106549364613866,0.07546475045794399
563,15.834009182624438,-0.0809714116046683,-0.0138018187747493,-0.13539154362435615,-0.1814536670324215,-0.15151515151515138,0.06176598704032415
564,15.823856994012615,-0.0865832777749951,-0.0134083362297021,-0.13153183712213226,-0.1794931989671717,-0.09286412512218956,0.05325092193366333
565,15.811732848442386,-0.1110771347129504,-0.0130716396311809,-0.12822913300491104,-0.1774225471197513,-0.09286412512218956,0.03582840322295618
566,15.799745617825415,-0.1159442579284157,-0.013183962165289501,-0.12933092211641617,-0.1773291223627368,-0.1026392961876832,0.024396409963483825
567,15.79468493733516,-0.0803412151097679,-0.0132962846993981,-0.1304327095962369,-0.1777186483312493,-0.22971652003910048,0.018226187865020293
568,15.796763930216082,-0.0341132917306381,-0.013462631104879,-0.13206442177491717,-0.1781885024256524,-0.23949169110459412,0.04185467532200112
569,15.781385263151614,-0.1141643990657761,-0.013659574311343601,-0.13399625697796588,-0.1701969422459534,-0.20039100684261957,0.0580172166418043
570,15.777733653971271,-0.0609747966993704,-0.013841691380604699,-0.13578265652551472,-0.1709945406723322,-0.21994134897360684,0.05623294387308207
571,15.7647150544523,-0.0994597494556373,-0.013906777147730498,-0.1364210864488923,-0.1706658177650208,-0.17106549364613866,0.06186871524689636
572,15.754677221679088,-0.098204748584662,-0.0139718629148562,-0.1370595157943678,-0.1716104569217918,-0.16129032258064502,0.05579329914959891
573,15.750040966286145,-0.0632164457941716,-0.013994054767694,-0.13727719658815235,-0.1720661326510013,-0.17106549364613866,0.05062245169005076
574,15.744466217707146,-0.0518188816956079,-0.0139926956183833,-0.13726386463881574,-0.1720624161122931,-0.15151515151515138,0.05136912660311271
575,15.731667393339167,-0.0939475293667962,-0.013981912960700203,-0.13715809711421537,-0.1710228613641542,-0.15151515151515138,0.04730810485287065
576,15.72005790157443,-0.1005116928621473,-0.0138934356027977,-0.13629021853680856,-0.1649459058867162,-0.15151515151515138,0.0458468853622194
577,15.69550984371664,-0.1943615394703759,-0.013804958244895301,-0.13542233889248984,-0.1635436931703922,-0.09286412512218956,0.045165224042717535
578,15.675230401920263,-0.202169355338179,-0.0138595742868004,-0.13595807100818738,-0.1445956632304107,-0.1026392961876832,0.03442856200953739
579,15.656204665590504,-0.192317247620462,-0.013994347640272499,-0.13728006938682338,-0.1081661895871386,-0.07331378299120228,0.038332673406228625
580,15.636419777949484,-0.1918035966968376,-0.014117818678098502,-0.1384912006135751,-0.0960728595120562,-0.07331378299120228,0.03605864192046924
581,15.618271867554826,-0.1738193251739259,-0.014156286072805899,-0.1388685280468684,-0.0962808403571988,-0.1026392961876832,0.03281909719842521
582,15.59388624192146,-0.2201154028102274,-0.014194753467513302,-0.13924585527467231,-0.0964687857100167,-0.07331378299120228,0.03756265989519944
583,15.573031094644625,-0.2099087455328389,-0.014226986836493498,-0.13956203269583753,-0.0964127916562178,-0.1026392961876832,0.032640778406151184
584,15.540598059032956,-0.2772341476397285,-0.0142556631701091,-0.13984331900159766,-0.0963088396283012,-0.14173998044965774,0.035901523609391695
585,15.508168932976528,-0.2997781290286764,-0.0142870042692644,-0.14015074387488108,-0.0958141844940561,-0.20039100684261957,0.04767640305610811
586,15.47446726908785,-0.3263915856095203,-0.0143394169619676,-0.14066485972280257,-0.0950346740665104,-0.1808406647116323,0.06874972555023073
587,15.427204475669964,-0.4261260281577551,-0.0143918296546709,-0.14117897518430594,-0.0939108194466426,-0.19061583577712593,0.07797596730163764
588,15.386343092888971,-0.433238068274896,-0.014513338883099598,-0.1423708562252411,-0.0935185308808469,-0.1808406647116323,0.08815287322081929
589,15.327779024238271,-0.5280132003221958,-0.014674532189506,-0.14395199416671722,-0.0926368915517398,-0.15151515151515138,0.09624924439069998
590,15.267505870057036,-0.5731673187406492,-0.014822692335537499,-0.14540528712235176,-0.0918913638398842,-0.16129032258064502,0.09768190803738143
591,15.216254981355512,-0.5296529956289364,-0.0148823195020303,-0.1459901651084847,-0.0912079939034014,-0.16129032258064502,0.10466051449670132
592,15.159128511244704,-0.5573055754941768,-0.014941946668523099,-0.14657504257556433,-0.0912085122201963,-0.19061583577712593,0.11222292460486605
593,15.102511467304932,-0.5622079666784948,-0.015099887894173302,-0.14812427120650534,-0.1038697266312937,-0.1808406647116323,0.1232638384761836
594,15.044889432616452,-0.5768443915484394,-0.0153193900168889,-0.1502773379641935,-0.10322101164741,-0.16129032258064502,0.13061305485464256
595,14.980720333388476,-0.6182966041211637,-0.0155187017878736,-0.15223235401171586,-0.1022491738231126,-0.12218963831867047,0.13339531994652049
596,14.910169729963016,-0.6650865558460944,-0.015593579417988999,-0.15296681468665638,-0.1007099751892286,-0.07331378299120228,0.12922489457202127
597,14.824448254545391,-0.806415219797162,-0.0156684570481044,-0.15370127450396406,-0.1075652937444772,-0.08308895405669592,0.1158951580670592
598,14.729282808971622,-0.9038436555841004,-0.0157433346782198,-0.15443573345952105,-0.109194318091364,-0.06353861192570864,0.11148762228185058
599,14.639990187037007,-0.8983239395369307,-0.0158182123083351,-0.15517019154920847,-0.1067160020483465,-0.07331378299120228,0.10517740134118125
